
Mini_Project_4.elf:     file format elf32-avr

Sections:
Idx Name          Size      VMA       LMA       File off  Algn
  0 .text         000033c6  00000000  00000000  00000094  2**1
                  CONTENTS, ALLOC, LOAD, READONLY, CODE
  1 .data         00000120  00800060  000033c6  0000345a  2**0
                  CONTENTS, ALLOC, LOAD, DATA
  2 .bss          00000005  00800180  00800180  0000357a  2**0
                  ALLOC
  3 .stab         00002970  00000000  00000000  0000357c  2**2
                  CONTENTS, READONLY, DEBUGGING
  4 .stabstr      00000f38  00000000  00000000  00005eec  2**0
                  CONTENTS, READONLY, DEBUGGING
  5 .debug_aranges 000001a0  00000000  00000000  00006e24  2**0
                  CONTENTS, READONLY, DEBUGGING
  6 .debug_pubnames 000001f2  00000000  00000000  00006fc4  2**0
                  CONTENTS, READONLY, DEBUGGING
  7 .debug_info   0000240b  00000000  00000000  000071b6  2**0
                  CONTENTS, READONLY, DEBUGGING
  8 .debug_abbrev 00001386  00000000  00000000  000095c1  2**0
                  CONTENTS, READONLY, DEBUGGING
  9 .debug_line   000011d6  00000000  00000000  0000a947  2**0
                  CONTENTS, READONLY, DEBUGGING
 10 .debug_frame  000001c0  00000000  00000000  0000bb20  2**2
                  CONTENTS, READONLY, DEBUGGING
 11 .debug_str    000002f6  00000000  00000000  0000bce0  2**0
                  CONTENTS, READONLY, DEBUGGING
 12 .debug_loc    0000096e  00000000  00000000  0000bfd6  2**0
                  CONTENTS, READONLY, DEBUGGING
 13 .debug_ranges 00000050  00000000  00000000  0000c944  2**0
                  CONTENTS, READONLY, DEBUGGING

Disassembly of section .text:

00000000 <__vectors>:
       0:	0c 94 2a 00 	jmp	0x54	; 0x54 <__ctors_end>
       4:	0c 94 47 00 	jmp	0x8e	; 0x8e <__bad_interrupt>
       8:	0c 94 47 00 	jmp	0x8e	; 0x8e <__bad_interrupt>
       c:	0c 94 47 00 	jmp	0x8e	; 0x8e <__bad_interrupt>
      10:	0c 94 47 00 	jmp	0x8e	; 0x8e <__bad_interrupt>
      14:	0c 94 47 00 	jmp	0x8e	; 0x8e <__bad_interrupt>
      18:	0c 94 1b 0c 	jmp	0x1836	; 0x1836 <__vector_6>
      1c:	0c 94 47 00 	jmp	0x8e	; 0x8e <__bad_interrupt>
      20:	0c 94 47 00 	jmp	0x8e	; 0x8e <__bad_interrupt>
      24:	0c 94 47 00 	jmp	0x8e	; 0x8e <__bad_interrupt>
      28:	0c 94 47 00 	jmp	0x8e	; 0x8e <__bad_interrupt>
      2c:	0c 94 47 00 	jmp	0x8e	; 0x8e <__bad_interrupt>
      30:	0c 94 47 00 	jmp	0x8e	; 0x8e <__bad_interrupt>
      34:	0c 94 47 00 	jmp	0x8e	; 0x8e <__bad_interrupt>
      38:	0c 94 47 00 	jmp	0x8e	; 0x8e <__bad_interrupt>
      3c:	0c 94 47 00 	jmp	0x8e	; 0x8e <__bad_interrupt>
      40:	0c 94 47 00 	jmp	0x8e	; 0x8e <__bad_interrupt>
      44:	0c 94 47 00 	jmp	0x8e	; 0x8e <__bad_interrupt>
      48:	0c 94 47 00 	jmp	0x8e	; 0x8e <__bad_interrupt>
      4c:	0c 94 47 00 	jmp	0x8e	; 0x8e <__bad_interrupt>
      50:	0c 94 47 00 	jmp	0x8e	; 0x8e <__bad_interrupt>

00000054 <__ctors_end>:
      54:	11 24       	eor	r1, r1
      56:	1f be       	out	0x3f, r1	; 63
      58:	cf e5       	ldi	r28, 0x5F	; 95
      5a:	d8 e0       	ldi	r29, 0x08	; 8
      5c:	de bf       	out	0x3e, r29	; 62
      5e:	cd bf       	out	0x3d, r28	; 61

00000060 <__do_copy_data>:
      60:	11 e0       	ldi	r17, 0x01	; 1
      62:	a0 e6       	ldi	r26, 0x60	; 96
      64:	b0 e0       	ldi	r27, 0x00	; 0
      66:	e6 ec       	ldi	r30, 0xC6	; 198
      68:	f3 e3       	ldi	r31, 0x33	; 51
      6a:	02 c0       	rjmp	.+4      	; 0x70 <.do_copy_data_start>

0000006c <.do_copy_data_loop>:
      6c:	05 90       	lpm	r0, Z+
      6e:	0d 92       	st	X+, r0

00000070 <.do_copy_data_start>:
      70:	a0 38       	cpi	r26, 0x80	; 128
      72:	b1 07       	cpc	r27, r17
      74:	d9 f7       	brne	.-10     	; 0x6c <.do_copy_data_loop>

00000076 <__do_clear_bss>:
      76:	11 e0       	ldi	r17, 0x01	; 1
      78:	a0 e8       	ldi	r26, 0x80	; 128
      7a:	b1 e0       	ldi	r27, 0x01	; 1
      7c:	01 c0       	rjmp	.+2      	; 0x80 <.do_clear_bss_start>

0000007e <.do_clear_bss_loop>:
      7e:	1d 92       	st	X+, r1

00000080 <.do_clear_bss_start>:
      80:	a5 38       	cpi	r26, 0x85	; 133
      82:	b1 07       	cpc	r27, r17
      84:	e1 f7       	brne	.-8      	; 0x7e <.do_clear_bss_loop>
      86:	0e 94 17 07 	call	0xe2e	; 0xe2e <main>
      8a:	0c 94 e1 19 	jmp	0x33c2	; 0x33c2 <_exit>

0000008e <__bad_interrupt>:
      8e:	0c 94 00 00 	jmp	0	; 0x0 <__vectors>

00000092 <__fixunssfsi>:
      92:	ef 92       	push	r14
      94:	ff 92       	push	r15
      96:	0f 93       	push	r16
      98:	1f 93       	push	r17
      9a:	7b 01       	movw	r14, r22
      9c:	8c 01       	movw	r16, r24
      9e:	20 e0       	ldi	r18, 0x00	; 0
      a0:	30 e0       	ldi	r19, 0x00	; 0
      a2:	40 e0       	ldi	r20, 0x00	; 0
      a4:	5f e4       	ldi	r21, 0x4F	; 79
      a6:	0e 94 f5 03 	call	0x7ea	; 0x7ea <__gesf2>
      aa:	88 23       	and	r24, r24
      ac:	8c f0       	brlt	.+34     	; 0xd0 <__fixunssfsi+0x3e>
      ae:	c8 01       	movw	r24, r16
      b0:	b7 01       	movw	r22, r14
      b2:	20 e0       	ldi	r18, 0x00	; 0
      b4:	30 e0       	ldi	r19, 0x00	; 0
      b6:	40 e0       	ldi	r20, 0x00	; 0
      b8:	5f e4       	ldi	r21, 0x4F	; 79
      ba:	0e 94 c1 01 	call	0x382	; 0x382 <__subsf3>
      be:	0e 94 55 04 	call	0x8aa	; 0x8aa <__fixsfsi>
      c2:	9b 01       	movw	r18, r22
      c4:	ac 01       	movw	r20, r24
      c6:	20 50       	subi	r18, 0x00	; 0
      c8:	30 40       	sbci	r19, 0x00	; 0
      ca:	40 40       	sbci	r20, 0x00	; 0
      cc:	50 48       	sbci	r21, 0x80	; 128
      ce:	06 c0       	rjmp	.+12     	; 0xdc <__fixunssfsi+0x4a>
      d0:	c8 01       	movw	r24, r16
      d2:	b7 01       	movw	r22, r14
      d4:	0e 94 55 04 	call	0x8aa	; 0x8aa <__fixsfsi>
      d8:	9b 01       	movw	r18, r22
      da:	ac 01       	movw	r20, r24
      dc:	b9 01       	movw	r22, r18
      de:	ca 01       	movw	r24, r20
      e0:	1f 91       	pop	r17
      e2:	0f 91       	pop	r16
      e4:	ff 90       	pop	r15
      e6:	ef 90       	pop	r14
      e8:	08 95       	ret

000000ea <_fpadd_parts>:
      ea:	a0 e0       	ldi	r26, 0x00	; 0
      ec:	b0 e0       	ldi	r27, 0x00	; 0
      ee:	eb e7       	ldi	r30, 0x7B	; 123
      f0:	f0 e0       	ldi	r31, 0x00	; 0
      f2:	0c 94 65 19 	jmp	0x32ca	; 0x32ca <__prologue_saves__>
      f6:	dc 01       	movw	r26, r24
      f8:	2b 01       	movw	r4, r22
      fa:	fa 01       	movw	r30, r20
      fc:	9c 91       	ld	r25, X
      fe:	92 30       	cpi	r25, 0x02	; 2
     100:	08 f4       	brcc	.+2      	; 0x104 <_fpadd_parts+0x1a>
     102:	39 c1       	rjmp	.+626    	; 0x376 <_fpadd_parts+0x28c>
     104:	eb 01       	movw	r28, r22
     106:	88 81       	ld	r24, Y
     108:	82 30       	cpi	r24, 0x02	; 2
     10a:	08 f4       	brcc	.+2      	; 0x10e <_fpadd_parts+0x24>
     10c:	33 c1       	rjmp	.+614    	; 0x374 <_fpadd_parts+0x28a>
     10e:	94 30       	cpi	r25, 0x04	; 4
     110:	69 f4       	brne	.+26     	; 0x12c <_fpadd_parts+0x42>
     112:	84 30       	cpi	r24, 0x04	; 4
     114:	09 f0       	breq	.+2      	; 0x118 <_fpadd_parts+0x2e>
     116:	2f c1       	rjmp	.+606    	; 0x376 <_fpadd_parts+0x28c>
     118:	11 96       	adiw	r26, 0x01	; 1
     11a:	9c 91       	ld	r25, X
     11c:	11 97       	sbiw	r26, 0x01	; 1
     11e:	89 81       	ldd	r24, Y+1	; 0x01
     120:	98 17       	cp	r25, r24
     122:	09 f4       	brne	.+2      	; 0x126 <_fpadd_parts+0x3c>
     124:	28 c1       	rjmp	.+592    	; 0x376 <_fpadd_parts+0x28c>
     126:	a8 e7       	ldi	r26, 0x78	; 120
     128:	b0 e0       	ldi	r27, 0x00	; 0
     12a:	25 c1       	rjmp	.+586    	; 0x376 <_fpadd_parts+0x28c>
     12c:	84 30       	cpi	r24, 0x04	; 4
     12e:	09 f4       	brne	.+2      	; 0x132 <_fpadd_parts+0x48>
     130:	21 c1       	rjmp	.+578    	; 0x374 <_fpadd_parts+0x28a>
     132:	82 30       	cpi	r24, 0x02	; 2
     134:	a9 f4       	brne	.+42     	; 0x160 <_fpadd_parts+0x76>
     136:	92 30       	cpi	r25, 0x02	; 2
     138:	09 f0       	breq	.+2      	; 0x13c <_fpadd_parts+0x52>
     13a:	1d c1       	rjmp	.+570    	; 0x376 <_fpadd_parts+0x28c>
     13c:	9a 01       	movw	r18, r20
     13e:	ad 01       	movw	r20, r26
     140:	88 e0       	ldi	r24, 0x08	; 8
     142:	ea 01       	movw	r28, r20
     144:	09 90       	ld	r0, Y+
     146:	ae 01       	movw	r20, r28
     148:	e9 01       	movw	r28, r18
     14a:	09 92       	st	Y+, r0
     14c:	9e 01       	movw	r18, r28
     14e:	81 50       	subi	r24, 0x01	; 1
     150:	c1 f7       	brne	.-16     	; 0x142 <_fpadd_parts+0x58>
     152:	e2 01       	movw	r28, r4
     154:	89 81       	ldd	r24, Y+1	; 0x01
     156:	11 96       	adiw	r26, 0x01	; 1
     158:	9c 91       	ld	r25, X
     15a:	89 23       	and	r24, r25
     15c:	81 83       	std	Z+1, r24	; 0x01
     15e:	08 c1       	rjmp	.+528    	; 0x370 <_fpadd_parts+0x286>
     160:	92 30       	cpi	r25, 0x02	; 2
     162:	09 f4       	brne	.+2      	; 0x166 <_fpadd_parts+0x7c>
     164:	07 c1       	rjmp	.+526    	; 0x374 <_fpadd_parts+0x28a>
     166:	12 96       	adiw	r26, 0x02	; 2
     168:	2d 90       	ld	r2, X+
     16a:	3c 90       	ld	r3, X
     16c:	13 97       	sbiw	r26, 0x03	; 3
     16e:	eb 01       	movw	r28, r22
     170:	8a 81       	ldd	r24, Y+2	; 0x02
     172:	9b 81       	ldd	r25, Y+3	; 0x03
     174:	14 96       	adiw	r26, 0x04	; 4
     176:	ad 90       	ld	r10, X+
     178:	bd 90       	ld	r11, X+
     17a:	cd 90       	ld	r12, X+
     17c:	dc 90       	ld	r13, X
     17e:	17 97       	sbiw	r26, 0x07	; 7
     180:	ec 80       	ldd	r14, Y+4	; 0x04
     182:	fd 80       	ldd	r15, Y+5	; 0x05
     184:	0e 81       	ldd	r16, Y+6	; 0x06
     186:	1f 81       	ldd	r17, Y+7	; 0x07
     188:	91 01       	movw	r18, r2
     18a:	28 1b       	sub	r18, r24
     18c:	39 0b       	sbc	r19, r25
     18e:	b9 01       	movw	r22, r18
     190:	37 ff       	sbrs	r19, 7
     192:	04 c0       	rjmp	.+8      	; 0x19c <_fpadd_parts+0xb2>
     194:	66 27       	eor	r22, r22
     196:	77 27       	eor	r23, r23
     198:	62 1b       	sub	r22, r18
     19a:	73 0b       	sbc	r23, r19
     19c:	60 32       	cpi	r22, 0x20	; 32
     19e:	71 05       	cpc	r23, r1
     1a0:	0c f0       	brlt	.+2      	; 0x1a4 <_fpadd_parts+0xba>
     1a2:	61 c0       	rjmp	.+194    	; 0x266 <_fpadd_parts+0x17c>
     1a4:	12 16       	cp	r1, r18
     1a6:	13 06       	cpc	r1, r19
     1a8:	6c f5       	brge	.+90     	; 0x204 <_fpadd_parts+0x11a>
     1aa:	37 01       	movw	r6, r14
     1ac:	48 01       	movw	r8, r16
     1ae:	06 2e       	mov	r0, r22
     1b0:	04 c0       	rjmp	.+8      	; 0x1ba <_fpadd_parts+0xd0>
     1b2:	96 94       	lsr	r9
     1b4:	87 94       	ror	r8
     1b6:	77 94       	ror	r7
     1b8:	67 94       	ror	r6
     1ba:	0a 94       	dec	r0
     1bc:	d2 f7       	brpl	.-12     	; 0x1b2 <_fpadd_parts+0xc8>
     1be:	21 e0       	ldi	r18, 0x01	; 1
     1c0:	30 e0       	ldi	r19, 0x00	; 0
     1c2:	40 e0       	ldi	r20, 0x00	; 0
     1c4:	50 e0       	ldi	r21, 0x00	; 0
     1c6:	04 c0       	rjmp	.+8      	; 0x1d0 <_fpadd_parts+0xe6>
     1c8:	22 0f       	add	r18, r18
     1ca:	33 1f       	adc	r19, r19
     1cc:	44 1f       	adc	r20, r20
     1ce:	55 1f       	adc	r21, r21
     1d0:	6a 95       	dec	r22
     1d2:	d2 f7       	brpl	.-12     	; 0x1c8 <_fpadd_parts+0xde>
     1d4:	21 50       	subi	r18, 0x01	; 1
     1d6:	30 40       	sbci	r19, 0x00	; 0
     1d8:	40 40       	sbci	r20, 0x00	; 0
     1da:	50 40       	sbci	r21, 0x00	; 0
     1dc:	2e 21       	and	r18, r14
     1de:	3f 21       	and	r19, r15
     1e0:	40 23       	and	r20, r16
     1e2:	51 23       	and	r21, r17
     1e4:	21 15       	cp	r18, r1
     1e6:	31 05       	cpc	r19, r1
     1e8:	41 05       	cpc	r20, r1
     1ea:	51 05       	cpc	r21, r1
     1ec:	21 f0       	breq	.+8      	; 0x1f6 <_fpadd_parts+0x10c>
     1ee:	21 e0       	ldi	r18, 0x01	; 1
     1f0:	30 e0       	ldi	r19, 0x00	; 0
     1f2:	40 e0       	ldi	r20, 0x00	; 0
     1f4:	50 e0       	ldi	r21, 0x00	; 0
     1f6:	79 01       	movw	r14, r18
     1f8:	8a 01       	movw	r16, r20
     1fa:	e6 28       	or	r14, r6
     1fc:	f7 28       	or	r15, r7
     1fe:	08 29       	or	r16, r8
     200:	19 29       	or	r17, r9
     202:	3c c0       	rjmp	.+120    	; 0x27c <_fpadd_parts+0x192>
     204:	23 2b       	or	r18, r19
     206:	d1 f1       	breq	.+116    	; 0x27c <_fpadd_parts+0x192>
     208:	26 0e       	add	r2, r22
     20a:	37 1e       	adc	r3, r23
     20c:	35 01       	movw	r6, r10
     20e:	46 01       	movw	r8, r12
     210:	06 2e       	mov	r0, r22
     212:	04 c0       	rjmp	.+8      	; 0x21c <_fpadd_parts+0x132>
     214:	96 94       	lsr	r9
     216:	87 94       	ror	r8
     218:	77 94       	ror	r7
     21a:	67 94       	ror	r6
     21c:	0a 94       	dec	r0
     21e:	d2 f7       	brpl	.-12     	; 0x214 <_fpadd_parts+0x12a>
     220:	21 e0       	ldi	r18, 0x01	; 1
     222:	30 e0       	ldi	r19, 0x00	; 0
     224:	40 e0       	ldi	r20, 0x00	; 0
     226:	50 e0       	ldi	r21, 0x00	; 0
     228:	04 c0       	rjmp	.+8      	; 0x232 <_fpadd_parts+0x148>
     22a:	22 0f       	add	r18, r18
     22c:	33 1f       	adc	r19, r19
     22e:	44 1f       	adc	r20, r20
     230:	55 1f       	adc	r21, r21
     232:	6a 95       	dec	r22
     234:	d2 f7       	brpl	.-12     	; 0x22a <_fpadd_parts+0x140>
     236:	21 50       	subi	r18, 0x01	; 1
     238:	30 40       	sbci	r19, 0x00	; 0
     23a:	40 40       	sbci	r20, 0x00	; 0
     23c:	50 40       	sbci	r21, 0x00	; 0
     23e:	2a 21       	and	r18, r10
     240:	3b 21       	and	r19, r11
     242:	4c 21       	and	r20, r12
     244:	5d 21       	and	r21, r13
     246:	21 15       	cp	r18, r1
     248:	31 05       	cpc	r19, r1
     24a:	41 05       	cpc	r20, r1
     24c:	51 05       	cpc	r21, r1
     24e:	21 f0       	breq	.+8      	; 0x258 <_fpadd_parts+0x16e>
     250:	21 e0       	ldi	r18, 0x01	; 1
     252:	30 e0       	ldi	r19, 0x00	; 0
     254:	40 e0       	ldi	r20, 0x00	; 0
     256:	50 e0       	ldi	r21, 0x00	; 0
     258:	59 01       	movw	r10, r18
     25a:	6a 01       	movw	r12, r20
     25c:	a6 28       	or	r10, r6
     25e:	b7 28       	or	r11, r7
     260:	c8 28       	or	r12, r8
     262:	d9 28       	or	r13, r9
     264:	0b c0       	rjmp	.+22     	; 0x27c <_fpadd_parts+0x192>
     266:	82 15       	cp	r24, r2
     268:	93 05       	cpc	r25, r3
     26a:	2c f0       	brlt	.+10     	; 0x276 <_fpadd_parts+0x18c>
     26c:	1c 01       	movw	r2, r24
     26e:	aa 24       	eor	r10, r10
     270:	bb 24       	eor	r11, r11
     272:	65 01       	movw	r12, r10
     274:	03 c0       	rjmp	.+6      	; 0x27c <_fpadd_parts+0x192>
     276:	ee 24       	eor	r14, r14
     278:	ff 24       	eor	r15, r15
     27a:	87 01       	movw	r16, r14
     27c:	11 96       	adiw	r26, 0x01	; 1
     27e:	9c 91       	ld	r25, X
     280:	d2 01       	movw	r26, r4
     282:	11 96       	adiw	r26, 0x01	; 1
     284:	8c 91       	ld	r24, X
     286:	98 17       	cp	r25, r24
     288:	09 f4       	brne	.+2      	; 0x28c <_fpadd_parts+0x1a2>
     28a:	45 c0       	rjmp	.+138    	; 0x316 <_fpadd_parts+0x22c>
     28c:	99 23       	and	r25, r25
     28e:	39 f0       	breq	.+14     	; 0x29e <_fpadd_parts+0x1b4>
     290:	a8 01       	movw	r20, r16
     292:	97 01       	movw	r18, r14
     294:	2a 19       	sub	r18, r10
     296:	3b 09       	sbc	r19, r11
     298:	4c 09       	sbc	r20, r12
     29a:	5d 09       	sbc	r21, r13
     29c:	06 c0       	rjmp	.+12     	; 0x2aa <_fpadd_parts+0x1c0>
     29e:	a6 01       	movw	r20, r12
     2a0:	95 01       	movw	r18, r10
     2a2:	2e 19       	sub	r18, r14
     2a4:	3f 09       	sbc	r19, r15
     2a6:	40 0b       	sbc	r20, r16
     2a8:	51 0b       	sbc	r21, r17
     2aa:	57 fd       	sbrc	r21, 7
     2ac:	08 c0       	rjmp	.+16     	; 0x2be <_fpadd_parts+0x1d4>
     2ae:	11 82       	std	Z+1, r1	; 0x01
     2b0:	33 82       	std	Z+3, r3	; 0x03
     2b2:	22 82       	std	Z+2, r2	; 0x02
     2b4:	24 83       	std	Z+4, r18	; 0x04
     2b6:	35 83       	std	Z+5, r19	; 0x05
     2b8:	46 83       	std	Z+6, r20	; 0x06
     2ba:	57 83       	std	Z+7, r21	; 0x07
     2bc:	1d c0       	rjmp	.+58     	; 0x2f8 <_fpadd_parts+0x20e>
     2be:	81 e0       	ldi	r24, 0x01	; 1
     2c0:	81 83       	std	Z+1, r24	; 0x01
     2c2:	33 82       	std	Z+3, r3	; 0x03
     2c4:	22 82       	std	Z+2, r2	; 0x02
     2c6:	88 27       	eor	r24, r24
     2c8:	99 27       	eor	r25, r25
     2ca:	dc 01       	movw	r26, r24
     2cc:	82 1b       	sub	r24, r18
     2ce:	93 0b       	sbc	r25, r19
     2d0:	a4 0b       	sbc	r26, r20
     2d2:	b5 0b       	sbc	r27, r21
     2d4:	84 83       	std	Z+4, r24	; 0x04
     2d6:	95 83       	std	Z+5, r25	; 0x05
     2d8:	a6 83       	std	Z+6, r26	; 0x06
     2da:	b7 83       	std	Z+7, r27	; 0x07
     2dc:	0d c0       	rjmp	.+26     	; 0x2f8 <_fpadd_parts+0x20e>
     2de:	22 0f       	add	r18, r18
     2e0:	33 1f       	adc	r19, r19
     2e2:	44 1f       	adc	r20, r20
     2e4:	55 1f       	adc	r21, r21
     2e6:	24 83       	std	Z+4, r18	; 0x04
     2e8:	35 83       	std	Z+5, r19	; 0x05
     2ea:	46 83       	std	Z+6, r20	; 0x06
     2ec:	57 83       	std	Z+7, r21	; 0x07
     2ee:	82 81       	ldd	r24, Z+2	; 0x02
     2f0:	93 81       	ldd	r25, Z+3	; 0x03
     2f2:	01 97       	sbiw	r24, 0x01	; 1
     2f4:	93 83       	std	Z+3, r25	; 0x03
     2f6:	82 83       	std	Z+2, r24	; 0x02
     2f8:	24 81       	ldd	r18, Z+4	; 0x04
     2fa:	35 81       	ldd	r19, Z+5	; 0x05
     2fc:	46 81       	ldd	r20, Z+6	; 0x06
     2fe:	57 81       	ldd	r21, Z+7	; 0x07
     300:	da 01       	movw	r26, r20
     302:	c9 01       	movw	r24, r18
     304:	01 97       	sbiw	r24, 0x01	; 1
     306:	a1 09       	sbc	r26, r1
     308:	b1 09       	sbc	r27, r1
     30a:	8f 5f       	subi	r24, 0xFF	; 255
     30c:	9f 4f       	sbci	r25, 0xFF	; 255
     30e:	af 4f       	sbci	r26, 0xFF	; 255
     310:	bf 43       	sbci	r27, 0x3F	; 63
     312:	28 f3       	brcs	.-54     	; 0x2de <_fpadd_parts+0x1f4>
     314:	0b c0       	rjmp	.+22     	; 0x32c <_fpadd_parts+0x242>
     316:	91 83       	std	Z+1, r25	; 0x01
     318:	33 82       	std	Z+3, r3	; 0x03
     31a:	22 82       	std	Z+2, r2	; 0x02
     31c:	ea 0c       	add	r14, r10
     31e:	fb 1c       	adc	r15, r11
     320:	0c 1d       	adc	r16, r12
     322:	1d 1d       	adc	r17, r13
     324:	e4 82       	std	Z+4, r14	; 0x04
     326:	f5 82       	std	Z+5, r15	; 0x05
     328:	06 83       	std	Z+6, r16	; 0x06
     32a:	17 83       	std	Z+7, r17	; 0x07
     32c:	83 e0       	ldi	r24, 0x03	; 3
     32e:	80 83       	st	Z, r24
     330:	24 81       	ldd	r18, Z+4	; 0x04
     332:	35 81       	ldd	r19, Z+5	; 0x05
     334:	46 81       	ldd	r20, Z+6	; 0x06
     336:	57 81       	ldd	r21, Z+7	; 0x07
     338:	57 ff       	sbrs	r21, 7
     33a:	1a c0       	rjmp	.+52     	; 0x370 <_fpadd_parts+0x286>
     33c:	c9 01       	movw	r24, r18
     33e:	aa 27       	eor	r26, r26
     340:	97 fd       	sbrc	r25, 7
     342:	a0 95       	com	r26
     344:	ba 2f       	mov	r27, r26
     346:	81 70       	andi	r24, 0x01	; 1
     348:	90 70       	andi	r25, 0x00	; 0
     34a:	a0 70       	andi	r26, 0x00	; 0
     34c:	b0 70       	andi	r27, 0x00	; 0
     34e:	56 95       	lsr	r21
     350:	47 95       	ror	r20
     352:	37 95       	ror	r19
     354:	27 95       	ror	r18
     356:	82 2b       	or	r24, r18
     358:	93 2b       	or	r25, r19
     35a:	a4 2b       	or	r26, r20
     35c:	b5 2b       	or	r27, r21
     35e:	84 83       	std	Z+4, r24	; 0x04
     360:	95 83       	std	Z+5, r25	; 0x05
     362:	a6 83       	std	Z+6, r26	; 0x06
     364:	b7 83       	std	Z+7, r27	; 0x07
     366:	82 81       	ldd	r24, Z+2	; 0x02
     368:	93 81       	ldd	r25, Z+3	; 0x03
     36a:	01 96       	adiw	r24, 0x01	; 1
     36c:	93 83       	std	Z+3, r25	; 0x03
     36e:	82 83       	std	Z+2, r24	; 0x02
     370:	df 01       	movw	r26, r30
     372:	01 c0       	rjmp	.+2      	; 0x376 <_fpadd_parts+0x28c>
     374:	d2 01       	movw	r26, r4
     376:	cd 01       	movw	r24, r26
     378:	cd b7       	in	r28, 0x3d	; 61
     37a:	de b7       	in	r29, 0x3e	; 62
     37c:	e2 e1       	ldi	r30, 0x12	; 18
     37e:	0c 94 81 19 	jmp	0x3302	; 0x3302 <__epilogue_restores__>

00000382 <__subsf3>:
     382:	a0 e2       	ldi	r26, 0x20	; 32
     384:	b0 e0       	ldi	r27, 0x00	; 0
     386:	e7 ec       	ldi	r30, 0xC7	; 199
     388:	f1 e0       	ldi	r31, 0x01	; 1
     38a:	0c 94 71 19 	jmp	0x32e2	; 0x32e2 <__prologue_saves__+0x18>
     38e:	69 83       	std	Y+1, r22	; 0x01
     390:	7a 83       	std	Y+2, r23	; 0x02
     392:	8b 83       	std	Y+3, r24	; 0x03
     394:	9c 83       	std	Y+4, r25	; 0x04
     396:	2d 83       	std	Y+5, r18	; 0x05
     398:	3e 83       	std	Y+6, r19	; 0x06
     39a:	4f 83       	std	Y+7, r20	; 0x07
     39c:	58 87       	std	Y+8, r21	; 0x08
     39e:	e9 e0       	ldi	r30, 0x09	; 9
     3a0:	ee 2e       	mov	r14, r30
     3a2:	f1 2c       	mov	r15, r1
     3a4:	ec 0e       	add	r14, r28
     3a6:	fd 1e       	adc	r15, r29
     3a8:	ce 01       	movw	r24, r28
     3aa:	01 96       	adiw	r24, 0x01	; 1
     3ac:	b7 01       	movw	r22, r14
     3ae:	0e 94 46 06 	call	0xc8c	; 0xc8c <__unpack_f>
     3b2:	8e 01       	movw	r16, r28
     3b4:	0f 5e       	subi	r16, 0xEF	; 239
     3b6:	1f 4f       	sbci	r17, 0xFF	; 255
     3b8:	ce 01       	movw	r24, r28
     3ba:	05 96       	adiw	r24, 0x05	; 5
     3bc:	b8 01       	movw	r22, r16
     3be:	0e 94 46 06 	call	0xc8c	; 0xc8c <__unpack_f>
     3c2:	8a 89       	ldd	r24, Y+18	; 0x12
     3c4:	91 e0       	ldi	r25, 0x01	; 1
     3c6:	89 27       	eor	r24, r25
     3c8:	8a 8b       	std	Y+18, r24	; 0x12
     3ca:	c7 01       	movw	r24, r14
     3cc:	b8 01       	movw	r22, r16
     3ce:	ae 01       	movw	r20, r28
     3d0:	47 5e       	subi	r20, 0xE7	; 231
     3d2:	5f 4f       	sbci	r21, 0xFF	; 255
     3d4:	0e 94 75 00 	call	0xea	; 0xea <_fpadd_parts>
     3d8:	0e 94 71 05 	call	0xae2	; 0xae2 <__pack_f>
     3dc:	a0 96       	adiw	r28, 0x20	; 32
     3de:	e6 e0       	ldi	r30, 0x06	; 6
     3e0:	0c 94 8d 19 	jmp	0x331a	; 0x331a <__epilogue_restores__+0x18>

000003e4 <__addsf3>:
     3e4:	a0 e2       	ldi	r26, 0x20	; 32
     3e6:	b0 e0       	ldi	r27, 0x00	; 0
     3e8:	e8 ef       	ldi	r30, 0xF8	; 248
     3ea:	f1 e0       	ldi	r31, 0x01	; 1
     3ec:	0c 94 71 19 	jmp	0x32e2	; 0x32e2 <__prologue_saves__+0x18>
     3f0:	69 83       	std	Y+1, r22	; 0x01
     3f2:	7a 83       	std	Y+2, r23	; 0x02
     3f4:	8b 83       	std	Y+3, r24	; 0x03
     3f6:	9c 83       	std	Y+4, r25	; 0x04
     3f8:	2d 83       	std	Y+5, r18	; 0x05
     3fa:	3e 83       	std	Y+6, r19	; 0x06
     3fc:	4f 83       	std	Y+7, r20	; 0x07
     3fe:	58 87       	std	Y+8, r21	; 0x08
     400:	f9 e0       	ldi	r31, 0x09	; 9
     402:	ef 2e       	mov	r14, r31
     404:	f1 2c       	mov	r15, r1
     406:	ec 0e       	add	r14, r28
     408:	fd 1e       	adc	r15, r29
     40a:	ce 01       	movw	r24, r28
     40c:	01 96       	adiw	r24, 0x01	; 1
     40e:	b7 01       	movw	r22, r14
     410:	0e 94 46 06 	call	0xc8c	; 0xc8c <__unpack_f>
     414:	8e 01       	movw	r16, r28
     416:	0f 5e       	subi	r16, 0xEF	; 239
     418:	1f 4f       	sbci	r17, 0xFF	; 255
     41a:	ce 01       	movw	r24, r28
     41c:	05 96       	adiw	r24, 0x05	; 5
     41e:	b8 01       	movw	r22, r16
     420:	0e 94 46 06 	call	0xc8c	; 0xc8c <__unpack_f>
     424:	c7 01       	movw	r24, r14
     426:	b8 01       	movw	r22, r16
     428:	ae 01       	movw	r20, r28
     42a:	47 5e       	subi	r20, 0xE7	; 231
     42c:	5f 4f       	sbci	r21, 0xFF	; 255
     42e:	0e 94 75 00 	call	0xea	; 0xea <_fpadd_parts>
     432:	0e 94 71 05 	call	0xae2	; 0xae2 <__pack_f>
     436:	a0 96       	adiw	r28, 0x20	; 32
     438:	e6 e0       	ldi	r30, 0x06	; 6
     43a:	0c 94 8d 19 	jmp	0x331a	; 0x331a <__epilogue_restores__+0x18>

0000043e <__mulsf3>:
     43e:	a0 e2       	ldi	r26, 0x20	; 32
     440:	b0 e0       	ldi	r27, 0x00	; 0
     442:	e5 e2       	ldi	r30, 0x25	; 37
     444:	f2 e0       	ldi	r31, 0x02	; 2
     446:	0c 94 65 19 	jmp	0x32ca	; 0x32ca <__prologue_saves__>
     44a:	69 83       	std	Y+1, r22	; 0x01
     44c:	7a 83       	std	Y+2, r23	; 0x02
     44e:	8b 83       	std	Y+3, r24	; 0x03
     450:	9c 83       	std	Y+4, r25	; 0x04
     452:	2d 83       	std	Y+5, r18	; 0x05
     454:	3e 83       	std	Y+6, r19	; 0x06
     456:	4f 83       	std	Y+7, r20	; 0x07
     458:	58 87       	std	Y+8, r21	; 0x08
     45a:	ce 01       	movw	r24, r28
     45c:	01 96       	adiw	r24, 0x01	; 1
     45e:	be 01       	movw	r22, r28
     460:	67 5f       	subi	r22, 0xF7	; 247
     462:	7f 4f       	sbci	r23, 0xFF	; 255
     464:	0e 94 46 06 	call	0xc8c	; 0xc8c <__unpack_f>
     468:	ce 01       	movw	r24, r28
     46a:	05 96       	adiw	r24, 0x05	; 5
     46c:	be 01       	movw	r22, r28
     46e:	6f 5e       	subi	r22, 0xEF	; 239
     470:	7f 4f       	sbci	r23, 0xFF	; 255
     472:	0e 94 46 06 	call	0xc8c	; 0xc8c <__unpack_f>
     476:	99 85       	ldd	r25, Y+9	; 0x09
     478:	92 30       	cpi	r25, 0x02	; 2
     47a:	88 f0       	brcs	.+34     	; 0x49e <__mulsf3+0x60>
     47c:	89 89       	ldd	r24, Y+17	; 0x11
     47e:	82 30       	cpi	r24, 0x02	; 2
     480:	c8 f0       	brcs	.+50     	; 0x4b4 <__mulsf3+0x76>
     482:	94 30       	cpi	r25, 0x04	; 4
     484:	19 f4       	brne	.+6      	; 0x48c <__mulsf3+0x4e>
     486:	82 30       	cpi	r24, 0x02	; 2
     488:	51 f4       	brne	.+20     	; 0x49e <__mulsf3+0x60>
     48a:	04 c0       	rjmp	.+8      	; 0x494 <__mulsf3+0x56>
     48c:	84 30       	cpi	r24, 0x04	; 4
     48e:	29 f4       	brne	.+10     	; 0x49a <__mulsf3+0x5c>
     490:	92 30       	cpi	r25, 0x02	; 2
     492:	81 f4       	brne	.+32     	; 0x4b4 <__mulsf3+0x76>
     494:	88 e7       	ldi	r24, 0x78	; 120
     496:	90 e0       	ldi	r25, 0x00	; 0
     498:	c6 c0       	rjmp	.+396    	; 0x626 <__mulsf3+0x1e8>
     49a:	92 30       	cpi	r25, 0x02	; 2
     49c:	49 f4       	brne	.+18     	; 0x4b0 <__mulsf3+0x72>
     49e:	20 e0       	ldi	r18, 0x00	; 0
     4a0:	9a 85       	ldd	r25, Y+10	; 0x0a
     4a2:	8a 89       	ldd	r24, Y+18	; 0x12
     4a4:	98 13       	cpse	r25, r24
     4a6:	21 e0       	ldi	r18, 0x01	; 1
     4a8:	2a 87       	std	Y+10, r18	; 0x0a
     4aa:	ce 01       	movw	r24, r28
     4ac:	09 96       	adiw	r24, 0x09	; 9
     4ae:	bb c0       	rjmp	.+374    	; 0x626 <__mulsf3+0x1e8>
     4b0:	82 30       	cpi	r24, 0x02	; 2
     4b2:	49 f4       	brne	.+18     	; 0x4c6 <__mulsf3+0x88>
     4b4:	20 e0       	ldi	r18, 0x00	; 0
     4b6:	9a 85       	ldd	r25, Y+10	; 0x0a
     4b8:	8a 89       	ldd	r24, Y+18	; 0x12
     4ba:	98 13       	cpse	r25, r24
     4bc:	21 e0       	ldi	r18, 0x01	; 1
     4be:	2a 8b       	std	Y+18, r18	; 0x12
     4c0:	ce 01       	movw	r24, r28
     4c2:	41 96       	adiw	r24, 0x11	; 17
     4c4:	b0 c0       	rjmp	.+352    	; 0x626 <__mulsf3+0x1e8>
     4c6:	2d 84       	ldd	r2, Y+13	; 0x0d
     4c8:	3e 84       	ldd	r3, Y+14	; 0x0e
     4ca:	4f 84       	ldd	r4, Y+15	; 0x0f
     4cc:	58 88       	ldd	r5, Y+16	; 0x10
     4ce:	6d 88       	ldd	r6, Y+21	; 0x15
     4d0:	7e 88       	ldd	r7, Y+22	; 0x16
     4d2:	8f 88       	ldd	r8, Y+23	; 0x17
     4d4:	98 8c       	ldd	r9, Y+24	; 0x18
     4d6:	ee 24       	eor	r14, r14
     4d8:	ff 24       	eor	r15, r15
     4da:	87 01       	movw	r16, r14
     4dc:	aa 24       	eor	r10, r10
     4de:	bb 24       	eor	r11, r11
     4e0:	65 01       	movw	r12, r10
     4e2:	40 e0       	ldi	r20, 0x00	; 0
     4e4:	50 e0       	ldi	r21, 0x00	; 0
     4e6:	60 e0       	ldi	r22, 0x00	; 0
     4e8:	70 e0       	ldi	r23, 0x00	; 0
     4ea:	e0 e0       	ldi	r30, 0x00	; 0
     4ec:	f0 e0       	ldi	r31, 0x00	; 0
     4ee:	c1 01       	movw	r24, r2
     4f0:	81 70       	andi	r24, 0x01	; 1
     4f2:	90 70       	andi	r25, 0x00	; 0
     4f4:	89 2b       	or	r24, r25
     4f6:	e9 f0       	breq	.+58     	; 0x532 <__mulsf3+0xf4>
     4f8:	e6 0c       	add	r14, r6
     4fa:	f7 1c       	adc	r15, r7
     4fc:	08 1d       	adc	r16, r8
     4fe:	19 1d       	adc	r17, r9
     500:	9a 01       	movw	r18, r20
     502:	ab 01       	movw	r20, r22
     504:	2a 0d       	add	r18, r10
     506:	3b 1d       	adc	r19, r11
     508:	4c 1d       	adc	r20, r12
     50a:	5d 1d       	adc	r21, r13
     50c:	80 e0       	ldi	r24, 0x00	; 0
     50e:	90 e0       	ldi	r25, 0x00	; 0
     510:	a0 e0       	ldi	r26, 0x00	; 0
     512:	b0 e0       	ldi	r27, 0x00	; 0
     514:	e6 14       	cp	r14, r6
     516:	f7 04       	cpc	r15, r7
     518:	08 05       	cpc	r16, r8
     51a:	19 05       	cpc	r17, r9
     51c:	20 f4       	brcc	.+8      	; 0x526 <__mulsf3+0xe8>
     51e:	81 e0       	ldi	r24, 0x01	; 1
     520:	90 e0       	ldi	r25, 0x00	; 0
     522:	a0 e0       	ldi	r26, 0x00	; 0
     524:	b0 e0       	ldi	r27, 0x00	; 0
     526:	ba 01       	movw	r22, r20
     528:	a9 01       	movw	r20, r18
     52a:	48 0f       	add	r20, r24
     52c:	59 1f       	adc	r21, r25
     52e:	6a 1f       	adc	r22, r26
     530:	7b 1f       	adc	r23, r27
     532:	aa 0c       	add	r10, r10
     534:	bb 1c       	adc	r11, r11
     536:	cc 1c       	adc	r12, r12
     538:	dd 1c       	adc	r13, r13
     53a:	97 fe       	sbrs	r9, 7
     53c:	08 c0       	rjmp	.+16     	; 0x54e <__mulsf3+0x110>
     53e:	81 e0       	ldi	r24, 0x01	; 1
     540:	90 e0       	ldi	r25, 0x00	; 0
     542:	a0 e0       	ldi	r26, 0x00	; 0
     544:	b0 e0       	ldi	r27, 0x00	; 0
     546:	a8 2a       	or	r10, r24
     548:	b9 2a       	or	r11, r25
     54a:	ca 2a       	or	r12, r26
     54c:	db 2a       	or	r13, r27
     54e:	31 96       	adiw	r30, 0x01	; 1
     550:	e0 32       	cpi	r30, 0x20	; 32
     552:	f1 05       	cpc	r31, r1
     554:	49 f0       	breq	.+18     	; 0x568 <__mulsf3+0x12a>
     556:	66 0c       	add	r6, r6
     558:	77 1c       	adc	r7, r7
     55a:	88 1c       	adc	r8, r8
     55c:	99 1c       	adc	r9, r9
     55e:	56 94       	lsr	r5
     560:	47 94       	ror	r4
     562:	37 94       	ror	r3
     564:	27 94       	ror	r2
     566:	c3 cf       	rjmp	.-122    	; 0x4ee <__mulsf3+0xb0>
     568:	fa 85       	ldd	r31, Y+10	; 0x0a
     56a:	ea 89       	ldd	r30, Y+18	; 0x12
     56c:	2b 89       	ldd	r18, Y+19	; 0x13
     56e:	3c 89       	ldd	r19, Y+20	; 0x14
     570:	8b 85       	ldd	r24, Y+11	; 0x0b
     572:	9c 85       	ldd	r25, Y+12	; 0x0c
     574:	28 0f       	add	r18, r24
     576:	39 1f       	adc	r19, r25
     578:	2e 5f       	subi	r18, 0xFE	; 254
     57a:	3f 4f       	sbci	r19, 0xFF	; 255
     57c:	17 c0       	rjmp	.+46     	; 0x5ac <__mulsf3+0x16e>
     57e:	ca 01       	movw	r24, r20
     580:	81 70       	andi	r24, 0x01	; 1
     582:	90 70       	andi	r25, 0x00	; 0
     584:	89 2b       	or	r24, r25
     586:	61 f0       	breq	.+24     	; 0x5a0 <__mulsf3+0x162>
     588:	16 95       	lsr	r17
     58a:	07 95       	ror	r16
     58c:	f7 94       	ror	r15
     58e:	e7 94       	ror	r14
     590:	80 e0       	ldi	r24, 0x00	; 0
     592:	90 e0       	ldi	r25, 0x00	; 0
     594:	a0 e0       	ldi	r26, 0x00	; 0
     596:	b0 e8       	ldi	r27, 0x80	; 128
     598:	e8 2a       	or	r14, r24
     59a:	f9 2a       	or	r15, r25
     59c:	0a 2b       	or	r16, r26
     59e:	1b 2b       	or	r17, r27
     5a0:	76 95       	lsr	r23
     5a2:	67 95       	ror	r22
     5a4:	57 95       	ror	r21
     5a6:	47 95       	ror	r20
     5a8:	2f 5f       	subi	r18, 0xFF	; 255
     5aa:	3f 4f       	sbci	r19, 0xFF	; 255
     5ac:	77 fd       	sbrc	r23, 7
     5ae:	e7 cf       	rjmp	.-50     	; 0x57e <__mulsf3+0x140>
     5b0:	0c c0       	rjmp	.+24     	; 0x5ca <__mulsf3+0x18c>
     5b2:	44 0f       	add	r20, r20
     5b4:	55 1f       	adc	r21, r21
     5b6:	66 1f       	adc	r22, r22
     5b8:	77 1f       	adc	r23, r23
     5ba:	17 fd       	sbrc	r17, 7
     5bc:	41 60       	ori	r20, 0x01	; 1
     5be:	ee 0c       	add	r14, r14
     5c0:	ff 1c       	adc	r15, r15
     5c2:	00 1f       	adc	r16, r16
     5c4:	11 1f       	adc	r17, r17
     5c6:	21 50       	subi	r18, 0x01	; 1
     5c8:	30 40       	sbci	r19, 0x00	; 0
     5ca:	40 30       	cpi	r20, 0x00	; 0
     5cc:	90 e0       	ldi	r25, 0x00	; 0
     5ce:	59 07       	cpc	r21, r25
     5d0:	90 e0       	ldi	r25, 0x00	; 0
     5d2:	69 07       	cpc	r22, r25
     5d4:	90 e4       	ldi	r25, 0x40	; 64
     5d6:	79 07       	cpc	r23, r25
     5d8:	60 f3       	brcs	.-40     	; 0x5b2 <__mulsf3+0x174>
     5da:	2b 8f       	std	Y+27, r18	; 0x1b
     5dc:	3c 8f       	std	Y+28, r19	; 0x1c
     5de:	db 01       	movw	r26, r22
     5e0:	ca 01       	movw	r24, r20
     5e2:	8f 77       	andi	r24, 0x7F	; 127
     5e4:	90 70       	andi	r25, 0x00	; 0
     5e6:	a0 70       	andi	r26, 0x00	; 0
     5e8:	b0 70       	andi	r27, 0x00	; 0
     5ea:	80 34       	cpi	r24, 0x40	; 64
     5ec:	91 05       	cpc	r25, r1
     5ee:	a1 05       	cpc	r26, r1
     5f0:	b1 05       	cpc	r27, r1
     5f2:	61 f4       	brne	.+24     	; 0x60c <__mulsf3+0x1ce>
     5f4:	47 fd       	sbrc	r20, 7
     5f6:	0a c0       	rjmp	.+20     	; 0x60c <__mulsf3+0x1ce>
     5f8:	e1 14       	cp	r14, r1
     5fa:	f1 04       	cpc	r15, r1
     5fc:	01 05       	cpc	r16, r1
     5fe:	11 05       	cpc	r17, r1
     600:	29 f0       	breq	.+10     	; 0x60c <__mulsf3+0x1ce>
     602:	40 5c       	subi	r20, 0xC0	; 192
     604:	5f 4f       	sbci	r21, 0xFF	; 255
     606:	6f 4f       	sbci	r22, 0xFF	; 255
     608:	7f 4f       	sbci	r23, 0xFF	; 255
     60a:	40 78       	andi	r20, 0x80	; 128
     60c:	1a 8e       	std	Y+26, r1	; 0x1a
     60e:	fe 17       	cp	r31, r30
     610:	11 f0       	breq	.+4      	; 0x616 <__mulsf3+0x1d8>
     612:	81 e0       	ldi	r24, 0x01	; 1
     614:	8a 8f       	std	Y+26, r24	; 0x1a
     616:	4d 8f       	std	Y+29, r20	; 0x1d
     618:	5e 8f       	std	Y+30, r21	; 0x1e
     61a:	6f 8f       	std	Y+31, r22	; 0x1f
     61c:	78 a3       	std	Y+32, r23	; 0x20
     61e:	83 e0       	ldi	r24, 0x03	; 3
     620:	89 8f       	std	Y+25, r24	; 0x19
     622:	ce 01       	movw	r24, r28
     624:	49 96       	adiw	r24, 0x19	; 25
     626:	0e 94 71 05 	call	0xae2	; 0xae2 <__pack_f>
     62a:	a0 96       	adiw	r28, 0x20	; 32
     62c:	e2 e1       	ldi	r30, 0x12	; 18
     62e:	0c 94 81 19 	jmp	0x3302	; 0x3302 <__epilogue_restores__>

00000632 <__divsf3>:
     632:	a8 e1       	ldi	r26, 0x18	; 24
     634:	b0 e0       	ldi	r27, 0x00	; 0
     636:	ef e1       	ldi	r30, 0x1F	; 31
     638:	f3 e0       	ldi	r31, 0x03	; 3
     63a:	0c 94 6d 19 	jmp	0x32da	; 0x32da <__prologue_saves__+0x10>
     63e:	69 83       	std	Y+1, r22	; 0x01
     640:	7a 83       	std	Y+2, r23	; 0x02
     642:	8b 83       	std	Y+3, r24	; 0x03
     644:	9c 83       	std	Y+4, r25	; 0x04
     646:	2d 83       	std	Y+5, r18	; 0x05
     648:	3e 83       	std	Y+6, r19	; 0x06
     64a:	4f 83       	std	Y+7, r20	; 0x07
     64c:	58 87       	std	Y+8, r21	; 0x08
     64e:	b9 e0       	ldi	r27, 0x09	; 9
     650:	eb 2e       	mov	r14, r27
     652:	f1 2c       	mov	r15, r1
     654:	ec 0e       	add	r14, r28
     656:	fd 1e       	adc	r15, r29
     658:	ce 01       	movw	r24, r28
     65a:	01 96       	adiw	r24, 0x01	; 1
     65c:	b7 01       	movw	r22, r14
     65e:	0e 94 46 06 	call	0xc8c	; 0xc8c <__unpack_f>
     662:	8e 01       	movw	r16, r28
     664:	0f 5e       	subi	r16, 0xEF	; 239
     666:	1f 4f       	sbci	r17, 0xFF	; 255
     668:	ce 01       	movw	r24, r28
     66a:	05 96       	adiw	r24, 0x05	; 5
     66c:	b8 01       	movw	r22, r16
     66e:	0e 94 46 06 	call	0xc8c	; 0xc8c <__unpack_f>
     672:	29 85       	ldd	r18, Y+9	; 0x09
     674:	22 30       	cpi	r18, 0x02	; 2
     676:	08 f4       	brcc	.+2      	; 0x67a <__divsf3+0x48>
     678:	7e c0       	rjmp	.+252    	; 0x776 <__divsf3+0x144>
     67a:	39 89       	ldd	r19, Y+17	; 0x11
     67c:	32 30       	cpi	r19, 0x02	; 2
     67e:	10 f4       	brcc	.+4      	; 0x684 <__divsf3+0x52>
     680:	b8 01       	movw	r22, r16
     682:	7c c0       	rjmp	.+248    	; 0x77c <__divsf3+0x14a>
     684:	8a 85       	ldd	r24, Y+10	; 0x0a
     686:	9a 89       	ldd	r25, Y+18	; 0x12
     688:	89 27       	eor	r24, r25
     68a:	8a 87       	std	Y+10, r24	; 0x0a
     68c:	24 30       	cpi	r18, 0x04	; 4
     68e:	11 f0       	breq	.+4      	; 0x694 <__divsf3+0x62>
     690:	22 30       	cpi	r18, 0x02	; 2
     692:	31 f4       	brne	.+12     	; 0x6a0 <__divsf3+0x6e>
     694:	23 17       	cp	r18, r19
     696:	09 f0       	breq	.+2      	; 0x69a <__divsf3+0x68>
     698:	6e c0       	rjmp	.+220    	; 0x776 <__divsf3+0x144>
     69a:	68 e7       	ldi	r22, 0x78	; 120
     69c:	70 e0       	ldi	r23, 0x00	; 0
     69e:	6e c0       	rjmp	.+220    	; 0x77c <__divsf3+0x14a>
     6a0:	34 30       	cpi	r19, 0x04	; 4
     6a2:	39 f4       	brne	.+14     	; 0x6b2 <__divsf3+0x80>
     6a4:	1d 86       	std	Y+13, r1	; 0x0d
     6a6:	1e 86       	std	Y+14, r1	; 0x0e
     6a8:	1f 86       	std	Y+15, r1	; 0x0f
     6aa:	18 8a       	std	Y+16, r1	; 0x10
     6ac:	1c 86       	std	Y+12, r1	; 0x0c
     6ae:	1b 86       	std	Y+11, r1	; 0x0b
     6b0:	04 c0       	rjmp	.+8      	; 0x6ba <__divsf3+0x88>
     6b2:	32 30       	cpi	r19, 0x02	; 2
     6b4:	21 f4       	brne	.+8      	; 0x6be <__divsf3+0x8c>
     6b6:	84 e0       	ldi	r24, 0x04	; 4
     6b8:	89 87       	std	Y+9, r24	; 0x09
     6ba:	b7 01       	movw	r22, r14
     6bc:	5f c0       	rjmp	.+190    	; 0x77c <__divsf3+0x14a>
     6be:	2b 85       	ldd	r18, Y+11	; 0x0b
     6c0:	3c 85       	ldd	r19, Y+12	; 0x0c
     6c2:	8b 89       	ldd	r24, Y+19	; 0x13
     6c4:	9c 89       	ldd	r25, Y+20	; 0x14
     6c6:	28 1b       	sub	r18, r24
     6c8:	39 0b       	sbc	r19, r25
     6ca:	3c 87       	std	Y+12, r19	; 0x0c
     6cc:	2b 87       	std	Y+11, r18	; 0x0b
     6ce:	ed 84       	ldd	r14, Y+13	; 0x0d
     6d0:	fe 84       	ldd	r15, Y+14	; 0x0e
     6d2:	0f 85       	ldd	r16, Y+15	; 0x0f
     6d4:	18 89       	ldd	r17, Y+16	; 0x10
     6d6:	ad 88       	ldd	r10, Y+21	; 0x15
     6d8:	be 88       	ldd	r11, Y+22	; 0x16
     6da:	cf 88       	ldd	r12, Y+23	; 0x17
     6dc:	d8 8c       	ldd	r13, Y+24	; 0x18
     6de:	ea 14       	cp	r14, r10
     6e0:	fb 04       	cpc	r15, r11
     6e2:	0c 05       	cpc	r16, r12
     6e4:	1d 05       	cpc	r17, r13
     6e6:	40 f4       	brcc	.+16     	; 0x6f8 <__divsf3+0xc6>
     6e8:	ee 0c       	add	r14, r14
     6ea:	ff 1c       	adc	r15, r15
     6ec:	00 1f       	adc	r16, r16
     6ee:	11 1f       	adc	r17, r17
     6f0:	21 50       	subi	r18, 0x01	; 1
     6f2:	30 40       	sbci	r19, 0x00	; 0
     6f4:	3c 87       	std	Y+12, r19	; 0x0c
     6f6:	2b 87       	std	Y+11, r18	; 0x0b
     6f8:	20 e0       	ldi	r18, 0x00	; 0
     6fa:	30 e0       	ldi	r19, 0x00	; 0
     6fc:	40 e0       	ldi	r20, 0x00	; 0
     6fe:	50 e0       	ldi	r21, 0x00	; 0
     700:	80 e0       	ldi	r24, 0x00	; 0
     702:	90 e0       	ldi	r25, 0x00	; 0
     704:	a0 e0       	ldi	r26, 0x00	; 0
     706:	b0 e4       	ldi	r27, 0x40	; 64
     708:	60 e0       	ldi	r22, 0x00	; 0
     70a:	70 e0       	ldi	r23, 0x00	; 0
     70c:	ea 14       	cp	r14, r10
     70e:	fb 04       	cpc	r15, r11
     710:	0c 05       	cpc	r16, r12
     712:	1d 05       	cpc	r17, r13
     714:	40 f0       	brcs	.+16     	; 0x726 <__divsf3+0xf4>
     716:	28 2b       	or	r18, r24
     718:	39 2b       	or	r19, r25
     71a:	4a 2b       	or	r20, r26
     71c:	5b 2b       	or	r21, r27
     71e:	ea 18       	sub	r14, r10
     720:	fb 08       	sbc	r15, r11
     722:	0c 09       	sbc	r16, r12
     724:	1d 09       	sbc	r17, r13
     726:	b6 95       	lsr	r27
     728:	a7 95       	ror	r26
     72a:	97 95       	ror	r25
     72c:	87 95       	ror	r24
     72e:	ee 0c       	add	r14, r14
     730:	ff 1c       	adc	r15, r15
     732:	00 1f       	adc	r16, r16
     734:	11 1f       	adc	r17, r17
     736:	6f 5f       	subi	r22, 0xFF	; 255
     738:	7f 4f       	sbci	r23, 0xFF	; 255
     73a:	6f 31       	cpi	r22, 0x1F	; 31
     73c:	71 05       	cpc	r23, r1
     73e:	31 f7       	brne	.-52     	; 0x70c <__divsf3+0xda>
     740:	da 01       	movw	r26, r20
     742:	c9 01       	movw	r24, r18
     744:	8f 77       	andi	r24, 0x7F	; 127
     746:	90 70       	andi	r25, 0x00	; 0
     748:	a0 70       	andi	r26, 0x00	; 0
     74a:	b0 70       	andi	r27, 0x00	; 0
     74c:	80 34       	cpi	r24, 0x40	; 64
     74e:	91 05       	cpc	r25, r1
     750:	a1 05       	cpc	r26, r1
     752:	b1 05       	cpc	r27, r1
     754:	61 f4       	brne	.+24     	; 0x76e <__divsf3+0x13c>
     756:	27 fd       	sbrc	r18, 7
     758:	0a c0       	rjmp	.+20     	; 0x76e <__divsf3+0x13c>
     75a:	e1 14       	cp	r14, r1
     75c:	f1 04       	cpc	r15, r1
     75e:	01 05       	cpc	r16, r1
     760:	11 05       	cpc	r17, r1
     762:	29 f0       	breq	.+10     	; 0x76e <__divsf3+0x13c>
     764:	20 5c       	subi	r18, 0xC0	; 192
     766:	3f 4f       	sbci	r19, 0xFF	; 255
     768:	4f 4f       	sbci	r20, 0xFF	; 255
     76a:	5f 4f       	sbci	r21, 0xFF	; 255
     76c:	20 78       	andi	r18, 0x80	; 128
     76e:	2d 87       	std	Y+13, r18	; 0x0d
     770:	3e 87       	std	Y+14, r19	; 0x0e
     772:	4f 87       	std	Y+15, r20	; 0x0f
     774:	58 8b       	std	Y+16, r21	; 0x10
     776:	be 01       	movw	r22, r28
     778:	67 5f       	subi	r22, 0xF7	; 247
     77a:	7f 4f       	sbci	r23, 0xFF	; 255
     77c:	cb 01       	movw	r24, r22
     77e:	0e 94 71 05 	call	0xae2	; 0xae2 <__pack_f>
     782:	68 96       	adiw	r28, 0x18	; 24
     784:	ea e0       	ldi	r30, 0x0A	; 10
     786:	0c 94 89 19 	jmp	0x3312	; 0x3312 <__epilogue_restores__+0x10>

0000078a <__gtsf2>:
     78a:	a8 e1       	ldi	r26, 0x18	; 24
     78c:	b0 e0       	ldi	r27, 0x00	; 0
     78e:	eb ec       	ldi	r30, 0xCB	; 203
     790:	f3 e0       	ldi	r31, 0x03	; 3
     792:	0c 94 71 19 	jmp	0x32e2	; 0x32e2 <__prologue_saves__+0x18>
     796:	69 83       	std	Y+1, r22	; 0x01
     798:	7a 83       	std	Y+2, r23	; 0x02
     79a:	8b 83       	std	Y+3, r24	; 0x03
     79c:	9c 83       	std	Y+4, r25	; 0x04
     79e:	2d 83       	std	Y+5, r18	; 0x05
     7a0:	3e 83       	std	Y+6, r19	; 0x06
     7a2:	4f 83       	std	Y+7, r20	; 0x07
     7a4:	58 87       	std	Y+8, r21	; 0x08
     7a6:	89 e0       	ldi	r24, 0x09	; 9
     7a8:	e8 2e       	mov	r14, r24
     7aa:	f1 2c       	mov	r15, r1
     7ac:	ec 0e       	add	r14, r28
     7ae:	fd 1e       	adc	r15, r29
     7b0:	ce 01       	movw	r24, r28
     7b2:	01 96       	adiw	r24, 0x01	; 1
     7b4:	b7 01       	movw	r22, r14
     7b6:	0e 94 46 06 	call	0xc8c	; 0xc8c <__unpack_f>
     7ba:	8e 01       	movw	r16, r28
     7bc:	0f 5e       	subi	r16, 0xEF	; 239
     7be:	1f 4f       	sbci	r17, 0xFF	; 255
     7c0:	ce 01       	movw	r24, r28
     7c2:	05 96       	adiw	r24, 0x05	; 5
     7c4:	b8 01       	movw	r22, r16
     7c6:	0e 94 46 06 	call	0xc8c	; 0xc8c <__unpack_f>
     7ca:	89 85       	ldd	r24, Y+9	; 0x09
     7cc:	82 30       	cpi	r24, 0x02	; 2
     7ce:	40 f0       	brcs	.+16     	; 0x7e0 <__gtsf2+0x56>
     7d0:	89 89       	ldd	r24, Y+17	; 0x11
     7d2:	82 30       	cpi	r24, 0x02	; 2
     7d4:	28 f0       	brcs	.+10     	; 0x7e0 <__gtsf2+0x56>
     7d6:	c7 01       	movw	r24, r14
     7d8:	b8 01       	movw	r22, r16
     7da:	0e 94 be 06 	call	0xd7c	; 0xd7c <__fpcmp_parts_f>
     7de:	01 c0       	rjmp	.+2      	; 0x7e2 <__gtsf2+0x58>
     7e0:	8f ef       	ldi	r24, 0xFF	; 255
     7e2:	68 96       	adiw	r28, 0x18	; 24
     7e4:	e6 e0       	ldi	r30, 0x06	; 6
     7e6:	0c 94 8d 19 	jmp	0x331a	; 0x331a <__epilogue_restores__+0x18>

000007ea <__gesf2>:
     7ea:	a8 e1       	ldi	r26, 0x18	; 24
     7ec:	b0 e0       	ldi	r27, 0x00	; 0
     7ee:	eb ef       	ldi	r30, 0xFB	; 251
     7f0:	f3 e0       	ldi	r31, 0x03	; 3
     7f2:	0c 94 71 19 	jmp	0x32e2	; 0x32e2 <__prologue_saves__+0x18>
     7f6:	69 83       	std	Y+1, r22	; 0x01
     7f8:	7a 83       	std	Y+2, r23	; 0x02
     7fa:	8b 83       	std	Y+3, r24	; 0x03
     7fc:	9c 83       	std	Y+4, r25	; 0x04
     7fe:	2d 83       	std	Y+5, r18	; 0x05
     800:	3e 83       	std	Y+6, r19	; 0x06
     802:	4f 83       	std	Y+7, r20	; 0x07
     804:	58 87       	std	Y+8, r21	; 0x08
     806:	89 e0       	ldi	r24, 0x09	; 9
     808:	e8 2e       	mov	r14, r24
     80a:	f1 2c       	mov	r15, r1
     80c:	ec 0e       	add	r14, r28
     80e:	fd 1e       	adc	r15, r29
     810:	ce 01       	movw	r24, r28
     812:	01 96       	adiw	r24, 0x01	; 1
     814:	b7 01       	movw	r22, r14
     816:	0e 94 46 06 	call	0xc8c	; 0xc8c <__unpack_f>
     81a:	8e 01       	movw	r16, r28
     81c:	0f 5e       	subi	r16, 0xEF	; 239
     81e:	1f 4f       	sbci	r17, 0xFF	; 255
     820:	ce 01       	movw	r24, r28
     822:	05 96       	adiw	r24, 0x05	; 5
     824:	b8 01       	movw	r22, r16
     826:	0e 94 46 06 	call	0xc8c	; 0xc8c <__unpack_f>
     82a:	89 85       	ldd	r24, Y+9	; 0x09
     82c:	82 30       	cpi	r24, 0x02	; 2
     82e:	40 f0       	brcs	.+16     	; 0x840 <__gesf2+0x56>
     830:	89 89       	ldd	r24, Y+17	; 0x11
     832:	82 30       	cpi	r24, 0x02	; 2
     834:	28 f0       	brcs	.+10     	; 0x840 <__gesf2+0x56>
     836:	c7 01       	movw	r24, r14
     838:	b8 01       	movw	r22, r16
     83a:	0e 94 be 06 	call	0xd7c	; 0xd7c <__fpcmp_parts_f>
     83e:	01 c0       	rjmp	.+2      	; 0x842 <__gesf2+0x58>
     840:	8f ef       	ldi	r24, 0xFF	; 255
     842:	68 96       	adiw	r28, 0x18	; 24
     844:	e6 e0       	ldi	r30, 0x06	; 6
     846:	0c 94 8d 19 	jmp	0x331a	; 0x331a <__epilogue_restores__+0x18>

0000084a <__ltsf2>:
     84a:	a8 e1       	ldi	r26, 0x18	; 24
     84c:	b0 e0       	ldi	r27, 0x00	; 0
     84e:	eb e2       	ldi	r30, 0x2B	; 43
     850:	f4 e0       	ldi	r31, 0x04	; 4
     852:	0c 94 71 19 	jmp	0x32e2	; 0x32e2 <__prologue_saves__+0x18>
     856:	69 83       	std	Y+1, r22	; 0x01
     858:	7a 83       	std	Y+2, r23	; 0x02
     85a:	8b 83       	std	Y+3, r24	; 0x03
     85c:	9c 83       	std	Y+4, r25	; 0x04
     85e:	2d 83       	std	Y+5, r18	; 0x05
     860:	3e 83       	std	Y+6, r19	; 0x06
     862:	4f 83       	std	Y+7, r20	; 0x07
     864:	58 87       	std	Y+8, r21	; 0x08
     866:	89 e0       	ldi	r24, 0x09	; 9
     868:	e8 2e       	mov	r14, r24
     86a:	f1 2c       	mov	r15, r1
     86c:	ec 0e       	add	r14, r28
     86e:	fd 1e       	adc	r15, r29
     870:	ce 01       	movw	r24, r28
     872:	01 96       	adiw	r24, 0x01	; 1
     874:	b7 01       	movw	r22, r14
     876:	0e 94 46 06 	call	0xc8c	; 0xc8c <__unpack_f>
     87a:	8e 01       	movw	r16, r28
     87c:	0f 5e       	subi	r16, 0xEF	; 239
     87e:	1f 4f       	sbci	r17, 0xFF	; 255
     880:	ce 01       	movw	r24, r28
     882:	05 96       	adiw	r24, 0x05	; 5
     884:	b8 01       	movw	r22, r16
     886:	0e 94 46 06 	call	0xc8c	; 0xc8c <__unpack_f>
     88a:	89 85       	ldd	r24, Y+9	; 0x09
     88c:	82 30       	cpi	r24, 0x02	; 2
     88e:	40 f0       	brcs	.+16     	; 0x8a0 <__stack+0x41>
     890:	89 89       	ldd	r24, Y+17	; 0x11
     892:	82 30       	cpi	r24, 0x02	; 2
     894:	28 f0       	brcs	.+10     	; 0x8a0 <__stack+0x41>
     896:	c7 01       	movw	r24, r14
     898:	b8 01       	movw	r22, r16
     89a:	0e 94 be 06 	call	0xd7c	; 0xd7c <__fpcmp_parts_f>
     89e:	01 c0       	rjmp	.+2      	; 0x8a2 <__stack+0x43>
     8a0:	81 e0       	ldi	r24, 0x01	; 1
     8a2:	68 96       	adiw	r28, 0x18	; 24
     8a4:	e6 e0       	ldi	r30, 0x06	; 6
     8a6:	0c 94 8d 19 	jmp	0x331a	; 0x331a <__epilogue_restores__+0x18>

000008aa <__fixsfsi>:
     8aa:	ac e0       	ldi	r26, 0x0C	; 12
     8ac:	b0 e0       	ldi	r27, 0x00	; 0
     8ae:	eb e5       	ldi	r30, 0x5B	; 91
     8b0:	f4 e0       	ldi	r31, 0x04	; 4
     8b2:	0c 94 75 19 	jmp	0x32ea	; 0x32ea <__prologue_saves__+0x20>
     8b6:	69 83       	std	Y+1, r22	; 0x01
     8b8:	7a 83       	std	Y+2, r23	; 0x02
     8ba:	8b 83       	std	Y+3, r24	; 0x03
     8bc:	9c 83       	std	Y+4, r25	; 0x04
     8be:	ce 01       	movw	r24, r28
     8c0:	01 96       	adiw	r24, 0x01	; 1
     8c2:	be 01       	movw	r22, r28
     8c4:	6b 5f       	subi	r22, 0xFB	; 251
     8c6:	7f 4f       	sbci	r23, 0xFF	; 255
     8c8:	0e 94 46 06 	call	0xc8c	; 0xc8c <__unpack_f>
     8cc:	8d 81       	ldd	r24, Y+5	; 0x05
     8ce:	82 30       	cpi	r24, 0x02	; 2
     8d0:	61 f1       	breq	.+88     	; 0x92a <__fixsfsi+0x80>
     8d2:	82 30       	cpi	r24, 0x02	; 2
     8d4:	50 f1       	brcs	.+84     	; 0x92a <__fixsfsi+0x80>
     8d6:	84 30       	cpi	r24, 0x04	; 4
     8d8:	21 f4       	brne	.+8      	; 0x8e2 <__fixsfsi+0x38>
     8da:	8e 81       	ldd	r24, Y+6	; 0x06
     8dc:	88 23       	and	r24, r24
     8de:	51 f1       	breq	.+84     	; 0x934 <__fixsfsi+0x8a>
     8e0:	2e c0       	rjmp	.+92     	; 0x93e <__fixsfsi+0x94>
     8e2:	2f 81       	ldd	r18, Y+7	; 0x07
     8e4:	38 85       	ldd	r19, Y+8	; 0x08
     8e6:	37 fd       	sbrc	r19, 7
     8e8:	20 c0       	rjmp	.+64     	; 0x92a <__fixsfsi+0x80>
     8ea:	6e 81       	ldd	r22, Y+6	; 0x06
     8ec:	2f 31       	cpi	r18, 0x1F	; 31
     8ee:	31 05       	cpc	r19, r1
     8f0:	1c f0       	brlt	.+6      	; 0x8f8 <__fixsfsi+0x4e>
     8f2:	66 23       	and	r22, r22
     8f4:	f9 f0       	breq	.+62     	; 0x934 <__fixsfsi+0x8a>
     8f6:	23 c0       	rjmp	.+70     	; 0x93e <__fixsfsi+0x94>
     8f8:	8e e1       	ldi	r24, 0x1E	; 30
     8fa:	90 e0       	ldi	r25, 0x00	; 0
     8fc:	82 1b       	sub	r24, r18
     8fe:	93 0b       	sbc	r25, r19
     900:	29 85       	ldd	r18, Y+9	; 0x09
     902:	3a 85       	ldd	r19, Y+10	; 0x0a
     904:	4b 85       	ldd	r20, Y+11	; 0x0b
     906:	5c 85       	ldd	r21, Y+12	; 0x0c
     908:	04 c0       	rjmp	.+8      	; 0x912 <__fixsfsi+0x68>
     90a:	56 95       	lsr	r21
     90c:	47 95       	ror	r20
     90e:	37 95       	ror	r19
     910:	27 95       	ror	r18
     912:	8a 95       	dec	r24
     914:	d2 f7       	brpl	.-12     	; 0x90a <__fixsfsi+0x60>
     916:	66 23       	and	r22, r22
     918:	b1 f0       	breq	.+44     	; 0x946 <__fixsfsi+0x9c>
     91a:	50 95       	com	r21
     91c:	40 95       	com	r20
     91e:	30 95       	com	r19
     920:	21 95       	neg	r18
     922:	3f 4f       	sbci	r19, 0xFF	; 255
     924:	4f 4f       	sbci	r20, 0xFF	; 255
     926:	5f 4f       	sbci	r21, 0xFF	; 255
     928:	0e c0       	rjmp	.+28     	; 0x946 <__fixsfsi+0x9c>
     92a:	20 e0       	ldi	r18, 0x00	; 0
     92c:	30 e0       	ldi	r19, 0x00	; 0
     92e:	40 e0       	ldi	r20, 0x00	; 0
     930:	50 e0       	ldi	r21, 0x00	; 0
     932:	09 c0       	rjmp	.+18     	; 0x946 <__fixsfsi+0x9c>
     934:	2f ef       	ldi	r18, 0xFF	; 255
     936:	3f ef       	ldi	r19, 0xFF	; 255
     938:	4f ef       	ldi	r20, 0xFF	; 255
     93a:	5f e7       	ldi	r21, 0x7F	; 127
     93c:	04 c0       	rjmp	.+8      	; 0x946 <__fixsfsi+0x9c>
     93e:	20 e0       	ldi	r18, 0x00	; 0
     940:	30 e0       	ldi	r19, 0x00	; 0
     942:	40 e0       	ldi	r20, 0x00	; 0
     944:	50 e8       	ldi	r21, 0x80	; 128
     946:	b9 01       	movw	r22, r18
     948:	ca 01       	movw	r24, r20
     94a:	2c 96       	adiw	r28, 0x0c	; 12
     94c:	e2 e0       	ldi	r30, 0x02	; 2
     94e:	0c 94 91 19 	jmp	0x3322	; 0x3322 <__epilogue_restores__+0x20>

00000952 <__floatunsisf>:
     952:	a8 e0       	ldi	r26, 0x08	; 8
     954:	b0 e0       	ldi	r27, 0x00	; 0
     956:	ef ea       	ldi	r30, 0xAF	; 175
     958:	f4 e0       	ldi	r31, 0x04	; 4
     95a:	0c 94 6d 19 	jmp	0x32da	; 0x32da <__prologue_saves__+0x10>
     95e:	7b 01       	movw	r14, r22
     960:	8c 01       	movw	r16, r24
     962:	61 15       	cp	r22, r1
     964:	71 05       	cpc	r23, r1
     966:	81 05       	cpc	r24, r1
     968:	91 05       	cpc	r25, r1
     96a:	19 f4       	brne	.+6      	; 0x972 <__floatunsisf+0x20>
     96c:	82 e0       	ldi	r24, 0x02	; 2
     96e:	89 83       	std	Y+1, r24	; 0x01
     970:	60 c0       	rjmp	.+192    	; 0xa32 <__floatunsisf+0xe0>
     972:	83 e0       	ldi	r24, 0x03	; 3
     974:	89 83       	std	Y+1, r24	; 0x01
     976:	8e e1       	ldi	r24, 0x1E	; 30
     978:	c8 2e       	mov	r12, r24
     97a:	d1 2c       	mov	r13, r1
     97c:	dc 82       	std	Y+4, r13	; 0x04
     97e:	cb 82       	std	Y+3, r12	; 0x03
     980:	ed 82       	std	Y+5, r14	; 0x05
     982:	fe 82       	std	Y+6, r15	; 0x06
     984:	0f 83       	std	Y+7, r16	; 0x07
     986:	18 87       	std	Y+8, r17	; 0x08
     988:	c8 01       	movw	r24, r16
     98a:	b7 01       	movw	r22, r14
     98c:	0e 94 22 05 	call	0xa44	; 0xa44 <__clzsi2>
     990:	fc 01       	movw	r30, r24
     992:	31 97       	sbiw	r30, 0x01	; 1
     994:	f7 ff       	sbrs	r31, 7
     996:	3b c0       	rjmp	.+118    	; 0xa0e <__floatunsisf+0xbc>
     998:	22 27       	eor	r18, r18
     99a:	33 27       	eor	r19, r19
     99c:	2e 1b       	sub	r18, r30
     99e:	3f 0b       	sbc	r19, r31
     9a0:	57 01       	movw	r10, r14
     9a2:	68 01       	movw	r12, r16
     9a4:	02 2e       	mov	r0, r18
     9a6:	04 c0       	rjmp	.+8      	; 0x9b0 <__floatunsisf+0x5e>
     9a8:	d6 94       	lsr	r13
     9aa:	c7 94       	ror	r12
     9ac:	b7 94       	ror	r11
     9ae:	a7 94       	ror	r10
     9b0:	0a 94       	dec	r0
     9b2:	d2 f7       	brpl	.-12     	; 0x9a8 <__floatunsisf+0x56>
     9b4:	40 e0       	ldi	r20, 0x00	; 0
     9b6:	50 e0       	ldi	r21, 0x00	; 0
     9b8:	60 e0       	ldi	r22, 0x00	; 0
     9ba:	70 e0       	ldi	r23, 0x00	; 0
     9bc:	81 e0       	ldi	r24, 0x01	; 1
     9be:	90 e0       	ldi	r25, 0x00	; 0
     9c0:	a0 e0       	ldi	r26, 0x00	; 0
     9c2:	b0 e0       	ldi	r27, 0x00	; 0
     9c4:	04 c0       	rjmp	.+8      	; 0x9ce <__floatunsisf+0x7c>
     9c6:	88 0f       	add	r24, r24
     9c8:	99 1f       	adc	r25, r25
     9ca:	aa 1f       	adc	r26, r26
     9cc:	bb 1f       	adc	r27, r27
     9ce:	2a 95       	dec	r18
     9d0:	d2 f7       	brpl	.-12     	; 0x9c6 <__floatunsisf+0x74>
     9d2:	01 97       	sbiw	r24, 0x01	; 1
     9d4:	a1 09       	sbc	r26, r1
     9d6:	b1 09       	sbc	r27, r1
     9d8:	8e 21       	and	r24, r14
     9da:	9f 21       	and	r25, r15
     9dc:	a0 23       	and	r26, r16
     9de:	b1 23       	and	r27, r17
     9e0:	00 97       	sbiw	r24, 0x00	; 0
     9e2:	a1 05       	cpc	r26, r1
     9e4:	b1 05       	cpc	r27, r1
     9e6:	21 f0       	breq	.+8      	; 0x9f0 <__floatunsisf+0x9e>
     9e8:	41 e0       	ldi	r20, 0x01	; 1
     9ea:	50 e0       	ldi	r21, 0x00	; 0
     9ec:	60 e0       	ldi	r22, 0x00	; 0
     9ee:	70 e0       	ldi	r23, 0x00	; 0
     9f0:	4a 29       	or	r20, r10
     9f2:	5b 29       	or	r21, r11
     9f4:	6c 29       	or	r22, r12
     9f6:	7d 29       	or	r23, r13
     9f8:	4d 83       	std	Y+5, r20	; 0x05
     9fa:	5e 83       	std	Y+6, r21	; 0x06
     9fc:	6f 83       	std	Y+7, r22	; 0x07
     9fe:	78 87       	std	Y+8, r23	; 0x08
     a00:	8e e1       	ldi	r24, 0x1E	; 30
     a02:	90 e0       	ldi	r25, 0x00	; 0
     a04:	8e 1b       	sub	r24, r30
     a06:	9f 0b       	sbc	r25, r31
     a08:	9c 83       	std	Y+4, r25	; 0x04
     a0a:	8b 83       	std	Y+3, r24	; 0x03
     a0c:	12 c0       	rjmp	.+36     	; 0xa32 <__floatunsisf+0xe0>
     a0e:	30 97       	sbiw	r30, 0x00	; 0
     a10:	81 f0       	breq	.+32     	; 0xa32 <__floatunsisf+0xe0>
     a12:	0e 2e       	mov	r0, r30
     a14:	04 c0       	rjmp	.+8      	; 0xa1e <__floatunsisf+0xcc>
     a16:	ee 0c       	add	r14, r14
     a18:	ff 1c       	adc	r15, r15
     a1a:	00 1f       	adc	r16, r16
     a1c:	11 1f       	adc	r17, r17
     a1e:	0a 94       	dec	r0
     a20:	d2 f7       	brpl	.-12     	; 0xa16 <__floatunsisf+0xc4>
     a22:	ed 82       	std	Y+5, r14	; 0x05
     a24:	fe 82       	std	Y+6, r15	; 0x06
     a26:	0f 83       	std	Y+7, r16	; 0x07
     a28:	18 87       	std	Y+8, r17	; 0x08
     a2a:	ce 1a       	sub	r12, r30
     a2c:	df 0a       	sbc	r13, r31
     a2e:	dc 82       	std	Y+4, r13	; 0x04
     a30:	cb 82       	std	Y+3, r12	; 0x03
     a32:	1a 82       	std	Y+2, r1	; 0x02
     a34:	ce 01       	movw	r24, r28
     a36:	01 96       	adiw	r24, 0x01	; 1
     a38:	0e 94 71 05 	call	0xae2	; 0xae2 <__pack_f>
     a3c:	28 96       	adiw	r28, 0x08	; 8
     a3e:	ea e0       	ldi	r30, 0x0A	; 10
     a40:	0c 94 89 19 	jmp	0x3312	; 0x3312 <__epilogue_restores__+0x10>

00000a44 <__clzsi2>:
     a44:	ef 92       	push	r14
     a46:	ff 92       	push	r15
     a48:	0f 93       	push	r16
     a4a:	1f 93       	push	r17
     a4c:	7b 01       	movw	r14, r22
     a4e:	8c 01       	movw	r16, r24
     a50:	80 e0       	ldi	r24, 0x00	; 0
     a52:	e8 16       	cp	r14, r24
     a54:	80 e0       	ldi	r24, 0x00	; 0
     a56:	f8 06       	cpc	r15, r24
     a58:	81 e0       	ldi	r24, 0x01	; 1
     a5a:	08 07       	cpc	r16, r24
     a5c:	80 e0       	ldi	r24, 0x00	; 0
     a5e:	18 07       	cpc	r17, r24
     a60:	88 f4       	brcc	.+34     	; 0xa84 <__clzsi2+0x40>
     a62:	8f ef       	ldi	r24, 0xFF	; 255
     a64:	e8 16       	cp	r14, r24
     a66:	f1 04       	cpc	r15, r1
     a68:	01 05       	cpc	r16, r1
     a6a:	11 05       	cpc	r17, r1
     a6c:	31 f0       	breq	.+12     	; 0xa7a <__clzsi2+0x36>
     a6e:	28 f0       	brcs	.+10     	; 0xa7a <__clzsi2+0x36>
     a70:	88 e0       	ldi	r24, 0x08	; 8
     a72:	90 e0       	ldi	r25, 0x00	; 0
     a74:	a0 e0       	ldi	r26, 0x00	; 0
     a76:	b0 e0       	ldi	r27, 0x00	; 0
     a78:	17 c0       	rjmp	.+46     	; 0xaa8 <__clzsi2+0x64>
     a7a:	80 e0       	ldi	r24, 0x00	; 0
     a7c:	90 e0       	ldi	r25, 0x00	; 0
     a7e:	a0 e0       	ldi	r26, 0x00	; 0
     a80:	b0 e0       	ldi	r27, 0x00	; 0
     a82:	12 c0       	rjmp	.+36     	; 0xaa8 <__clzsi2+0x64>
     a84:	80 e0       	ldi	r24, 0x00	; 0
     a86:	e8 16       	cp	r14, r24
     a88:	80 e0       	ldi	r24, 0x00	; 0
     a8a:	f8 06       	cpc	r15, r24
     a8c:	80 e0       	ldi	r24, 0x00	; 0
     a8e:	08 07       	cpc	r16, r24
     a90:	81 e0       	ldi	r24, 0x01	; 1
     a92:	18 07       	cpc	r17, r24
     a94:	28 f0       	brcs	.+10     	; 0xaa0 <__clzsi2+0x5c>
     a96:	88 e1       	ldi	r24, 0x18	; 24
     a98:	90 e0       	ldi	r25, 0x00	; 0
     a9a:	a0 e0       	ldi	r26, 0x00	; 0
     a9c:	b0 e0       	ldi	r27, 0x00	; 0
     a9e:	04 c0       	rjmp	.+8      	; 0xaa8 <__clzsi2+0x64>
     aa0:	80 e1       	ldi	r24, 0x10	; 16
     aa2:	90 e0       	ldi	r25, 0x00	; 0
     aa4:	a0 e0       	ldi	r26, 0x00	; 0
     aa6:	b0 e0       	ldi	r27, 0x00	; 0
     aa8:	20 e2       	ldi	r18, 0x20	; 32
     aaa:	30 e0       	ldi	r19, 0x00	; 0
     aac:	40 e0       	ldi	r20, 0x00	; 0
     aae:	50 e0       	ldi	r21, 0x00	; 0
     ab0:	28 1b       	sub	r18, r24
     ab2:	39 0b       	sbc	r19, r25
     ab4:	4a 0b       	sbc	r20, r26
     ab6:	5b 0b       	sbc	r21, r27
     ab8:	04 c0       	rjmp	.+8      	; 0xac2 <__clzsi2+0x7e>
     aba:	16 95       	lsr	r17
     abc:	07 95       	ror	r16
     abe:	f7 94       	ror	r15
     ac0:	e7 94       	ror	r14
     ac2:	8a 95       	dec	r24
     ac4:	d2 f7       	brpl	.-12     	; 0xaba <__clzsi2+0x76>
     ac6:	f7 01       	movw	r30, r14
     ac8:	e0 58       	subi	r30, 0x80	; 128
     aca:	ff 4f       	sbci	r31, 0xFF	; 255
     acc:	80 81       	ld	r24, Z
     ace:	28 1b       	sub	r18, r24
     ad0:	31 09       	sbc	r19, r1
     ad2:	41 09       	sbc	r20, r1
     ad4:	51 09       	sbc	r21, r1
     ad6:	c9 01       	movw	r24, r18
     ad8:	1f 91       	pop	r17
     ada:	0f 91       	pop	r16
     adc:	ff 90       	pop	r15
     ade:	ef 90       	pop	r14
     ae0:	08 95       	ret

00000ae2 <__pack_f>:
     ae2:	df 92       	push	r13
     ae4:	ef 92       	push	r14
     ae6:	ff 92       	push	r15
     ae8:	0f 93       	push	r16
     aea:	1f 93       	push	r17
     aec:	fc 01       	movw	r30, r24
     aee:	e4 80       	ldd	r14, Z+4	; 0x04
     af0:	f5 80       	ldd	r15, Z+5	; 0x05
     af2:	06 81       	ldd	r16, Z+6	; 0x06
     af4:	17 81       	ldd	r17, Z+7	; 0x07
     af6:	d1 80       	ldd	r13, Z+1	; 0x01
     af8:	80 81       	ld	r24, Z
     afa:	82 30       	cpi	r24, 0x02	; 2
     afc:	48 f4       	brcc	.+18     	; 0xb10 <__pack_f+0x2e>
     afe:	80 e0       	ldi	r24, 0x00	; 0
     b00:	90 e0       	ldi	r25, 0x00	; 0
     b02:	a0 e1       	ldi	r26, 0x10	; 16
     b04:	b0 e0       	ldi	r27, 0x00	; 0
     b06:	e8 2a       	or	r14, r24
     b08:	f9 2a       	or	r15, r25
     b0a:	0a 2b       	or	r16, r26
     b0c:	1b 2b       	or	r17, r27
     b0e:	a5 c0       	rjmp	.+330    	; 0xc5a <__pack_f+0x178>
     b10:	84 30       	cpi	r24, 0x04	; 4
     b12:	09 f4       	brne	.+2      	; 0xb16 <__pack_f+0x34>
     b14:	9f c0       	rjmp	.+318    	; 0xc54 <__pack_f+0x172>
     b16:	82 30       	cpi	r24, 0x02	; 2
     b18:	21 f4       	brne	.+8      	; 0xb22 <__pack_f+0x40>
     b1a:	ee 24       	eor	r14, r14
     b1c:	ff 24       	eor	r15, r15
     b1e:	87 01       	movw	r16, r14
     b20:	05 c0       	rjmp	.+10     	; 0xb2c <__pack_f+0x4a>
     b22:	e1 14       	cp	r14, r1
     b24:	f1 04       	cpc	r15, r1
     b26:	01 05       	cpc	r16, r1
     b28:	11 05       	cpc	r17, r1
     b2a:	19 f4       	brne	.+6      	; 0xb32 <__pack_f+0x50>
     b2c:	e0 e0       	ldi	r30, 0x00	; 0
     b2e:	f0 e0       	ldi	r31, 0x00	; 0
     b30:	96 c0       	rjmp	.+300    	; 0xc5e <__pack_f+0x17c>
     b32:	62 81       	ldd	r22, Z+2	; 0x02
     b34:	73 81       	ldd	r23, Z+3	; 0x03
     b36:	9f ef       	ldi	r25, 0xFF	; 255
     b38:	62 38       	cpi	r22, 0x82	; 130
     b3a:	79 07       	cpc	r23, r25
     b3c:	0c f0       	brlt	.+2      	; 0xb40 <__pack_f+0x5e>
     b3e:	5b c0       	rjmp	.+182    	; 0xbf6 <__pack_f+0x114>
     b40:	22 e8       	ldi	r18, 0x82	; 130
     b42:	3f ef       	ldi	r19, 0xFF	; 255
     b44:	26 1b       	sub	r18, r22
     b46:	37 0b       	sbc	r19, r23
     b48:	2a 31       	cpi	r18, 0x1A	; 26
     b4a:	31 05       	cpc	r19, r1
     b4c:	2c f0       	brlt	.+10     	; 0xb58 <__pack_f+0x76>
     b4e:	20 e0       	ldi	r18, 0x00	; 0
     b50:	30 e0       	ldi	r19, 0x00	; 0
     b52:	40 e0       	ldi	r20, 0x00	; 0
     b54:	50 e0       	ldi	r21, 0x00	; 0
     b56:	2a c0       	rjmp	.+84     	; 0xbac <__pack_f+0xca>
     b58:	b8 01       	movw	r22, r16
     b5a:	a7 01       	movw	r20, r14
     b5c:	02 2e       	mov	r0, r18
     b5e:	04 c0       	rjmp	.+8      	; 0xb68 <__pack_f+0x86>
     b60:	76 95       	lsr	r23
     b62:	67 95       	ror	r22
     b64:	57 95       	ror	r21
     b66:	47 95       	ror	r20
     b68:	0a 94       	dec	r0
     b6a:	d2 f7       	brpl	.-12     	; 0xb60 <__pack_f+0x7e>
     b6c:	81 e0       	ldi	r24, 0x01	; 1
     b6e:	90 e0       	ldi	r25, 0x00	; 0
     b70:	a0 e0       	ldi	r26, 0x00	; 0
     b72:	b0 e0       	ldi	r27, 0x00	; 0
     b74:	04 c0       	rjmp	.+8      	; 0xb7e <__pack_f+0x9c>
     b76:	88 0f       	add	r24, r24
     b78:	99 1f       	adc	r25, r25
     b7a:	aa 1f       	adc	r26, r26
     b7c:	bb 1f       	adc	r27, r27
     b7e:	2a 95       	dec	r18
     b80:	d2 f7       	brpl	.-12     	; 0xb76 <__pack_f+0x94>
     b82:	01 97       	sbiw	r24, 0x01	; 1
     b84:	a1 09       	sbc	r26, r1
     b86:	b1 09       	sbc	r27, r1
     b88:	8e 21       	and	r24, r14
     b8a:	9f 21       	and	r25, r15
     b8c:	a0 23       	and	r26, r16
     b8e:	b1 23       	and	r27, r17
     b90:	00 97       	sbiw	r24, 0x00	; 0
     b92:	a1 05       	cpc	r26, r1
     b94:	b1 05       	cpc	r27, r1
     b96:	21 f0       	breq	.+8      	; 0xba0 <__pack_f+0xbe>
     b98:	81 e0       	ldi	r24, 0x01	; 1
     b9a:	90 e0       	ldi	r25, 0x00	; 0
     b9c:	a0 e0       	ldi	r26, 0x00	; 0
     b9e:	b0 e0       	ldi	r27, 0x00	; 0
     ba0:	9a 01       	movw	r18, r20
     ba2:	ab 01       	movw	r20, r22
     ba4:	28 2b       	or	r18, r24
     ba6:	39 2b       	or	r19, r25
     ba8:	4a 2b       	or	r20, r26
     baa:	5b 2b       	or	r21, r27
     bac:	da 01       	movw	r26, r20
     bae:	c9 01       	movw	r24, r18
     bb0:	8f 77       	andi	r24, 0x7F	; 127
     bb2:	90 70       	andi	r25, 0x00	; 0
     bb4:	a0 70       	andi	r26, 0x00	; 0
     bb6:	b0 70       	andi	r27, 0x00	; 0
     bb8:	80 34       	cpi	r24, 0x40	; 64
     bba:	91 05       	cpc	r25, r1
     bbc:	a1 05       	cpc	r26, r1
     bbe:	b1 05       	cpc	r27, r1
     bc0:	39 f4       	brne	.+14     	; 0xbd0 <__pack_f+0xee>
     bc2:	27 ff       	sbrs	r18, 7
     bc4:	09 c0       	rjmp	.+18     	; 0xbd8 <__pack_f+0xf6>
     bc6:	20 5c       	subi	r18, 0xC0	; 192
     bc8:	3f 4f       	sbci	r19, 0xFF	; 255
     bca:	4f 4f       	sbci	r20, 0xFF	; 255
     bcc:	5f 4f       	sbci	r21, 0xFF	; 255
     bce:	04 c0       	rjmp	.+8      	; 0xbd8 <__pack_f+0xf6>
     bd0:	21 5c       	subi	r18, 0xC1	; 193
     bd2:	3f 4f       	sbci	r19, 0xFF	; 255
     bd4:	4f 4f       	sbci	r20, 0xFF	; 255
     bd6:	5f 4f       	sbci	r21, 0xFF	; 255
     bd8:	e0 e0       	ldi	r30, 0x00	; 0
     bda:	f0 e0       	ldi	r31, 0x00	; 0
     bdc:	20 30       	cpi	r18, 0x00	; 0
     bde:	a0 e0       	ldi	r26, 0x00	; 0
     be0:	3a 07       	cpc	r19, r26
     be2:	a0 e0       	ldi	r26, 0x00	; 0
     be4:	4a 07       	cpc	r20, r26
     be6:	a0 e4       	ldi	r26, 0x40	; 64
     be8:	5a 07       	cpc	r21, r26
     bea:	10 f0       	brcs	.+4      	; 0xbf0 <__pack_f+0x10e>
     bec:	e1 e0       	ldi	r30, 0x01	; 1
     bee:	f0 e0       	ldi	r31, 0x00	; 0
     bf0:	79 01       	movw	r14, r18
     bf2:	8a 01       	movw	r16, r20
     bf4:	27 c0       	rjmp	.+78     	; 0xc44 <__pack_f+0x162>
     bf6:	60 38       	cpi	r22, 0x80	; 128
     bf8:	71 05       	cpc	r23, r1
     bfa:	64 f5       	brge	.+88     	; 0xc54 <__pack_f+0x172>
     bfc:	fb 01       	movw	r30, r22
     bfe:	e1 58       	subi	r30, 0x81	; 129
     c00:	ff 4f       	sbci	r31, 0xFF	; 255
     c02:	d8 01       	movw	r26, r16
     c04:	c7 01       	movw	r24, r14
     c06:	8f 77       	andi	r24, 0x7F	; 127
     c08:	90 70       	andi	r25, 0x00	; 0
     c0a:	a0 70       	andi	r26, 0x00	; 0
     c0c:	b0 70       	andi	r27, 0x00	; 0
     c0e:	80 34       	cpi	r24, 0x40	; 64
     c10:	91 05       	cpc	r25, r1
     c12:	a1 05       	cpc	r26, r1
     c14:	b1 05       	cpc	r27, r1
     c16:	39 f4       	brne	.+14     	; 0xc26 <__pack_f+0x144>
     c18:	e7 fe       	sbrs	r14, 7
     c1a:	0d c0       	rjmp	.+26     	; 0xc36 <__pack_f+0x154>
     c1c:	80 e4       	ldi	r24, 0x40	; 64
     c1e:	90 e0       	ldi	r25, 0x00	; 0
     c20:	a0 e0       	ldi	r26, 0x00	; 0
     c22:	b0 e0       	ldi	r27, 0x00	; 0
     c24:	04 c0       	rjmp	.+8      	; 0xc2e <__pack_f+0x14c>
     c26:	8f e3       	ldi	r24, 0x3F	; 63
     c28:	90 e0       	ldi	r25, 0x00	; 0
     c2a:	a0 e0       	ldi	r26, 0x00	; 0
     c2c:	b0 e0       	ldi	r27, 0x00	; 0
     c2e:	e8 0e       	add	r14, r24
     c30:	f9 1e       	adc	r15, r25
     c32:	0a 1f       	adc	r16, r26
     c34:	1b 1f       	adc	r17, r27
     c36:	17 ff       	sbrs	r17, 7
     c38:	05 c0       	rjmp	.+10     	; 0xc44 <__pack_f+0x162>
     c3a:	16 95       	lsr	r17
     c3c:	07 95       	ror	r16
     c3e:	f7 94       	ror	r15
     c40:	e7 94       	ror	r14
     c42:	31 96       	adiw	r30, 0x01	; 1
     c44:	87 e0       	ldi	r24, 0x07	; 7
     c46:	16 95       	lsr	r17
     c48:	07 95       	ror	r16
     c4a:	f7 94       	ror	r15
     c4c:	e7 94       	ror	r14
     c4e:	8a 95       	dec	r24
     c50:	d1 f7       	brne	.-12     	; 0xc46 <__pack_f+0x164>
     c52:	05 c0       	rjmp	.+10     	; 0xc5e <__pack_f+0x17c>
     c54:	ee 24       	eor	r14, r14
     c56:	ff 24       	eor	r15, r15
     c58:	87 01       	movw	r16, r14
     c5a:	ef ef       	ldi	r30, 0xFF	; 255
     c5c:	f0 e0       	ldi	r31, 0x00	; 0
     c5e:	6e 2f       	mov	r22, r30
     c60:	67 95       	ror	r22
     c62:	66 27       	eor	r22, r22
     c64:	67 95       	ror	r22
     c66:	90 2f       	mov	r25, r16
     c68:	9f 77       	andi	r25, 0x7F	; 127
     c6a:	d7 94       	ror	r13
     c6c:	dd 24       	eor	r13, r13
     c6e:	d7 94       	ror	r13
     c70:	8e 2f       	mov	r24, r30
     c72:	86 95       	lsr	r24
     c74:	49 2f       	mov	r20, r25
     c76:	46 2b       	or	r20, r22
     c78:	58 2f       	mov	r21, r24
     c7a:	5d 29       	or	r21, r13
     c7c:	b7 01       	movw	r22, r14
     c7e:	ca 01       	movw	r24, r20
     c80:	1f 91       	pop	r17
     c82:	0f 91       	pop	r16
     c84:	ff 90       	pop	r15
     c86:	ef 90       	pop	r14
     c88:	df 90       	pop	r13
     c8a:	08 95       	ret

00000c8c <__unpack_f>:
     c8c:	fc 01       	movw	r30, r24
     c8e:	db 01       	movw	r26, r22
     c90:	40 81       	ld	r20, Z
     c92:	51 81       	ldd	r21, Z+1	; 0x01
     c94:	22 81       	ldd	r18, Z+2	; 0x02
     c96:	62 2f       	mov	r22, r18
     c98:	6f 77       	andi	r22, 0x7F	; 127
     c9a:	70 e0       	ldi	r23, 0x00	; 0
     c9c:	22 1f       	adc	r18, r18
     c9e:	22 27       	eor	r18, r18
     ca0:	22 1f       	adc	r18, r18
     ca2:	93 81       	ldd	r25, Z+3	; 0x03
     ca4:	89 2f       	mov	r24, r25
     ca6:	88 0f       	add	r24, r24
     ca8:	82 2b       	or	r24, r18
     caa:	28 2f       	mov	r18, r24
     cac:	30 e0       	ldi	r19, 0x00	; 0
     cae:	99 1f       	adc	r25, r25
     cb0:	99 27       	eor	r25, r25
     cb2:	99 1f       	adc	r25, r25
     cb4:	11 96       	adiw	r26, 0x01	; 1
     cb6:	9c 93       	st	X, r25
     cb8:	11 97       	sbiw	r26, 0x01	; 1
     cba:	21 15       	cp	r18, r1
     cbc:	31 05       	cpc	r19, r1
     cbe:	a9 f5       	brne	.+106    	; 0xd2a <__unpack_f+0x9e>
     cc0:	41 15       	cp	r20, r1
     cc2:	51 05       	cpc	r21, r1
     cc4:	61 05       	cpc	r22, r1
     cc6:	71 05       	cpc	r23, r1
     cc8:	11 f4       	brne	.+4      	; 0xcce <__unpack_f+0x42>
     cca:	82 e0       	ldi	r24, 0x02	; 2
     ccc:	37 c0       	rjmp	.+110    	; 0xd3c <__unpack_f+0xb0>
     cce:	82 e8       	ldi	r24, 0x82	; 130
     cd0:	9f ef       	ldi	r25, 0xFF	; 255
     cd2:	13 96       	adiw	r26, 0x03	; 3
     cd4:	9c 93       	st	X, r25
     cd6:	8e 93       	st	-X, r24
     cd8:	12 97       	sbiw	r26, 0x02	; 2
     cda:	9a 01       	movw	r18, r20
     cdc:	ab 01       	movw	r20, r22
     cde:	67 e0       	ldi	r22, 0x07	; 7
     ce0:	22 0f       	add	r18, r18
     ce2:	33 1f       	adc	r19, r19
     ce4:	44 1f       	adc	r20, r20
     ce6:	55 1f       	adc	r21, r21
     ce8:	6a 95       	dec	r22
     cea:	d1 f7       	brne	.-12     	; 0xce0 <__unpack_f+0x54>
     cec:	83 e0       	ldi	r24, 0x03	; 3
     cee:	8c 93       	st	X, r24
     cf0:	0d c0       	rjmp	.+26     	; 0xd0c <__unpack_f+0x80>
     cf2:	22 0f       	add	r18, r18
     cf4:	33 1f       	adc	r19, r19
     cf6:	44 1f       	adc	r20, r20
     cf8:	55 1f       	adc	r21, r21
     cfa:	12 96       	adiw	r26, 0x02	; 2
     cfc:	8d 91       	ld	r24, X+
     cfe:	9c 91       	ld	r25, X
     d00:	13 97       	sbiw	r26, 0x03	; 3
     d02:	01 97       	sbiw	r24, 0x01	; 1
     d04:	13 96       	adiw	r26, 0x03	; 3
     d06:	9c 93       	st	X, r25
     d08:	8e 93       	st	-X, r24
     d0a:	12 97       	sbiw	r26, 0x02	; 2
     d0c:	20 30       	cpi	r18, 0x00	; 0
     d0e:	80 e0       	ldi	r24, 0x00	; 0
     d10:	38 07       	cpc	r19, r24
     d12:	80 e0       	ldi	r24, 0x00	; 0
     d14:	48 07       	cpc	r20, r24
     d16:	80 e4       	ldi	r24, 0x40	; 64
     d18:	58 07       	cpc	r21, r24
     d1a:	58 f3       	brcs	.-42     	; 0xcf2 <__unpack_f+0x66>
     d1c:	14 96       	adiw	r26, 0x04	; 4
     d1e:	2d 93       	st	X+, r18
     d20:	3d 93       	st	X+, r19
     d22:	4d 93       	st	X+, r20
     d24:	5c 93       	st	X, r21
     d26:	17 97       	sbiw	r26, 0x07	; 7
     d28:	08 95       	ret
     d2a:	2f 3f       	cpi	r18, 0xFF	; 255
     d2c:	31 05       	cpc	r19, r1
     d2e:	79 f4       	brne	.+30     	; 0xd4e <__unpack_f+0xc2>
     d30:	41 15       	cp	r20, r1
     d32:	51 05       	cpc	r21, r1
     d34:	61 05       	cpc	r22, r1
     d36:	71 05       	cpc	r23, r1
     d38:	19 f4       	brne	.+6      	; 0xd40 <__unpack_f+0xb4>
     d3a:	84 e0       	ldi	r24, 0x04	; 4
     d3c:	8c 93       	st	X, r24
     d3e:	08 95       	ret
     d40:	64 ff       	sbrs	r22, 4
     d42:	03 c0       	rjmp	.+6      	; 0xd4a <__unpack_f+0xbe>
     d44:	81 e0       	ldi	r24, 0x01	; 1
     d46:	8c 93       	st	X, r24
     d48:	12 c0       	rjmp	.+36     	; 0xd6e <__unpack_f+0xe2>
     d4a:	1c 92       	st	X, r1
     d4c:	10 c0       	rjmp	.+32     	; 0xd6e <__unpack_f+0xe2>
     d4e:	2f 57       	subi	r18, 0x7F	; 127
     d50:	30 40       	sbci	r19, 0x00	; 0
     d52:	13 96       	adiw	r26, 0x03	; 3
     d54:	3c 93       	st	X, r19
     d56:	2e 93       	st	-X, r18
     d58:	12 97       	sbiw	r26, 0x02	; 2
     d5a:	83 e0       	ldi	r24, 0x03	; 3
     d5c:	8c 93       	st	X, r24
     d5e:	87 e0       	ldi	r24, 0x07	; 7
     d60:	44 0f       	add	r20, r20
     d62:	55 1f       	adc	r21, r21
     d64:	66 1f       	adc	r22, r22
     d66:	77 1f       	adc	r23, r23
     d68:	8a 95       	dec	r24
     d6a:	d1 f7       	brne	.-12     	; 0xd60 <__unpack_f+0xd4>
     d6c:	70 64       	ori	r23, 0x40	; 64
     d6e:	14 96       	adiw	r26, 0x04	; 4
     d70:	4d 93       	st	X+, r20
     d72:	5d 93       	st	X+, r21
     d74:	6d 93       	st	X+, r22
     d76:	7c 93       	st	X, r23
     d78:	17 97       	sbiw	r26, 0x07	; 7
     d7a:	08 95       	ret

00000d7c <__fpcmp_parts_f>:
     d7c:	1f 93       	push	r17
     d7e:	dc 01       	movw	r26, r24
     d80:	fb 01       	movw	r30, r22
     d82:	9c 91       	ld	r25, X
     d84:	92 30       	cpi	r25, 0x02	; 2
     d86:	08 f4       	brcc	.+2      	; 0xd8a <__fpcmp_parts_f+0xe>
     d88:	47 c0       	rjmp	.+142    	; 0xe18 <__fpcmp_parts_f+0x9c>
     d8a:	80 81       	ld	r24, Z
     d8c:	82 30       	cpi	r24, 0x02	; 2
     d8e:	08 f4       	brcc	.+2      	; 0xd92 <__fpcmp_parts_f+0x16>
     d90:	43 c0       	rjmp	.+134    	; 0xe18 <__fpcmp_parts_f+0x9c>
     d92:	94 30       	cpi	r25, 0x04	; 4
     d94:	51 f4       	brne	.+20     	; 0xdaa <__fpcmp_parts_f+0x2e>
     d96:	11 96       	adiw	r26, 0x01	; 1
     d98:	1c 91       	ld	r17, X
     d9a:	84 30       	cpi	r24, 0x04	; 4
     d9c:	99 f5       	brne	.+102    	; 0xe04 <__fpcmp_parts_f+0x88>
     d9e:	81 81       	ldd	r24, Z+1	; 0x01
     da0:	68 2f       	mov	r22, r24
     da2:	70 e0       	ldi	r23, 0x00	; 0
     da4:	61 1b       	sub	r22, r17
     da6:	71 09       	sbc	r23, r1
     da8:	3f c0       	rjmp	.+126    	; 0xe28 <__fpcmp_parts_f+0xac>
     daa:	84 30       	cpi	r24, 0x04	; 4
     dac:	21 f0       	breq	.+8      	; 0xdb6 <__fpcmp_parts_f+0x3a>
     dae:	92 30       	cpi	r25, 0x02	; 2
     db0:	31 f4       	brne	.+12     	; 0xdbe <__fpcmp_parts_f+0x42>
     db2:	82 30       	cpi	r24, 0x02	; 2
     db4:	b9 f1       	breq	.+110    	; 0xe24 <__fpcmp_parts_f+0xa8>
     db6:	81 81       	ldd	r24, Z+1	; 0x01
     db8:	88 23       	and	r24, r24
     dba:	89 f1       	breq	.+98     	; 0xe1e <__fpcmp_parts_f+0xa2>
     dbc:	2d c0       	rjmp	.+90     	; 0xe18 <__fpcmp_parts_f+0x9c>
     dbe:	11 96       	adiw	r26, 0x01	; 1
     dc0:	1c 91       	ld	r17, X
     dc2:	11 97       	sbiw	r26, 0x01	; 1
     dc4:	82 30       	cpi	r24, 0x02	; 2
     dc6:	f1 f0       	breq	.+60     	; 0xe04 <__fpcmp_parts_f+0x88>
     dc8:	81 81       	ldd	r24, Z+1	; 0x01
     dca:	18 17       	cp	r17, r24
     dcc:	d9 f4       	brne	.+54     	; 0xe04 <__fpcmp_parts_f+0x88>
     dce:	12 96       	adiw	r26, 0x02	; 2
     dd0:	2d 91       	ld	r18, X+
     dd2:	3c 91       	ld	r19, X
     dd4:	13 97       	sbiw	r26, 0x03	; 3
     dd6:	82 81       	ldd	r24, Z+2	; 0x02
     dd8:	93 81       	ldd	r25, Z+3	; 0x03
     dda:	82 17       	cp	r24, r18
     ddc:	93 07       	cpc	r25, r19
     dde:	94 f0       	brlt	.+36     	; 0xe04 <__fpcmp_parts_f+0x88>
     de0:	28 17       	cp	r18, r24
     de2:	39 07       	cpc	r19, r25
     de4:	bc f0       	brlt	.+46     	; 0xe14 <__fpcmp_parts_f+0x98>
     de6:	14 96       	adiw	r26, 0x04	; 4
     de8:	8d 91       	ld	r24, X+
     dea:	9d 91       	ld	r25, X+
     dec:	0d 90       	ld	r0, X+
     dee:	bc 91       	ld	r27, X
     df0:	a0 2d       	mov	r26, r0
     df2:	24 81       	ldd	r18, Z+4	; 0x04
     df4:	35 81       	ldd	r19, Z+5	; 0x05
     df6:	46 81       	ldd	r20, Z+6	; 0x06
     df8:	57 81       	ldd	r21, Z+7	; 0x07
     dfa:	28 17       	cp	r18, r24
     dfc:	39 07       	cpc	r19, r25
     dfe:	4a 07       	cpc	r20, r26
     e00:	5b 07       	cpc	r21, r27
     e02:	18 f4       	brcc	.+6      	; 0xe0a <__fpcmp_parts_f+0x8e>
     e04:	11 23       	and	r17, r17
     e06:	41 f0       	breq	.+16     	; 0xe18 <__fpcmp_parts_f+0x9c>
     e08:	0a c0       	rjmp	.+20     	; 0xe1e <__fpcmp_parts_f+0xa2>
     e0a:	82 17       	cp	r24, r18
     e0c:	93 07       	cpc	r25, r19
     e0e:	a4 07       	cpc	r26, r20
     e10:	b5 07       	cpc	r27, r21
     e12:	40 f4       	brcc	.+16     	; 0xe24 <__fpcmp_parts_f+0xa8>
     e14:	11 23       	and	r17, r17
     e16:	19 f0       	breq	.+6      	; 0xe1e <__fpcmp_parts_f+0xa2>
     e18:	61 e0       	ldi	r22, 0x01	; 1
     e1a:	70 e0       	ldi	r23, 0x00	; 0
     e1c:	05 c0       	rjmp	.+10     	; 0xe28 <__fpcmp_parts_f+0xac>
     e1e:	6f ef       	ldi	r22, 0xFF	; 255
     e20:	7f ef       	ldi	r23, 0xFF	; 255
     e22:	02 c0       	rjmp	.+4      	; 0xe28 <__fpcmp_parts_f+0xac>
     e24:	60 e0       	ldi	r22, 0x00	; 0
     e26:	70 e0       	ldi	r23, 0x00	; 0
     e28:	cb 01       	movw	r24, r22
     e2a:	1f 91       	pop	r17
     e2c:	08 95       	ret

00000e2e <main>:
#include "hal.h"
#include <util\delay.h>
#include <avr/io.h>

int main(void)
{
     e2e:	df 93       	push	r29
     e30:	cf 93       	push	r28
     e32:	cd b7       	in	r28, 0x3d	; 61
     e34:	de b7       	in	r29, 0x3e	; 62
     e36:	6e 97       	sbiw	r28, 0x1e	; 30
     e38:	0f b6       	in	r0, 0x3f	; 63
     e3a:	f8 94       	cli
     e3c:	de bf       	out	0x3e, r29	; 62
     e3e:	0f be       	out	0x3f, r0	; 63
     e40:	cd bf       	out	0x3d, r28	; 61
	/*
	 * Enabling The Global Interrupt
	 */
	SREG |= (1<<7);
     e42:	af e5       	ldi	r26, 0x5F	; 95
     e44:	b0 e0       	ldi	r27, 0x00	; 0
     e46:	ef e5       	ldi	r30, 0x5F	; 95
     e48:	f0 e0       	ldi	r31, 0x00	; 0
     e4a:	80 81       	ld	r24, Z
     e4c:	80 68       	ori	r24, 0x80	; 128
     e4e:	8c 93       	st	X, r24

	/*------------ Initializations -------------*/
	LCD_init();
     e50:	0e 94 fe 0c 	call	0x19fc	; 0x19fc <LCD_init>
	Ultrasonic_init();
     e54:	0e 94 9a 17 	call	0x2f34	; 0x2f34 <Ultrasonic_init>
	LED_init();
     e58:	0e 94 57 17 	call	0x2eae	; 0x2eae <LED_init>
	Buzzer_init();
     e5c:	0e 94 b4 08 	call	0x1168	; 0x1168 <Buzzer_init>
	/*------------------------------------------*/

	LCD_displayString("Distance =");
     e60:	80 e6       	ldi	r24, 0x60	; 96
     e62:	90 e0       	ldi	r25, 0x00	; 0
     e64:	0e 94 a6 16 	call	0x2d4c	; 0x2d4c <LCD_displayString>
	while(1)
	{
		/*
		 * Reading the distance from the ultrasonic sensor.
		 */
		distance = Ultrasonic_readDistance();
     e68:	0e 94 90 18 	call	0x3120	; 0x3120 <Ultrasonic_readDistance>
     e6c:	9e 8f       	std	Y+30, r25	; 0x1e
     e6e:	8d 8f       	std	Y+29, r24	; 0x1d
		/*
		 * Displaying the distance.
		 */
		LCD_moveCursor(0,11);
     e70:	80 e0       	ldi	r24, 0x00	; 0
     e72:	6b e0       	ldi	r22, 0x0B	; 11
     e74:	0e 94 cf 16 	call	0x2d9e	; 0x2d9e <LCD_moveCursor>
		LCD_intgerToString(distance);
     e78:	8d 8d       	ldd	r24, Y+29	; 0x1d
     e7a:	9e 8d       	ldd	r25, Y+30	; 0x1e
     e7c:	0e 94 2a 17 	call	0x2e54	; 0x2e54 <LCD_intgerToString>
		LCD_displayString("cm");
     e80:	8b e6       	ldi	r24, 0x6B	; 107
     e82:	90 e0       	ldi	r25, 0x00	; 0
     e84:	0e 94 a6 16 	call	0x2d4c	; 0x2d4c <LCD_displayString>
		 * buzzer.
		 * 11cm <= Distance <= 15cm: Red and Green LEDs ON, Blue LED OFF.
		 * 16cm <= Distance <= 20cm: Only Red LED ON, others OFF.
		 * Distance > 20cm: All LEDs OFF, Buzzer OFF.
		 * */
		if(distance <= 5)
     e88:	8d 8d       	ldd	r24, Y+29	; 0x1d
     e8a:	9e 8d       	ldd	r25, Y+30	; 0x1e
     e8c:	86 30       	cpi	r24, 0x06	; 6
     e8e:	91 05       	cpc	r25, r1
     e90:	08 f0       	brcs	.+2      	; 0xe94 <main+0x66>
     e92:	00 c1       	rjmp	.+512    	; 0x1094 <main+0x266>
		{
			LCD_displayStringRowColumn(1,0,"STOP");
     e94:	2e e6       	ldi	r18, 0x6E	; 110
     e96:	30 e0       	ldi	r19, 0x00	; 0
     e98:	81 e0       	ldi	r24, 0x01	; 1
     e9a:	60 e0       	ldi	r22, 0x00	; 0
     e9c:	a9 01       	movw	r20, r18
     e9e:	0e 94 11 17 	call	0x2e22	; 0x2e22 <LCD_displayStringRowColumn>
			Buzzer_on();
     ea2:	0e 94 c5 08 	call	0x118a	; 0x118a <Buzzer_on>

			LED_on(LED_RED);
     ea6:	80 e0       	ldi	r24, 0x00	; 0
     ea8:	0e 94 7c 17 	call	0x2ef8	; 0x2ef8 <LED_on>
			LED_on(LED_GREEN);
     eac:	81 e0       	ldi	r24, 0x01	; 1
     eae:	0e 94 7c 17 	call	0x2ef8	; 0x2ef8 <LED_on>
			LED_on(LED_BLUE);
     eb2:	82 e0       	ldi	r24, 0x02	; 2
     eb4:	0e 94 7c 17 	call	0x2ef8	; 0x2ef8 <LED_on>
     eb8:	80 e0       	ldi	r24, 0x00	; 0
     eba:	90 e0       	ldi	r25, 0x00	; 0
     ebc:	a8 e4       	ldi	r26, 0x48	; 72
     ebe:	b3 e4       	ldi	r27, 0x43	; 67
     ec0:	89 8f       	std	Y+25, r24	; 0x19
     ec2:	9a 8f       	std	Y+26, r25	; 0x1a
     ec4:	ab 8f       	std	Y+27, r26	; 0x1b
     ec6:	bc 8f       	std	Y+28, r27	; 0x1c
 */
void
_delay_ms(double __ms)
{
	uint16_t __ticks;
	double __tmp = ((F_CPU) / 4e3) * __ms;
     ec8:	69 8d       	ldd	r22, Y+25	; 0x19
     eca:	7a 8d       	ldd	r23, Y+26	; 0x1a
     ecc:	8b 8d       	ldd	r24, Y+27	; 0x1b
     ece:	9c 8d       	ldd	r25, Y+28	; 0x1c
     ed0:	20 e0       	ldi	r18, 0x00	; 0
     ed2:	30 e0       	ldi	r19, 0x00	; 0
     ed4:	4a e7       	ldi	r20, 0x7A	; 122
     ed6:	55 e4       	ldi	r21, 0x45	; 69
     ed8:	0e 94 1f 02 	call	0x43e	; 0x43e <__mulsf3>
     edc:	dc 01       	movw	r26, r24
     ede:	cb 01       	movw	r24, r22
     ee0:	8d 8b       	std	Y+21, r24	; 0x15
     ee2:	9e 8b       	std	Y+22, r25	; 0x16
     ee4:	af 8b       	std	Y+23, r26	; 0x17
     ee6:	b8 8f       	std	Y+24, r27	; 0x18
	if (__tmp < 1.0)
     ee8:	6d 89       	ldd	r22, Y+21	; 0x15
     eea:	7e 89       	ldd	r23, Y+22	; 0x16
     eec:	8f 89       	ldd	r24, Y+23	; 0x17
     eee:	98 8d       	ldd	r25, Y+24	; 0x18
     ef0:	20 e0       	ldi	r18, 0x00	; 0
     ef2:	30 e0       	ldi	r19, 0x00	; 0
     ef4:	40 e8       	ldi	r20, 0x80	; 128
     ef6:	5f e3       	ldi	r21, 0x3F	; 63
     ef8:	0e 94 25 04 	call	0x84a	; 0x84a <__ltsf2>
     efc:	88 23       	and	r24, r24
     efe:	2c f4       	brge	.+10     	; 0xf0a <main+0xdc>
		__ticks = 1;
     f00:	81 e0       	ldi	r24, 0x01	; 1
     f02:	90 e0       	ldi	r25, 0x00	; 0
     f04:	9c 8b       	std	Y+20, r25	; 0x14
     f06:	8b 8b       	std	Y+19, r24	; 0x13
     f08:	3f c0       	rjmp	.+126    	; 0xf88 <main+0x15a>
	else if (__tmp > 65535)
     f0a:	6d 89       	ldd	r22, Y+21	; 0x15
     f0c:	7e 89       	ldd	r23, Y+22	; 0x16
     f0e:	8f 89       	ldd	r24, Y+23	; 0x17
     f10:	98 8d       	ldd	r25, Y+24	; 0x18
     f12:	20 e0       	ldi	r18, 0x00	; 0
     f14:	3f ef       	ldi	r19, 0xFF	; 255
     f16:	4f e7       	ldi	r20, 0x7F	; 127
     f18:	57 e4       	ldi	r21, 0x47	; 71
     f1a:	0e 94 c5 03 	call	0x78a	; 0x78a <__gtsf2>
     f1e:	18 16       	cp	r1, r24
     f20:	4c f5       	brge	.+82     	; 0xf74 <main+0x146>
	{
		//	__ticks = requested delay in 1/10 ms
		__ticks = (uint16_t) (__ms * 10.0);
     f22:	69 8d       	ldd	r22, Y+25	; 0x19
     f24:	7a 8d       	ldd	r23, Y+26	; 0x1a
     f26:	8b 8d       	ldd	r24, Y+27	; 0x1b
     f28:	9c 8d       	ldd	r25, Y+28	; 0x1c
     f2a:	20 e0       	ldi	r18, 0x00	; 0
     f2c:	30 e0       	ldi	r19, 0x00	; 0
     f2e:	40 e2       	ldi	r20, 0x20	; 32
     f30:	51 e4       	ldi	r21, 0x41	; 65
     f32:	0e 94 1f 02 	call	0x43e	; 0x43e <__mulsf3>
     f36:	dc 01       	movw	r26, r24
     f38:	cb 01       	movw	r24, r22
     f3a:	bc 01       	movw	r22, r24
     f3c:	cd 01       	movw	r24, r26
     f3e:	0e 94 49 00 	call	0x92	; 0x92 <__fixunssfsi>
     f42:	dc 01       	movw	r26, r24
     f44:	cb 01       	movw	r24, r22
     f46:	9c 8b       	std	Y+20, r25	; 0x14
     f48:	8b 8b       	std	Y+19, r24	; 0x13
     f4a:	0f c0       	rjmp	.+30     	; 0xf6a <main+0x13c>
     f4c:	80 e9       	ldi	r24, 0x90	; 144
     f4e:	91 e0       	ldi	r25, 0x01	; 1
     f50:	9a 8b       	std	Y+18, r25	; 0x12
     f52:	89 8b       	std	Y+17, r24	; 0x11
    milliseconds can be achieved.
 */
void
_delay_loop_2(uint16_t __count)
{
	__asm__ volatile (
     f54:	89 89       	ldd	r24, Y+17	; 0x11
     f56:	9a 89       	ldd	r25, Y+18	; 0x12
     f58:	01 97       	sbiw	r24, 0x01	; 1
     f5a:	f1 f7       	brne	.-4      	; 0xf58 <main+0x12a>
     f5c:	9a 8b       	std	Y+18, r25	; 0x12
     f5e:	89 8b       	std	Y+17, r24	; 0x11
		while(__ticks)
		{
			// wait 1/10 ms
			_delay_loop_2(((F_CPU) / 4e3) / 10);
			__ticks --;
     f60:	8b 89       	ldd	r24, Y+19	; 0x13
     f62:	9c 89       	ldd	r25, Y+20	; 0x14
     f64:	01 97       	sbiw	r24, 0x01	; 1
     f66:	9c 8b       	std	Y+20, r25	; 0x14
     f68:	8b 8b       	std	Y+19, r24	; 0x13
		__ticks = 1;
	else if (__tmp > 65535)
	{
		//	__ticks = requested delay in 1/10 ms
		__ticks = (uint16_t) (__ms * 10.0);
		while(__ticks)
     f6a:	8b 89       	ldd	r24, Y+19	; 0x13
     f6c:	9c 89       	ldd	r25, Y+20	; 0x14
     f6e:	00 97       	sbiw	r24, 0x00	; 0
     f70:	69 f7       	brne	.-38     	; 0xf4c <main+0x11e>
     f72:	14 c0       	rjmp	.+40     	; 0xf9c <main+0x16e>
			__ticks --;
		}
		return;
	}
	else
		__ticks = (uint16_t)__tmp;
     f74:	6d 89       	ldd	r22, Y+21	; 0x15
     f76:	7e 89       	ldd	r23, Y+22	; 0x16
     f78:	8f 89       	ldd	r24, Y+23	; 0x17
     f7a:	98 8d       	ldd	r25, Y+24	; 0x18
     f7c:	0e 94 49 00 	call	0x92	; 0x92 <__fixunssfsi>
     f80:	dc 01       	movw	r26, r24
     f82:	cb 01       	movw	r24, r22
     f84:	9c 8b       	std	Y+20, r25	; 0x14
     f86:	8b 8b       	std	Y+19, r24	; 0x13
     f88:	8b 89       	ldd	r24, Y+19	; 0x13
     f8a:	9c 89       	ldd	r25, Y+20	; 0x14
     f8c:	98 8b       	std	Y+16, r25	; 0x10
     f8e:	8f 87       	std	Y+15, r24	; 0x0f
     f90:	8f 85       	ldd	r24, Y+15	; 0x0f
     f92:	98 89       	ldd	r25, Y+16	; 0x10
     f94:	01 97       	sbiw	r24, 0x01	; 1
     f96:	f1 f7       	brne	.-4      	; 0xf94 <main+0x166>
     f98:	98 8b       	std	Y+16, r25	; 0x10
     f9a:	8f 87       	std	Y+15, r24	; 0x0f
			_delay_ms(200);

			LED_off(LED_RED);
     f9c:	80 e0       	ldi	r24, 0x00	; 0
     f9e:	0e 94 8b 17 	call	0x2f16	; 0x2f16 <LED_off>
			LED_off(LED_GREEN);
     fa2:	81 e0       	ldi	r24, 0x01	; 1
     fa4:	0e 94 8b 17 	call	0x2f16	; 0x2f16 <LED_off>
			LED_off(LED_BLUE);
     fa8:	82 e0       	ldi	r24, 0x02	; 2
     faa:	0e 94 8b 17 	call	0x2f16	; 0x2f16 <LED_off>
     fae:	80 e0       	ldi	r24, 0x00	; 0
     fb0:	90 e0       	ldi	r25, 0x00	; 0
     fb2:	a8 e4       	ldi	r26, 0x48	; 72
     fb4:	b3 e4       	ldi	r27, 0x43	; 67
     fb6:	8b 87       	std	Y+11, r24	; 0x0b
     fb8:	9c 87       	std	Y+12, r25	; 0x0c
     fba:	ad 87       	std	Y+13, r26	; 0x0d
     fbc:	be 87       	std	Y+14, r27	; 0x0e
 */
void
_delay_ms(double __ms)
{
	uint16_t __ticks;
	double __tmp = ((F_CPU) / 4e3) * __ms;
     fbe:	6b 85       	ldd	r22, Y+11	; 0x0b
     fc0:	7c 85       	ldd	r23, Y+12	; 0x0c
     fc2:	8d 85       	ldd	r24, Y+13	; 0x0d
     fc4:	9e 85       	ldd	r25, Y+14	; 0x0e
     fc6:	20 e0       	ldi	r18, 0x00	; 0
     fc8:	30 e0       	ldi	r19, 0x00	; 0
     fca:	4a e7       	ldi	r20, 0x7A	; 122
     fcc:	55 e4       	ldi	r21, 0x45	; 69
     fce:	0e 94 1f 02 	call	0x43e	; 0x43e <__mulsf3>
     fd2:	dc 01       	movw	r26, r24
     fd4:	cb 01       	movw	r24, r22
     fd6:	8f 83       	std	Y+7, r24	; 0x07
     fd8:	98 87       	std	Y+8, r25	; 0x08
     fda:	a9 87       	std	Y+9, r26	; 0x09
     fdc:	ba 87       	std	Y+10, r27	; 0x0a
	if (__tmp < 1.0)
     fde:	6f 81       	ldd	r22, Y+7	; 0x07
     fe0:	78 85       	ldd	r23, Y+8	; 0x08
     fe2:	89 85       	ldd	r24, Y+9	; 0x09
     fe4:	9a 85       	ldd	r25, Y+10	; 0x0a
     fe6:	20 e0       	ldi	r18, 0x00	; 0
     fe8:	30 e0       	ldi	r19, 0x00	; 0
     fea:	40 e8       	ldi	r20, 0x80	; 128
     fec:	5f e3       	ldi	r21, 0x3F	; 63
     fee:	0e 94 25 04 	call	0x84a	; 0x84a <__ltsf2>
     ff2:	88 23       	and	r24, r24
     ff4:	2c f4       	brge	.+10     	; 0x1000 <main+0x1d2>
		__ticks = 1;
     ff6:	81 e0       	ldi	r24, 0x01	; 1
     ff8:	90 e0       	ldi	r25, 0x00	; 0
     ffa:	9e 83       	std	Y+6, r25	; 0x06
     ffc:	8d 83       	std	Y+5, r24	; 0x05
     ffe:	3f c0       	rjmp	.+126    	; 0x107e <main+0x250>
	else if (__tmp > 65535)
    1000:	6f 81       	ldd	r22, Y+7	; 0x07
    1002:	78 85       	ldd	r23, Y+8	; 0x08
    1004:	89 85       	ldd	r24, Y+9	; 0x09
    1006:	9a 85       	ldd	r25, Y+10	; 0x0a
    1008:	20 e0       	ldi	r18, 0x00	; 0
    100a:	3f ef       	ldi	r19, 0xFF	; 255
    100c:	4f e7       	ldi	r20, 0x7F	; 127
    100e:	57 e4       	ldi	r21, 0x47	; 71
    1010:	0e 94 c5 03 	call	0x78a	; 0x78a <__gtsf2>
    1014:	18 16       	cp	r1, r24
    1016:	4c f5       	brge	.+82     	; 0x106a <main+0x23c>
	{
		//	__ticks = requested delay in 1/10 ms
		__ticks = (uint16_t) (__ms * 10.0);
    1018:	6b 85       	ldd	r22, Y+11	; 0x0b
    101a:	7c 85       	ldd	r23, Y+12	; 0x0c
    101c:	8d 85       	ldd	r24, Y+13	; 0x0d
    101e:	9e 85       	ldd	r25, Y+14	; 0x0e
    1020:	20 e0       	ldi	r18, 0x00	; 0
    1022:	30 e0       	ldi	r19, 0x00	; 0
    1024:	40 e2       	ldi	r20, 0x20	; 32
    1026:	51 e4       	ldi	r21, 0x41	; 65
    1028:	0e 94 1f 02 	call	0x43e	; 0x43e <__mulsf3>
    102c:	dc 01       	movw	r26, r24
    102e:	cb 01       	movw	r24, r22
    1030:	bc 01       	movw	r22, r24
    1032:	cd 01       	movw	r24, r26
    1034:	0e 94 49 00 	call	0x92	; 0x92 <__fixunssfsi>
    1038:	dc 01       	movw	r26, r24
    103a:	cb 01       	movw	r24, r22
    103c:	9e 83       	std	Y+6, r25	; 0x06
    103e:	8d 83       	std	Y+5, r24	; 0x05
    1040:	0f c0       	rjmp	.+30     	; 0x1060 <main+0x232>
    1042:	80 e9       	ldi	r24, 0x90	; 144
    1044:	91 e0       	ldi	r25, 0x01	; 1
    1046:	9c 83       	std	Y+4, r25	; 0x04
    1048:	8b 83       	std	Y+3, r24	; 0x03
    104a:	8b 81       	ldd	r24, Y+3	; 0x03
    104c:	9c 81       	ldd	r25, Y+4	; 0x04
    104e:	01 97       	sbiw	r24, 0x01	; 1
    1050:	f1 f7       	brne	.-4      	; 0x104e <main+0x220>
    1052:	9c 83       	std	Y+4, r25	; 0x04
    1054:	8b 83       	std	Y+3, r24	; 0x03
		while(__ticks)
		{
			// wait 1/10 ms
			_delay_loop_2(((F_CPU) / 4e3) / 10);
			__ticks --;
    1056:	8d 81       	ldd	r24, Y+5	; 0x05
    1058:	9e 81       	ldd	r25, Y+6	; 0x06
    105a:	01 97       	sbiw	r24, 0x01	; 1
    105c:	9e 83       	std	Y+6, r25	; 0x06
    105e:	8d 83       	std	Y+5, r24	; 0x05
		__ticks = 1;
	else if (__tmp > 65535)
	{
		//	__ticks = requested delay in 1/10 ms
		__ticks = (uint16_t) (__ms * 10.0);
		while(__ticks)
    1060:	8d 81       	ldd	r24, Y+5	; 0x05
    1062:	9e 81       	ldd	r25, Y+6	; 0x06
    1064:	00 97       	sbiw	r24, 0x00	; 0
    1066:	69 f7       	brne	.-38     	; 0x1042 <main+0x214>
    1068:	ff ce       	rjmp	.-514    	; 0xe68 <main+0x3a>
			__ticks --;
		}
		return;
	}
	else
		__ticks = (uint16_t)__tmp;
    106a:	6f 81       	ldd	r22, Y+7	; 0x07
    106c:	78 85       	ldd	r23, Y+8	; 0x08
    106e:	89 85       	ldd	r24, Y+9	; 0x09
    1070:	9a 85       	ldd	r25, Y+10	; 0x0a
    1072:	0e 94 49 00 	call	0x92	; 0x92 <__fixunssfsi>
    1076:	dc 01       	movw	r26, r24
    1078:	cb 01       	movw	r24, r22
    107a:	9e 83       	std	Y+6, r25	; 0x06
    107c:	8d 83       	std	Y+5, r24	; 0x05
    107e:	8d 81       	ldd	r24, Y+5	; 0x05
    1080:	9e 81       	ldd	r25, Y+6	; 0x06
    1082:	9a 83       	std	Y+2, r25	; 0x02
    1084:	89 83       	std	Y+1, r24	; 0x01
    1086:	89 81       	ldd	r24, Y+1	; 0x01
    1088:	9a 81       	ldd	r25, Y+2	; 0x02
    108a:	01 97       	sbiw	r24, 0x01	; 1
    108c:	f1 f7       	brne	.-4      	; 0x108a <main+0x25c>
    108e:	9a 83       	std	Y+2, r25	; 0x02
    1090:	89 83       	std	Y+1, r24	; 0x01
    1092:	ea ce       	rjmp	.-556    	; 0xe68 <main+0x3a>
			_delay_ms(200);
		}
		else if((distance > 5) && (distance <= 10))
    1094:	8d 8d       	ldd	r24, Y+29	; 0x1d
    1096:	9e 8d       	ldd	r25, Y+30	; 0x1e
    1098:	86 30       	cpi	r24, 0x06	; 6
    109a:	91 05       	cpc	r25, r1
    109c:	c0 f0       	brcs	.+48     	; 0x10ce <main+0x2a0>
    109e:	8d 8d       	ldd	r24, Y+29	; 0x1d
    10a0:	9e 8d       	ldd	r25, Y+30	; 0x1e
    10a2:	8b 30       	cpi	r24, 0x0B	; 11
    10a4:	91 05       	cpc	r25, r1
    10a6:	98 f4       	brcc	.+38     	; 0x10ce <main+0x2a0>
		{
			/*
			 * Clearing "Stop" if existed
			 * Disabling Buzzer
			 */
			LCD_displayStringRowColumn(1,0,"    ");
    10a8:	23 e7       	ldi	r18, 0x73	; 115
    10aa:	30 e0       	ldi	r19, 0x00	; 0
    10ac:	81 e0       	ldi	r24, 0x01	; 1
    10ae:	60 e0       	ldi	r22, 0x00	; 0
    10b0:	a9 01       	movw	r20, r18
    10b2:	0e 94 11 17 	call	0x2e22	; 0x2e22 <LCD_displayStringRowColumn>
			Buzzer_off();
    10b6:	0e 94 d1 08 	call	0x11a2	; 0x11a2 <Buzzer_off>

			LED_on(LED_RED);
    10ba:	80 e0       	ldi	r24, 0x00	; 0
    10bc:	0e 94 7c 17 	call	0x2ef8	; 0x2ef8 <LED_on>
			LED_on(LED_GREEN);
    10c0:	81 e0       	ldi	r24, 0x01	; 1
    10c2:	0e 94 7c 17 	call	0x2ef8	; 0x2ef8 <LED_on>
			LED_on(LED_BLUE);
    10c6:	82 e0       	ldi	r24, 0x02	; 2
    10c8:	0e 94 7c 17 	call	0x2ef8	; 0x2ef8 <LED_on>
    10cc:	cd ce       	rjmp	.-614    	; 0xe68 <main+0x3a>
		}
		else if((distance > 10) && (distance <= 15))
    10ce:	8d 8d       	ldd	r24, Y+29	; 0x1d
    10d0:	9e 8d       	ldd	r25, Y+30	; 0x1e
    10d2:	8b 30       	cpi	r24, 0x0B	; 11
    10d4:	91 05       	cpc	r25, r1
    10d6:	c0 f0       	brcs	.+48     	; 0x1108 <main+0x2da>
    10d8:	8d 8d       	ldd	r24, Y+29	; 0x1d
    10da:	9e 8d       	ldd	r25, Y+30	; 0x1e
    10dc:	80 31       	cpi	r24, 0x10	; 16
    10de:	91 05       	cpc	r25, r1
    10e0:	98 f4       	brcc	.+38     	; 0x1108 <main+0x2da>
		{
			/*
			 * Clearing "Stop" if existed
			 * Disabling Buzzer
			 */
			LCD_displayStringRowColumn(1,0,"    ");
    10e2:	23 e7       	ldi	r18, 0x73	; 115
    10e4:	30 e0       	ldi	r19, 0x00	; 0
    10e6:	81 e0       	ldi	r24, 0x01	; 1
    10e8:	60 e0       	ldi	r22, 0x00	; 0
    10ea:	a9 01       	movw	r20, r18
    10ec:	0e 94 11 17 	call	0x2e22	; 0x2e22 <LCD_displayStringRowColumn>
			Buzzer_off();
    10f0:	0e 94 d1 08 	call	0x11a2	; 0x11a2 <Buzzer_off>

			LED_on(LED_RED);
    10f4:	80 e0       	ldi	r24, 0x00	; 0
    10f6:	0e 94 7c 17 	call	0x2ef8	; 0x2ef8 <LED_on>
			LED_on(LED_GREEN);
    10fa:	81 e0       	ldi	r24, 0x01	; 1
    10fc:	0e 94 7c 17 	call	0x2ef8	; 0x2ef8 <LED_on>
			LED_off(LED_BLUE);
    1100:	82 e0       	ldi	r24, 0x02	; 2
    1102:	0e 94 8b 17 	call	0x2f16	; 0x2f16 <LED_off>
    1106:	b0 ce       	rjmp	.-672    	; 0xe68 <main+0x3a>
		}
		else if((distance > 15) && (distance <= 20))
    1108:	8d 8d       	ldd	r24, Y+29	; 0x1d
    110a:	9e 8d       	ldd	r25, Y+30	; 0x1e
    110c:	80 31       	cpi	r24, 0x10	; 16
    110e:	91 05       	cpc	r25, r1
    1110:	c0 f0       	brcs	.+48     	; 0x1142 <main+0x314>
    1112:	8d 8d       	ldd	r24, Y+29	; 0x1d
    1114:	9e 8d       	ldd	r25, Y+30	; 0x1e
    1116:	85 31       	cpi	r24, 0x15	; 21
    1118:	91 05       	cpc	r25, r1
    111a:	98 f4       	brcc	.+38     	; 0x1142 <main+0x314>
		{
			/*
			 * Clearing "Stop" if existed
			 * Disabling Buzzer
			 */
			LCD_displayStringRowColumn(1,0,"    ");
    111c:	23 e7       	ldi	r18, 0x73	; 115
    111e:	30 e0       	ldi	r19, 0x00	; 0
    1120:	81 e0       	ldi	r24, 0x01	; 1
    1122:	60 e0       	ldi	r22, 0x00	; 0
    1124:	a9 01       	movw	r20, r18
    1126:	0e 94 11 17 	call	0x2e22	; 0x2e22 <LCD_displayStringRowColumn>
			Buzzer_off();
    112a:	0e 94 d1 08 	call	0x11a2	; 0x11a2 <Buzzer_off>

			LED_on(LED_RED);
    112e:	80 e0       	ldi	r24, 0x00	; 0
    1130:	0e 94 7c 17 	call	0x2ef8	; 0x2ef8 <LED_on>
			LED_off(LED_GREEN);
    1134:	81 e0       	ldi	r24, 0x01	; 1
    1136:	0e 94 8b 17 	call	0x2f16	; 0x2f16 <LED_off>
			LED_off(LED_BLUE);
    113a:	82 e0       	ldi	r24, 0x02	; 2
    113c:	0e 94 8b 17 	call	0x2f16	; 0x2f16 <LED_off>
    1140:	93 ce       	rjmp	.-730    	; 0xe68 <main+0x3a>
		{
			/*
			 * Clearing "Stop" if existed
			 * Disabling Buzzer
			 */
			LCD_displayStringRowColumn(1,0,"    ");
    1142:	23 e7       	ldi	r18, 0x73	; 115
    1144:	30 e0       	ldi	r19, 0x00	; 0
    1146:	81 e0       	ldi	r24, 0x01	; 1
    1148:	60 e0       	ldi	r22, 0x00	; 0
    114a:	a9 01       	movw	r20, r18
    114c:	0e 94 11 17 	call	0x2e22	; 0x2e22 <LCD_displayStringRowColumn>
			Buzzer_off();
    1150:	0e 94 d1 08 	call	0x11a2	; 0x11a2 <Buzzer_off>

			LED_off(LED_RED);
    1154:	80 e0       	ldi	r24, 0x00	; 0
    1156:	0e 94 8b 17 	call	0x2f16	; 0x2f16 <LED_off>
			LED_off(LED_GREEN);
    115a:	81 e0       	ldi	r24, 0x01	; 1
    115c:	0e 94 8b 17 	call	0x2f16	; 0x2f16 <LED_off>
			LED_off(LED_BLUE);
    1160:	82 e0       	ldi	r24, 0x02	; 2
    1162:	0e 94 8b 17 	call	0x2f16	; 0x2f16 <LED_off>
    1166:	80 ce       	rjmp	.-768    	; 0xe68 <main+0x3a>

00001168 <Buzzer_init>:
/*
 * Description :
 * Initializes the buzzer pin direction and turn off the buzzer
 */
void Buzzer_init(void)
{
    1168:	df 93       	push	r29
    116a:	cf 93       	push	r28
    116c:	cd b7       	in	r28, 0x3d	; 61
    116e:	de b7       	in	r29, 0x3e	; 62
	GPIO_setupPinDirection(BUZZER_PORT, BUZZER_PIN, PIN_OUTPUT);
    1170:	82 e0       	ldi	r24, 0x02	; 2
    1172:	65 e0       	ldi	r22, 0x05	; 5
    1174:	41 e0       	ldi	r20, 0x01	; 1
    1176:	0e 94 dd 08 	call	0x11ba	; 0x11ba <GPIO_setupPinDirection>
	GPIO_writePin(BUZZER_PORT, BUZZER_PIN, LOGIC_LOW);
    117a:	82 e0       	ldi	r24, 0x02	; 2
    117c:	65 e0       	ldi	r22, 0x05	; 5
    117e:	40 e0       	ldi	r20, 0x00	; 0
    1180:	0e 94 c8 09 	call	0x1390	; 0x1390 <GPIO_writePin>
}
    1184:	cf 91       	pop	r28
    1186:	df 91       	pop	r29
    1188:	08 95       	ret

0000118a <Buzzer_on>:
/*
 * Description :
 * Activates the buzzer
 */
void Buzzer_on(void)
{
    118a:	df 93       	push	r29
    118c:	cf 93       	push	r28
    118e:	cd b7       	in	r28, 0x3d	; 61
    1190:	de b7       	in	r29, 0x3e	; 62
	GPIO_writePin(BUZZER_PORT, BUZZER_PIN, LOGIC_HIGH);
    1192:	82 e0       	ldi	r24, 0x02	; 2
    1194:	65 e0       	ldi	r22, 0x05	; 5
    1196:	41 e0       	ldi	r20, 0x01	; 1
    1198:	0e 94 c8 09 	call	0x1390	; 0x1390 <GPIO_writePin>
}
    119c:	cf 91       	pop	r28
    119e:	df 91       	pop	r29
    11a0:	08 95       	ret

000011a2 <Buzzer_off>:
/*
 * Description :
 * Deactivates the buzzer
 */
void Buzzer_off(void)
{
    11a2:	df 93       	push	r29
    11a4:	cf 93       	push	r28
    11a6:	cd b7       	in	r28, 0x3d	; 61
    11a8:	de b7       	in	r29, 0x3e	; 62
	GPIO_writePin(BUZZER_PORT, BUZZER_PIN, LOGIC_LOW);
    11aa:	82 e0       	ldi	r24, 0x02	; 2
    11ac:	65 e0       	ldi	r22, 0x05	; 5
    11ae:	40 e0       	ldi	r20, 0x00	; 0
    11b0:	0e 94 c8 09 	call	0x1390	; 0x1390 <GPIO_writePin>
}
    11b4:	cf 91       	pop	r28
    11b6:	df 91       	pop	r29
    11b8:	08 95       	ret

000011ba <GPIO_setupPinDirection>:
 * Description :
 * Setup the direction of the required pin input/output.
 * If the input port number or pin number are not correct, The function will not handle the request.
 */
void GPIO_setupPinDirection(uint8 port_num, uint8 pin_num, GPIO_PinDirectionType direction)
{
    11ba:	df 93       	push	r29
    11bc:	cf 93       	push	r28
    11be:	00 d0       	rcall	.+0      	; 0x11c0 <GPIO_setupPinDirection+0x6>
    11c0:	00 d0       	rcall	.+0      	; 0x11c2 <GPIO_setupPinDirection+0x8>
    11c2:	0f 92       	push	r0
    11c4:	cd b7       	in	r28, 0x3d	; 61
    11c6:	de b7       	in	r29, 0x3e	; 62
    11c8:	89 83       	std	Y+1, r24	; 0x01
    11ca:	6a 83       	std	Y+2, r22	; 0x02
    11cc:	4b 83       	std	Y+3, r20	; 0x03
	/*
	 * Check if the input port number is greater than NUM_OF_PINS_PER_PORT value.
	 * Or if the input pin number is greater than NUM_OF_PINS_PER_PORT value.
	 * In this case the input is not valid port/pin number
	 */
	if((pin_num >= NUM_OF_PINS_PER_PORT) || (port_num >= NUM_OF_PORTS))
    11ce:	8a 81       	ldd	r24, Y+2	; 0x02
    11d0:	88 30       	cpi	r24, 0x08	; 8
    11d2:	08 f0       	brcs	.+2      	; 0x11d6 <GPIO_setupPinDirection+0x1c>
    11d4:	d5 c0       	rjmp	.+426    	; 0x1380 <GPIO_setupPinDirection+0x1c6>
    11d6:	89 81       	ldd	r24, Y+1	; 0x01
    11d8:	84 30       	cpi	r24, 0x04	; 4
    11da:	08 f0       	brcs	.+2      	; 0x11de <GPIO_setupPinDirection+0x24>
    11dc:	d1 c0       	rjmp	.+418    	; 0x1380 <GPIO_setupPinDirection+0x1c6>
		/* Do Nothing */
	}
	else
	{
		/* Setup the pin direction as required */
		switch(port_num)
    11de:	89 81       	ldd	r24, Y+1	; 0x01
    11e0:	28 2f       	mov	r18, r24
    11e2:	30 e0       	ldi	r19, 0x00	; 0
    11e4:	3d 83       	std	Y+5, r19	; 0x05
    11e6:	2c 83       	std	Y+4, r18	; 0x04
    11e8:	8c 81       	ldd	r24, Y+4	; 0x04
    11ea:	9d 81       	ldd	r25, Y+5	; 0x05
    11ec:	81 30       	cpi	r24, 0x01	; 1
    11ee:	91 05       	cpc	r25, r1
    11f0:	09 f4       	brne	.+2      	; 0x11f4 <GPIO_setupPinDirection+0x3a>
    11f2:	43 c0       	rjmp	.+134    	; 0x127a <GPIO_setupPinDirection+0xc0>
    11f4:	2c 81       	ldd	r18, Y+4	; 0x04
    11f6:	3d 81       	ldd	r19, Y+5	; 0x05
    11f8:	22 30       	cpi	r18, 0x02	; 2
    11fa:	31 05       	cpc	r19, r1
    11fc:	2c f4       	brge	.+10     	; 0x1208 <GPIO_setupPinDirection+0x4e>
    11fe:	8c 81       	ldd	r24, Y+4	; 0x04
    1200:	9d 81       	ldd	r25, Y+5	; 0x05
    1202:	00 97       	sbiw	r24, 0x00	; 0
    1204:	71 f0       	breq	.+28     	; 0x1222 <GPIO_setupPinDirection+0x68>
    1206:	bc c0       	rjmp	.+376    	; 0x1380 <GPIO_setupPinDirection+0x1c6>
    1208:	2c 81       	ldd	r18, Y+4	; 0x04
    120a:	3d 81       	ldd	r19, Y+5	; 0x05
    120c:	22 30       	cpi	r18, 0x02	; 2
    120e:	31 05       	cpc	r19, r1
    1210:	09 f4       	brne	.+2      	; 0x1214 <GPIO_setupPinDirection+0x5a>
    1212:	5f c0       	rjmp	.+190    	; 0x12d2 <GPIO_setupPinDirection+0x118>
    1214:	8c 81       	ldd	r24, Y+4	; 0x04
    1216:	9d 81       	ldd	r25, Y+5	; 0x05
    1218:	83 30       	cpi	r24, 0x03	; 3
    121a:	91 05       	cpc	r25, r1
    121c:	09 f4       	brne	.+2      	; 0x1220 <GPIO_setupPinDirection+0x66>
    121e:	85 c0       	rjmp	.+266    	; 0x132a <GPIO_setupPinDirection+0x170>
    1220:	af c0       	rjmp	.+350    	; 0x1380 <GPIO_setupPinDirection+0x1c6>
		{
		case PORTA_ID:
			if(direction == PIN_OUTPUT)
    1222:	8b 81       	ldd	r24, Y+3	; 0x03
    1224:	81 30       	cpi	r24, 0x01	; 1
    1226:	a1 f4       	brne	.+40     	; 0x1250 <GPIO_setupPinDirection+0x96>
			{
				SET_BIT(DDRA,pin_num);
    1228:	aa e3       	ldi	r26, 0x3A	; 58
    122a:	b0 e0       	ldi	r27, 0x00	; 0
    122c:	ea e3       	ldi	r30, 0x3A	; 58
    122e:	f0 e0       	ldi	r31, 0x00	; 0
    1230:	80 81       	ld	r24, Z
    1232:	48 2f       	mov	r20, r24
    1234:	8a 81       	ldd	r24, Y+2	; 0x02
    1236:	28 2f       	mov	r18, r24
    1238:	30 e0       	ldi	r19, 0x00	; 0
    123a:	81 e0       	ldi	r24, 0x01	; 1
    123c:	90 e0       	ldi	r25, 0x00	; 0
    123e:	02 2e       	mov	r0, r18
    1240:	02 c0       	rjmp	.+4      	; 0x1246 <GPIO_setupPinDirection+0x8c>
    1242:	88 0f       	add	r24, r24
    1244:	99 1f       	adc	r25, r25
    1246:	0a 94       	dec	r0
    1248:	e2 f7       	brpl	.-8      	; 0x1242 <GPIO_setupPinDirection+0x88>
    124a:	84 2b       	or	r24, r20
    124c:	8c 93       	st	X, r24
    124e:	98 c0       	rjmp	.+304    	; 0x1380 <GPIO_setupPinDirection+0x1c6>
			}
			else
			{
				CLEAR_BIT(DDRA,pin_num);
    1250:	aa e3       	ldi	r26, 0x3A	; 58
    1252:	b0 e0       	ldi	r27, 0x00	; 0
    1254:	ea e3       	ldi	r30, 0x3A	; 58
    1256:	f0 e0       	ldi	r31, 0x00	; 0
    1258:	80 81       	ld	r24, Z
    125a:	48 2f       	mov	r20, r24
    125c:	8a 81       	ldd	r24, Y+2	; 0x02
    125e:	28 2f       	mov	r18, r24
    1260:	30 e0       	ldi	r19, 0x00	; 0
    1262:	81 e0       	ldi	r24, 0x01	; 1
    1264:	90 e0       	ldi	r25, 0x00	; 0
    1266:	02 2e       	mov	r0, r18
    1268:	02 c0       	rjmp	.+4      	; 0x126e <GPIO_setupPinDirection+0xb4>
    126a:	88 0f       	add	r24, r24
    126c:	99 1f       	adc	r25, r25
    126e:	0a 94       	dec	r0
    1270:	e2 f7       	brpl	.-8      	; 0x126a <GPIO_setupPinDirection+0xb0>
    1272:	80 95       	com	r24
    1274:	84 23       	and	r24, r20
    1276:	8c 93       	st	X, r24
    1278:	83 c0       	rjmp	.+262    	; 0x1380 <GPIO_setupPinDirection+0x1c6>
			}
			break;
		case PORTB_ID:
			if(direction == PIN_OUTPUT)
    127a:	8b 81       	ldd	r24, Y+3	; 0x03
    127c:	81 30       	cpi	r24, 0x01	; 1
    127e:	a1 f4       	brne	.+40     	; 0x12a8 <GPIO_setupPinDirection+0xee>
			{
				SET_BIT(DDRB,pin_num);
    1280:	a7 e3       	ldi	r26, 0x37	; 55
    1282:	b0 e0       	ldi	r27, 0x00	; 0
    1284:	e7 e3       	ldi	r30, 0x37	; 55
    1286:	f0 e0       	ldi	r31, 0x00	; 0
    1288:	80 81       	ld	r24, Z
    128a:	48 2f       	mov	r20, r24
    128c:	8a 81       	ldd	r24, Y+2	; 0x02
    128e:	28 2f       	mov	r18, r24
    1290:	30 e0       	ldi	r19, 0x00	; 0
    1292:	81 e0       	ldi	r24, 0x01	; 1
    1294:	90 e0       	ldi	r25, 0x00	; 0
    1296:	02 2e       	mov	r0, r18
    1298:	02 c0       	rjmp	.+4      	; 0x129e <GPIO_setupPinDirection+0xe4>
    129a:	88 0f       	add	r24, r24
    129c:	99 1f       	adc	r25, r25
    129e:	0a 94       	dec	r0
    12a0:	e2 f7       	brpl	.-8      	; 0x129a <GPIO_setupPinDirection+0xe0>
    12a2:	84 2b       	or	r24, r20
    12a4:	8c 93       	st	X, r24
    12a6:	6c c0       	rjmp	.+216    	; 0x1380 <GPIO_setupPinDirection+0x1c6>
			}
			else
			{
				CLEAR_BIT(DDRB,pin_num);
    12a8:	a7 e3       	ldi	r26, 0x37	; 55
    12aa:	b0 e0       	ldi	r27, 0x00	; 0
    12ac:	e7 e3       	ldi	r30, 0x37	; 55
    12ae:	f0 e0       	ldi	r31, 0x00	; 0
    12b0:	80 81       	ld	r24, Z
    12b2:	48 2f       	mov	r20, r24
    12b4:	8a 81       	ldd	r24, Y+2	; 0x02
    12b6:	28 2f       	mov	r18, r24
    12b8:	30 e0       	ldi	r19, 0x00	; 0
    12ba:	81 e0       	ldi	r24, 0x01	; 1
    12bc:	90 e0       	ldi	r25, 0x00	; 0
    12be:	02 2e       	mov	r0, r18
    12c0:	02 c0       	rjmp	.+4      	; 0x12c6 <GPIO_setupPinDirection+0x10c>
    12c2:	88 0f       	add	r24, r24
    12c4:	99 1f       	adc	r25, r25
    12c6:	0a 94       	dec	r0
    12c8:	e2 f7       	brpl	.-8      	; 0x12c2 <GPIO_setupPinDirection+0x108>
    12ca:	80 95       	com	r24
    12cc:	84 23       	and	r24, r20
    12ce:	8c 93       	st	X, r24
    12d0:	57 c0       	rjmp	.+174    	; 0x1380 <GPIO_setupPinDirection+0x1c6>
			}
			break;
		case PORTC_ID:
			if(direction == PIN_OUTPUT)
    12d2:	8b 81       	ldd	r24, Y+3	; 0x03
    12d4:	81 30       	cpi	r24, 0x01	; 1
    12d6:	a1 f4       	brne	.+40     	; 0x1300 <GPIO_setupPinDirection+0x146>
			{
				SET_BIT(DDRC,pin_num);
    12d8:	a4 e3       	ldi	r26, 0x34	; 52
    12da:	b0 e0       	ldi	r27, 0x00	; 0
    12dc:	e4 e3       	ldi	r30, 0x34	; 52
    12de:	f0 e0       	ldi	r31, 0x00	; 0
    12e0:	80 81       	ld	r24, Z
    12e2:	48 2f       	mov	r20, r24
    12e4:	8a 81       	ldd	r24, Y+2	; 0x02
    12e6:	28 2f       	mov	r18, r24
    12e8:	30 e0       	ldi	r19, 0x00	; 0
    12ea:	81 e0       	ldi	r24, 0x01	; 1
    12ec:	90 e0       	ldi	r25, 0x00	; 0
    12ee:	02 2e       	mov	r0, r18
    12f0:	02 c0       	rjmp	.+4      	; 0x12f6 <GPIO_setupPinDirection+0x13c>
    12f2:	88 0f       	add	r24, r24
    12f4:	99 1f       	adc	r25, r25
    12f6:	0a 94       	dec	r0
    12f8:	e2 f7       	brpl	.-8      	; 0x12f2 <GPIO_setupPinDirection+0x138>
    12fa:	84 2b       	or	r24, r20
    12fc:	8c 93       	st	X, r24
    12fe:	40 c0       	rjmp	.+128    	; 0x1380 <GPIO_setupPinDirection+0x1c6>
			}
			else
			{
				CLEAR_BIT(DDRC,pin_num);
    1300:	a4 e3       	ldi	r26, 0x34	; 52
    1302:	b0 e0       	ldi	r27, 0x00	; 0
    1304:	e4 e3       	ldi	r30, 0x34	; 52
    1306:	f0 e0       	ldi	r31, 0x00	; 0
    1308:	80 81       	ld	r24, Z
    130a:	48 2f       	mov	r20, r24
    130c:	8a 81       	ldd	r24, Y+2	; 0x02
    130e:	28 2f       	mov	r18, r24
    1310:	30 e0       	ldi	r19, 0x00	; 0
    1312:	81 e0       	ldi	r24, 0x01	; 1
    1314:	90 e0       	ldi	r25, 0x00	; 0
    1316:	02 2e       	mov	r0, r18
    1318:	02 c0       	rjmp	.+4      	; 0x131e <GPIO_setupPinDirection+0x164>
    131a:	88 0f       	add	r24, r24
    131c:	99 1f       	adc	r25, r25
    131e:	0a 94       	dec	r0
    1320:	e2 f7       	brpl	.-8      	; 0x131a <GPIO_setupPinDirection+0x160>
    1322:	80 95       	com	r24
    1324:	84 23       	and	r24, r20
    1326:	8c 93       	st	X, r24
    1328:	2b c0       	rjmp	.+86     	; 0x1380 <GPIO_setupPinDirection+0x1c6>
			}
			break;
		case PORTD_ID:
			if(direction == PIN_OUTPUT)
    132a:	8b 81       	ldd	r24, Y+3	; 0x03
    132c:	81 30       	cpi	r24, 0x01	; 1
    132e:	a1 f4       	brne	.+40     	; 0x1358 <GPIO_setupPinDirection+0x19e>
			{
				SET_BIT(DDRD,pin_num);
    1330:	a1 e3       	ldi	r26, 0x31	; 49
    1332:	b0 e0       	ldi	r27, 0x00	; 0
    1334:	e1 e3       	ldi	r30, 0x31	; 49
    1336:	f0 e0       	ldi	r31, 0x00	; 0
    1338:	80 81       	ld	r24, Z
    133a:	48 2f       	mov	r20, r24
    133c:	8a 81       	ldd	r24, Y+2	; 0x02
    133e:	28 2f       	mov	r18, r24
    1340:	30 e0       	ldi	r19, 0x00	; 0
    1342:	81 e0       	ldi	r24, 0x01	; 1
    1344:	90 e0       	ldi	r25, 0x00	; 0
    1346:	02 2e       	mov	r0, r18
    1348:	02 c0       	rjmp	.+4      	; 0x134e <GPIO_setupPinDirection+0x194>
    134a:	88 0f       	add	r24, r24
    134c:	99 1f       	adc	r25, r25
    134e:	0a 94       	dec	r0
    1350:	e2 f7       	brpl	.-8      	; 0x134a <GPIO_setupPinDirection+0x190>
    1352:	84 2b       	or	r24, r20
    1354:	8c 93       	st	X, r24
    1356:	14 c0       	rjmp	.+40     	; 0x1380 <GPIO_setupPinDirection+0x1c6>
			}
			else
			{
				CLEAR_BIT(DDRD,pin_num);
    1358:	a1 e3       	ldi	r26, 0x31	; 49
    135a:	b0 e0       	ldi	r27, 0x00	; 0
    135c:	e1 e3       	ldi	r30, 0x31	; 49
    135e:	f0 e0       	ldi	r31, 0x00	; 0
    1360:	80 81       	ld	r24, Z
    1362:	48 2f       	mov	r20, r24
    1364:	8a 81       	ldd	r24, Y+2	; 0x02
    1366:	28 2f       	mov	r18, r24
    1368:	30 e0       	ldi	r19, 0x00	; 0
    136a:	81 e0       	ldi	r24, 0x01	; 1
    136c:	90 e0       	ldi	r25, 0x00	; 0
    136e:	02 2e       	mov	r0, r18
    1370:	02 c0       	rjmp	.+4      	; 0x1376 <GPIO_setupPinDirection+0x1bc>
    1372:	88 0f       	add	r24, r24
    1374:	99 1f       	adc	r25, r25
    1376:	0a 94       	dec	r0
    1378:	e2 f7       	brpl	.-8      	; 0x1372 <GPIO_setupPinDirection+0x1b8>
    137a:	80 95       	com	r24
    137c:	84 23       	and	r24, r20
    137e:	8c 93       	st	X, r24
			}
			break;
		}
	}
}
    1380:	0f 90       	pop	r0
    1382:	0f 90       	pop	r0
    1384:	0f 90       	pop	r0
    1386:	0f 90       	pop	r0
    1388:	0f 90       	pop	r0
    138a:	cf 91       	pop	r28
    138c:	df 91       	pop	r29
    138e:	08 95       	ret

00001390 <GPIO_writePin>:
 * Write the value Logic High or Logic Low on the required pin.
 * If the input port number or pin number are not correct, The function will not handle the request.
 * If the pin is input, this function will enable/disable the internal pull-up resistor.
 */
void GPIO_writePin(uint8 port_num, uint8 pin_num, uint8 value)
{
    1390:	df 93       	push	r29
    1392:	cf 93       	push	r28
    1394:	00 d0       	rcall	.+0      	; 0x1396 <GPIO_writePin+0x6>
    1396:	00 d0       	rcall	.+0      	; 0x1398 <GPIO_writePin+0x8>
    1398:	0f 92       	push	r0
    139a:	cd b7       	in	r28, 0x3d	; 61
    139c:	de b7       	in	r29, 0x3e	; 62
    139e:	89 83       	std	Y+1, r24	; 0x01
    13a0:	6a 83       	std	Y+2, r22	; 0x02
    13a2:	4b 83       	std	Y+3, r20	; 0x03
	/*
	 * Check if the input port number is greater than NUM_OF_PINS_PER_PORT value.
	 * Or if the input pin number is greater than NUM_OF_PINS_PER_PORT value.
	 * In this case the input is not valid port/pin number
	 */
	if((pin_num >= NUM_OF_PINS_PER_PORT) || (port_num >= NUM_OF_PORTS))
    13a4:	8a 81       	ldd	r24, Y+2	; 0x02
    13a6:	88 30       	cpi	r24, 0x08	; 8
    13a8:	08 f0       	brcs	.+2      	; 0x13ac <GPIO_writePin+0x1c>
    13aa:	d5 c0       	rjmp	.+426    	; 0x1556 <GPIO_writePin+0x1c6>
    13ac:	89 81       	ldd	r24, Y+1	; 0x01
    13ae:	84 30       	cpi	r24, 0x04	; 4
    13b0:	08 f0       	brcs	.+2      	; 0x13b4 <GPIO_writePin+0x24>
    13b2:	d1 c0       	rjmp	.+418    	; 0x1556 <GPIO_writePin+0x1c6>
		/* Do Nothing */
	}
	else
	{
		/* Write the pin value as required */
		switch(port_num)
    13b4:	89 81       	ldd	r24, Y+1	; 0x01
    13b6:	28 2f       	mov	r18, r24
    13b8:	30 e0       	ldi	r19, 0x00	; 0
    13ba:	3d 83       	std	Y+5, r19	; 0x05
    13bc:	2c 83       	std	Y+4, r18	; 0x04
    13be:	8c 81       	ldd	r24, Y+4	; 0x04
    13c0:	9d 81       	ldd	r25, Y+5	; 0x05
    13c2:	81 30       	cpi	r24, 0x01	; 1
    13c4:	91 05       	cpc	r25, r1
    13c6:	09 f4       	brne	.+2      	; 0x13ca <GPIO_writePin+0x3a>
    13c8:	43 c0       	rjmp	.+134    	; 0x1450 <GPIO_writePin+0xc0>
    13ca:	2c 81       	ldd	r18, Y+4	; 0x04
    13cc:	3d 81       	ldd	r19, Y+5	; 0x05
    13ce:	22 30       	cpi	r18, 0x02	; 2
    13d0:	31 05       	cpc	r19, r1
    13d2:	2c f4       	brge	.+10     	; 0x13de <GPIO_writePin+0x4e>
    13d4:	8c 81       	ldd	r24, Y+4	; 0x04
    13d6:	9d 81       	ldd	r25, Y+5	; 0x05
    13d8:	00 97       	sbiw	r24, 0x00	; 0
    13da:	71 f0       	breq	.+28     	; 0x13f8 <GPIO_writePin+0x68>
    13dc:	bc c0       	rjmp	.+376    	; 0x1556 <GPIO_writePin+0x1c6>
    13de:	2c 81       	ldd	r18, Y+4	; 0x04
    13e0:	3d 81       	ldd	r19, Y+5	; 0x05
    13e2:	22 30       	cpi	r18, 0x02	; 2
    13e4:	31 05       	cpc	r19, r1
    13e6:	09 f4       	brne	.+2      	; 0x13ea <GPIO_writePin+0x5a>
    13e8:	5f c0       	rjmp	.+190    	; 0x14a8 <GPIO_writePin+0x118>
    13ea:	8c 81       	ldd	r24, Y+4	; 0x04
    13ec:	9d 81       	ldd	r25, Y+5	; 0x05
    13ee:	83 30       	cpi	r24, 0x03	; 3
    13f0:	91 05       	cpc	r25, r1
    13f2:	09 f4       	brne	.+2      	; 0x13f6 <GPIO_writePin+0x66>
    13f4:	85 c0       	rjmp	.+266    	; 0x1500 <GPIO_writePin+0x170>
    13f6:	af c0       	rjmp	.+350    	; 0x1556 <GPIO_writePin+0x1c6>
		{
		case PORTA_ID:
			if(value == LOGIC_HIGH)
    13f8:	8b 81       	ldd	r24, Y+3	; 0x03
    13fa:	81 30       	cpi	r24, 0x01	; 1
    13fc:	a1 f4       	brne	.+40     	; 0x1426 <GPIO_writePin+0x96>
			{
				SET_BIT(PORTA,pin_num);
    13fe:	ab e3       	ldi	r26, 0x3B	; 59
    1400:	b0 e0       	ldi	r27, 0x00	; 0
    1402:	eb e3       	ldi	r30, 0x3B	; 59
    1404:	f0 e0       	ldi	r31, 0x00	; 0
    1406:	80 81       	ld	r24, Z
    1408:	48 2f       	mov	r20, r24
    140a:	8a 81       	ldd	r24, Y+2	; 0x02
    140c:	28 2f       	mov	r18, r24
    140e:	30 e0       	ldi	r19, 0x00	; 0
    1410:	81 e0       	ldi	r24, 0x01	; 1
    1412:	90 e0       	ldi	r25, 0x00	; 0
    1414:	02 2e       	mov	r0, r18
    1416:	02 c0       	rjmp	.+4      	; 0x141c <GPIO_writePin+0x8c>
    1418:	88 0f       	add	r24, r24
    141a:	99 1f       	adc	r25, r25
    141c:	0a 94       	dec	r0
    141e:	e2 f7       	brpl	.-8      	; 0x1418 <GPIO_writePin+0x88>
    1420:	84 2b       	or	r24, r20
    1422:	8c 93       	st	X, r24
    1424:	98 c0       	rjmp	.+304    	; 0x1556 <GPIO_writePin+0x1c6>
			}
			else
			{
				CLEAR_BIT(PORTA,pin_num);
    1426:	ab e3       	ldi	r26, 0x3B	; 59
    1428:	b0 e0       	ldi	r27, 0x00	; 0
    142a:	eb e3       	ldi	r30, 0x3B	; 59
    142c:	f0 e0       	ldi	r31, 0x00	; 0
    142e:	80 81       	ld	r24, Z
    1430:	48 2f       	mov	r20, r24
    1432:	8a 81       	ldd	r24, Y+2	; 0x02
    1434:	28 2f       	mov	r18, r24
    1436:	30 e0       	ldi	r19, 0x00	; 0
    1438:	81 e0       	ldi	r24, 0x01	; 1
    143a:	90 e0       	ldi	r25, 0x00	; 0
    143c:	02 2e       	mov	r0, r18
    143e:	02 c0       	rjmp	.+4      	; 0x1444 <GPIO_writePin+0xb4>
    1440:	88 0f       	add	r24, r24
    1442:	99 1f       	adc	r25, r25
    1444:	0a 94       	dec	r0
    1446:	e2 f7       	brpl	.-8      	; 0x1440 <GPIO_writePin+0xb0>
    1448:	80 95       	com	r24
    144a:	84 23       	and	r24, r20
    144c:	8c 93       	st	X, r24
    144e:	83 c0       	rjmp	.+262    	; 0x1556 <GPIO_writePin+0x1c6>
			}
			break;
		case PORTB_ID:
			if(value == LOGIC_HIGH)
    1450:	8b 81       	ldd	r24, Y+3	; 0x03
    1452:	81 30       	cpi	r24, 0x01	; 1
    1454:	a1 f4       	brne	.+40     	; 0x147e <GPIO_writePin+0xee>
			{
				SET_BIT(PORTB,pin_num);
    1456:	a8 e3       	ldi	r26, 0x38	; 56
    1458:	b0 e0       	ldi	r27, 0x00	; 0
    145a:	e8 e3       	ldi	r30, 0x38	; 56
    145c:	f0 e0       	ldi	r31, 0x00	; 0
    145e:	80 81       	ld	r24, Z
    1460:	48 2f       	mov	r20, r24
    1462:	8a 81       	ldd	r24, Y+2	; 0x02
    1464:	28 2f       	mov	r18, r24
    1466:	30 e0       	ldi	r19, 0x00	; 0
    1468:	81 e0       	ldi	r24, 0x01	; 1
    146a:	90 e0       	ldi	r25, 0x00	; 0
    146c:	02 2e       	mov	r0, r18
    146e:	02 c0       	rjmp	.+4      	; 0x1474 <GPIO_writePin+0xe4>
    1470:	88 0f       	add	r24, r24
    1472:	99 1f       	adc	r25, r25
    1474:	0a 94       	dec	r0
    1476:	e2 f7       	brpl	.-8      	; 0x1470 <GPIO_writePin+0xe0>
    1478:	84 2b       	or	r24, r20
    147a:	8c 93       	st	X, r24
    147c:	6c c0       	rjmp	.+216    	; 0x1556 <GPIO_writePin+0x1c6>
			}
			else
			{
				CLEAR_BIT(PORTB,pin_num);
    147e:	a8 e3       	ldi	r26, 0x38	; 56
    1480:	b0 e0       	ldi	r27, 0x00	; 0
    1482:	e8 e3       	ldi	r30, 0x38	; 56
    1484:	f0 e0       	ldi	r31, 0x00	; 0
    1486:	80 81       	ld	r24, Z
    1488:	48 2f       	mov	r20, r24
    148a:	8a 81       	ldd	r24, Y+2	; 0x02
    148c:	28 2f       	mov	r18, r24
    148e:	30 e0       	ldi	r19, 0x00	; 0
    1490:	81 e0       	ldi	r24, 0x01	; 1
    1492:	90 e0       	ldi	r25, 0x00	; 0
    1494:	02 2e       	mov	r0, r18
    1496:	02 c0       	rjmp	.+4      	; 0x149c <GPIO_writePin+0x10c>
    1498:	88 0f       	add	r24, r24
    149a:	99 1f       	adc	r25, r25
    149c:	0a 94       	dec	r0
    149e:	e2 f7       	brpl	.-8      	; 0x1498 <GPIO_writePin+0x108>
    14a0:	80 95       	com	r24
    14a2:	84 23       	and	r24, r20
    14a4:	8c 93       	st	X, r24
    14a6:	57 c0       	rjmp	.+174    	; 0x1556 <GPIO_writePin+0x1c6>
			}
			break;
		case PORTC_ID:
			if(value == LOGIC_HIGH)
    14a8:	8b 81       	ldd	r24, Y+3	; 0x03
    14aa:	81 30       	cpi	r24, 0x01	; 1
    14ac:	a1 f4       	brne	.+40     	; 0x14d6 <GPIO_writePin+0x146>
			{
				SET_BIT(PORTC,pin_num);
    14ae:	a5 e3       	ldi	r26, 0x35	; 53
    14b0:	b0 e0       	ldi	r27, 0x00	; 0
    14b2:	e5 e3       	ldi	r30, 0x35	; 53
    14b4:	f0 e0       	ldi	r31, 0x00	; 0
    14b6:	80 81       	ld	r24, Z
    14b8:	48 2f       	mov	r20, r24
    14ba:	8a 81       	ldd	r24, Y+2	; 0x02
    14bc:	28 2f       	mov	r18, r24
    14be:	30 e0       	ldi	r19, 0x00	; 0
    14c0:	81 e0       	ldi	r24, 0x01	; 1
    14c2:	90 e0       	ldi	r25, 0x00	; 0
    14c4:	02 2e       	mov	r0, r18
    14c6:	02 c0       	rjmp	.+4      	; 0x14cc <GPIO_writePin+0x13c>
    14c8:	88 0f       	add	r24, r24
    14ca:	99 1f       	adc	r25, r25
    14cc:	0a 94       	dec	r0
    14ce:	e2 f7       	brpl	.-8      	; 0x14c8 <GPIO_writePin+0x138>
    14d0:	84 2b       	or	r24, r20
    14d2:	8c 93       	st	X, r24
    14d4:	40 c0       	rjmp	.+128    	; 0x1556 <GPIO_writePin+0x1c6>
			}
			else
			{
				CLEAR_BIT(PORTC,pin_num);
    14d6:	a5 e3       	ldi	r26, 0x35	; 53
    14d8:	b0 e0       	ldi	r27, 0x00	; 0
    14da:	e5 e3       	ldi	r30, 0x35	; 53
    14dc:	f0 e0       	ldi	r31, 0x00	; 0
    14de:	80 81       	ld	r24, Z
    14e0:	48 2f       	mov	r20, r24
    14e2:	8a 81       	ldd	r24, Y+2	; 0x02
    14e4:	28 2f       	mov	r18, r24
    14e6:	30 e0       	ldi	r19, 0x00	; 0
    14e8:	81 e0       	ldi	r24, 0x01	; 1
    14ea:	90 e0       	ldi	r25, 0x00	; 0
    14ec:	02 2e       	mov	r0, r18
    14ee:	02 c0       	rjmp	.+4      	; 0x14f4 <GPIO_writePin+0x164>
    14f0:	88 0f       	add	r24, r24
    14f2:	99 1f       	adc	r25, r25
    14f4:	0a 94       	dec	r0
    14f6:	e2 f7       	brpl	.-8      	; 0x14f0 <GPIO_writePin+0x160>
    14f8:	80 95       	com	r24
    14fa:	84 23       	and	r24, r20
    14fc:	8c 93       	st	X, r24
    14fe:	2b c0       	rjmp	.+86     	; 0x1556 <GPIO_writePin+0x1c6>
			}
			break;
		case PORTD_ID:
			if(value == LOGIC_HIGH)
    1500:	8b 81       	ldd	r24, Y+3	; 0x03
    1502:	81 30       	cpi	r24, 0x01	; 1
    1504:	a1 f4       	brne	.+40     	; 0x152e <GPIO_writePin+0x19e>
			{
				SET_BIT(PORTD,pin_num);
    1506:	a2 e3       	ldi	r26, 0x32	; 50
    1508:	b0 e0       	ldi	r27, 0x00	; 0
    150a:	e2 e3       	ldi	r30, 0x32	; 50
    150c:	f0 e0       	ldi	r31, 0x00	; 0
    150e:	80 81       	ld	r24, Z
    1510:	48 2f       	mov	r20, r24
    1512:	8a 81       	ldd	r24, Y+2	; 0x02
    1514:	28 2f       	mov	r18, r24
    1516:	30 e0       	ldi	r19, 0x00	; 0
    1518:	81 e0       	ldi	r24, 0x01	; 1
    151a:	90 e0       	ldi	r25, 0x00	; 0
    151c:	02 2e       	mov	r0, r18
    151e:	02 c0       	rjmp	.+4      	; 0x1524 <GPIO_writePin+0x194>
    1520:	88 0f       	add	r24, r24
    1522:	99 1f       	adc	r25, r25
    1524:	0a 94       	dec	r0
    1526:	e2 f7       	brpl	.-8      	; 0x1520 <GPIO_writePin+0x190>
    1528:	84 2b       	or	r24, r20
    152a:	8c 93       	st	X, r24
    152c:	14 c0       	rjmp	.+40     	; 0x1556 <GPIO_writePin+0x1c6>
			}
			else
			{
				CLEAR_BIT(PORTD,pin_num);
    152e:	a2 e3       	ldi	r26, 0x32	; 50
    1530:	b0 e0       	ldi	r27, 0x00	; 0
    1532:	e2 e3       	ldi	r30, 0x32	; 50
    1534:	f0 e0       	ldi	r31, 0x00	; 0
    1536:	80 81       	ld	r24, Z
    1538:	48 2f       	mov	r20, r24
    153a:	8a 81       	ldd	r24, Y+2	; 0x02
    153c:	28 2f       	mov	r18, r24
    153e:	30 e0       	ldi	r19, 0x00	; 0
    1540:	81 e0       	ldi	r24, 0x01	; 1
    1542:	90 e0       	ldi	r25, 0x00	; 0
    1544:	02 2e       	mov	r0, r18
    1546:	02 c0       	rjmp	.+4      	; 0x154c <GPIO_writePin+0x1bc>
    1548:	88 0f       	add	r24, r24
    154a:	99 1f       	adc	r25, r25
    154c:	0a 94       	dec	r0
    154e:	e2 f7       	brpl	.-8      	; 0x1548 <GPIO_writePin+0x1b8>
    1550:	80 95       	com	r24
    1552:	84 23       	and	r24, r20
    1554:	8c 93       	st	X, r24
			}
			break;
		}
	}
}
    1556:	0f 90       	pop	r0
    1558:	0f 90       	pop	r0
    155a:	0f 90       	pop	r0
    155c:	0f 90       	pop	r0
    155e:	0f 90       	pop	r0
    1560:	cf 91       	pop	r28
    1562:	df 91       	pop	r29
    1564:	08 95       	ret

00001566 <GPIO_readPin>:
 * Description :
 * Read and return the value for the required pin, it should be Logic High or Logic Low.
 * If the input port number or pin number are not correct, The function will return Logic Low.
 */
uint8 GPIO_readPin(uint8 port_num, uint8 pin_num)
{
    1566:	df 93       	push	r29
    1568:	cf 93       	push	r28
    156a:	00 d0       	rcall	.+0      	; 0x156c <GPIO_readPin+0x6>
    156c:	00 d0       	rcall	.+0      	; 0x156e <GPIO_readPin+0x8>
    156e:	0f 92       	push	r0
    1570:	cd b7       	in	r28, 0x3d	; 61
    1572:	de b7       	in	r29, 0x3e	; 62
    1574:	8a 83       	std	Y+2, r24	; 0x02
    1576:	6b 83       	std	Y+3, r22	; 0x03
	uint8 pin_value = LOGIC_LOW;
    1578:	19 82       	std	Y+1, r1	; 0x01
	/*
	 * Check if the input port number is greater than NUM_OF_PINS_PER_PORT value.
	 * Or if the input pin number is greater than NUM_OF_PINS_PER_PORT value.
	 * In this case the input is not valid port/pin number
	 */
	if((pin_num >= NUM_OF_PINS_PER_PORT) || (port_num >= NUM_OF_PORTS))
    157a:	8b 81       	ldd	r24, Y+3	; 0x03
    157c:	88 30       	cpi	r24, 0x08	; 8
    157e:	08 f0       	brcs	.+2      	; 0x1582 <GPIO_readPin+0x1c>
    1580:	84 c0       	rjmp	.+264    	; 0x168a <GPIO_readPin+0x124>
    1582:	8a 81       	ldd	r24, Y+2	; 0x02
    1584:	84 30       	cpi	r24, 0x04	; 4
    1586:	08 f0       	brcs	.+2      	; 0x158a <GPIO_readPin+0x24>
    1588:	80 c0       	rjmp	.+256    	; 0x168a <GPIO_readPin+0x124>
		/* Do Nothing */
	}
	else
	{
		/* Read the pin value as required */
		switch(port_num)
    158a:	8a 81       	ldd	r24, Y+2	; 0x02
    158c:	28 2f       	mov	r18, r24
    158e:	30 e0       	ldi	r19, 0x00	; 0
    1590:	3d 83       	std	Y+5, r19	; 0x05
    1592:	2c 83       	std	Y+4, r18	; 0x04
    1594:	4c 81       	ldd	r20, Y+4	; 0x04
    1596:	5d 81       	ldd	r21, Y+5	; 0x05
    1598:	41 30       	cpi	r20, 0x01	; 1
    159a:	51 05       	cpc	r21, r1
    159c:	79 f1       	breq	.+94     	; 0x15fc <GPIO_readPin+0x96>
    159e:	8c 81       	ldd	r24, Y+4	; 0x04
    15a0:	9d 81       	ldd	r25, Y+5	; 0x05
    15a2:	82 30       	cpi	r24, 0x02	; 2
    15a4:	91 05       	cpc	r25, r1
    15a6:	34 f4       	brge	.+12     	; 0x15b4 <GPIO_readPin+0x4e>
    15a8:	2c 81       	ldd	r18, Y+4	; 0x04
    15aa:	3d 81       	ldd	r19, Y+5	; 0x05
    15ac:	21 15       	cp	r18, r1
    15ae:	31 05       	cpc	r19, r1
    15b0:	69 f0       	breq	.+26     	; 0x15cc <GPIO_readPin+0x66>
    15b2:	6b c0       	rjmp	.+214    	; 0x168a <GPIO_readPin+0x124>
    15b4:	4c 81       	ldd	r20, Y+4	; 0x04
    15b6:	5d 81       	ldd	r21, Y+5	; 0x05
    15b8:	42 30       	cpi	r20, 0x02	; 2
    15ba:	51 05       	cpc	r21, r1
    15bc:	b9 f1       	breq	.+110    	; 0x162c <GPIO_readPin+0xc6>
    15be:	8c 81       	ldd	r24, Y+4	; 0x04
    15c0:	9d 81       	ldd	r25, Y+5	; 0x05
    15c2:	83 30       	cpi	r24, 0x03	; 3
    15c4:	91 05       	cpc	r25, r1
    15c6:	09 f4       	brne	.+2      	; 0x15ca <GPIO_readPin+0x64>
    15c8:	49 c0       	rjmp	.+146    	; 0x165c <GPIO_readPin+0xf6>
    15ca:	5f c0       	rjmp	.+190    	; 0x168a <GPIO_readPin+0x124>
		{
		case PORTA_ID:
			if(BIT_IS_SET(PINA,pin_num))
    15cc:	e9 e3       	ldi	r30, 0x39	; 57
    15ce:	f0 e0       	ldi	r31, 0x00	; 0
    15d0:	80 81       	ld	r24, Z
    15d2:	28 2f       	mov	r18, r24
    15d4:	30 e0       	ldi	r19, 0x00	; 0
    15d6:	8b 81       	ldd	r24, Y+3	; 0x03
    15d8:	88 2f       	mov	r24, r24
    15da:	90 e0       	ldi	r25, 0x00	; 0
    15dc:	a9 01       	movw	r20, r18
    15de:	02 c0       	rjmp	.+4      	; 0x15e4 <GPIO_readPin+0x7e>
    15e0:	55 95       	asr	r21
    15e2:	47 95       	ror	r20
    15e4:	8a 95       	dec	r24
    15e6:	e2 f7       	brpl	.-8      	; 0x15e0 <GPIO_readPin+0x7a>
    15e8:	ca 01       	movw	r24, r20
    15ea:	81 70       	andi	r24, 0x01	; 1
    15ec:	90 70       	andi	r25, 0x00	; 0
    15ee:	88 23       	and	r24, r24
    15f0:	19 f0       	breq	.+6      	; 0x15f8 <GPIO_readPin+0x92>
			{
				pin_value = LOGIC_HIGH;
    15f2:	81 e0       	ldi	r24, 0x01	; 1
    15f4:	89 83       	std	Y+1, r24	; 0x01
    15f6:	49 c0       	rjmp	.+146    	; 0x168a <GPIO_readPin+0x124>
			}
			else
			{
				pin_value = LOGIC_LOW;
    15f8:	19 82       	std	Y+1, r1	; 0x01
    15fa:	47 c0       	rjmp	.+142    	; 0x168a <GPIO_readPin+0x124>
			}
			break;
		case PORTB_ID:
			if(BIT_IS_SET(PINB,pin_num))
    15fc:	e6 e3       	ldi	r30, 0x36	; 54
    15fe:	f0 e0       	ldi	r31, 0x00	; 0
    1600:	80 81       	ld	r24, Z
    1602:	28 2f       	mov	r18, r24
    1604:	30 e0       	ldi	r19, 0x00	; 0
    1606:	8b 81       	ldd	r24, Y+3	; 0x03
    1608:	88 2f       	mov	r24, r24
    160a:	90 e0       	ldi	r25, 0x00	; 0
    160c:	a9 01       	movw	r20, r18
    160e:	02 c0       	rjmp	.+4      	; 0x1614 <GPIO_readPin+0xae>
    1610:	55 95       	asr	r21
    1612:	47 95       	ror	r20
    1614:	8a 95       	dec	r24
    1616:	e2 f7       	brpl	.-8      	; 0x1610 <GPIO_readPin+0xaa>
    1618:	ca 01       	movw	r24, r20
    161a:	81 70       	andi	r24, 0x01	; 1
    161c:	90 70       	andi	r25, 0x00	; 0
    161e:	88 23       	and	r24, r24
    1620:	19 f0       	breq	.+6      	; 0x1628 <GPIO_readPin+0xc2>
			{
				pin_value = LOGIC_HIGH;
    1622:	81 e0       	ldi	r24, 0x01	; 1
    1624:	89 83       	std	Y+1, r24	; 0x01
    1626:	31 c0       	rjmp	.+98     	; 0x168a <GPIO_readPin+0x124>
			}
			else
			{
				pin_value = LOGIC_LOW;
    1628:	19 82       	std	Y+1, r1	; 0x01
    162a:	2f c0       	rjmp	.+94     	; 0x168a <GPIO_readPin+0x124>
			}
			break;
		case PORTC_ID:
			if(BIT_IS_SET(PINC,pin_num))
    162c:	e3 e3       	ldi	r30, 0x33	; 51
    162e:	f0 e0       	ldi	r31, 0x00	; 0
    1630:	80 81       	ld	r24, Z
    1632:	28 2f       	mov	r18, r24
    1634:	30 e0       	ldi	r19, 0x00	; 0
    1636:	8b 81       	ldd	r24, Y+3	; 0x03
    1638:	88 2f       	mov	r24, r24
    163a:	90 e0       	ldi	r25, 0x00	; 0
    163c:	a9 01       	movw	r20, r18
    163e:	02 c0       	rjmp	.+4      	; 0x1644 <GPIO_readPin+0xde>
    1640:	55 95       	asr	r21
    1642:	47 95       	ror	r20
    1644:	8a 95       	dec	r24
    1646:	e2 f7       	brpl	.-8      	; 0x1640 <GPIO_readPin+0xda>
    1648:	ca 01       	movw	r24, r20
    164a:	81 70       	andi	r24, 0x01	; 1
    164c:	90 70       	andi	r25, 0x00	; 0
    164e:	88 23       	and	r24, r24
    1650:	19 f0       	breq	.+6      	; 0x1658 <GPIO_readPin+0xf2>
			{
				pin_value = LOGIC_HIGH;
    1652:	81 e0       	ldi	r24, 0x01	; 1
    1654:	89 83       	std	Y+1, r24	; 0x01
    1656:	19 c0       	rjmp	.+50     	; 0x168a <GPIO_readPin+0x124>
			}
			else
			{
				pin_value = LOGIC_LOW;
    1658:	19 82       	std	Y+1, r1	; 0x01
    165a:	17 c0       	rjmp	.+46     	; 0x168a <GPIO_readPin+0x124>
			}
			break;
		case PORTD_ID:
			if(BIT_IS_SET(PIND,pin_num))
    165c:	e0 e3       	ldi	r30, 0x30	; 48
    165e:	f0 e0       	ldi	r31, 0x00	; 0
    1660:	80 81       	ld	r24, Z
    1662:	28 2f       	mov	r18, r24
    1664:	30 e0       	ldi	r19, 0x00	; 0
    1666:	8b 81       	ldd	r24, Y+3	; 0x03
    1668:	88 2f       	mov	r24, r24
    166a:	90 e0       	ldi	r25, 0x00	; 0
    166c:	a9 01       	movw	r20, r18
    166e:	02 c0       	rjmp	.+4      	; 0x1674 <GPIO_readPin+0x10e>
    1670:	55 95       	asr	r21
    1672:	47 95       	ror	r20
    1674:	8a 95       	dec	r24
    1676:	e2 f7       	brpl	.-8      	; 0x1670 <GPIO_readPin+0x10a>
    1678:	ca 01       	movw	r24, r20
    167a:	81 70       	andi	r24, 0x01	; 1
    167c:	90 70       	andi	r25, 0x00	; 0
    167e:	88 23       	and	r24, r24
    1680:	19 f0       	breq	.+6      	; 0x1688 <GPIO_readPin+0x122>
			{
				pin_value = LOGIC_HIGH;
    1682:	81 e0       	ldi	r24, 0x01	; 1
    1684:	89 83       	std	Y+1, r24	; 0x01
    1686:	01 c0       	rjmp	.+2      	; 0x168a <GPIO_readPin+0x124>
			}
			else
			{
				pin_value = LOGIC_LOW;
    1688:	19 82       	std	Y+1, r1	; 0x01
			}
			break;
		}
	}

	return pin_value;
    168a:	89 81       	ldd	r24, Y+1	; 0x01
}
    168c:	0f 90       	pop	r0
    168e:	0f 90       	pop	r0
    1690:	0f 90       	pop	r0
    1692:	0f 90       	pop	r0
    1694:	0f 90       	pop	r0
    1696:	cf 91       	pop	r28
    1698:	df 91       	pop	r29
    169a:	08 95       	ret

0000169c <GPIO_setupPortDirection>:
 * If the direction value is PORT_INPUT all pins in this port should be input pins.
 * If the direction value is PORT_OUTPUT all pins in this port should be output pins.
 * If the input port number is not correct, The function will not handle the request.
 */
void GPIO_setupPortDirection(uint8 port_num, GPIO_PortDirectionType direction)
{
    169c:	df 93       	push	r29
    169e:	cf 93       	push	r28
    16a0:	00 d0       	rcall	.+0      	; 0x16a2 <GPIO_setupPortDirection+0x6>
    16a2:	00 d0       	rcall	.+0      	; 0x16a4 <GPIO_setupPortDirection+0x8>
    16a4:	cd b7       	in	r28, 0x3d	; 61
    16a6:	de b7       	in	r29, 0x3e	; 62
    16a8:	89 83       	std	Y+1, r24	; 0x01
    16aa:	6a 83       	std	Y+2, r22	; 0x02
	/*
	 * Check if the input number is greater than NUM_OF_PORTS value.
	 * In this case the input is not valid port number
	 */
	if(port_num >= NUM_OF_PORTS)
    16ac:	89 81       	ldd	r24, Y+1	; 0x01
    16ae:	84 30       	cpi	r24, 0x04	; 4
    16b0:	90 f5       	brcc	.+100    	; 0x1716 <GPIO_setupPortDirection+0x7a>
		/* Do Nothing */
	}
	else
	{
		/* Setup the port direction as required */
		switch(port_num)
    16b2:	89 81       	ldd	r24, Y+1	; 0x01
    16b4:	28 2f       	mov	r18, r24
    16b6:	30 e0       	ldi	r19, 0x00	; 0
    16b8:	3c 83       	std	Y+4, r19	; 0x04
    16ba:	2b 83       	std	Y+3, r18	; 0x03
    16bc:	8b 81       	ldd	r24, Y+3	; 0x03
    16be:	9c 81       	ldd	r25, Y+4	; 0x04
    16c0:	81 30       	cpi	r24, 0x01	; 1
    16c2:	91 05       	cpc	r25, r1
    16c4:	d1 f0       	breq	.+52     	; 0x16fa <GPIO_setupPortDirection+0x5e>
    16c6:	2b 81       	ldd	r18, Y+3	; 0x03
    16c8:	3c 81       	ldd	r19, Y+4	; 0x04
    16ca:	22 30       	cpi	r18, 0x02	; 2
    16cc:	31 05       	cpc	r19, r1
    16ce:	2c f4       	brge	.+10     	; 0x16da <GPIO_setupPortDirection+0x3e>
    16d0:	8b 81       	ldd	r24, Y+3	; 0x03
    16d2:	9c 81       	ldd	r25, Y+4	; 0x04
    16d4:	00 97       	sbiw	r24, 0x00	; 0
    16d6:	61 f0       	breq	.+24     	; 0x16f0 <GPIO_setupPortDirection+0x54>
    16d8:	1e c0       	rjmp	.+60     	; 0x1716 <GPIO_setupPortDirection+0x7a>
    16da:	2b 81       	ldd	r18, Y+3	; 0x03
    16dc:	3c 81       	ldd	r19, Y+4	; 0x04
    16de:	22 30       	cpi	r18, 0x02	; 2
    16e0:	31 05       	cpc	r19, r1
    16e2:	81 f0       	breq	.+32     	; 0x1704 <GPIO_setupPortDirection+0x68>
    16e4:	8b 81       	ldd	r24, Y+3	; 0x03
    16e6:	9c 81       	ldd	r25, Y+4	; 0x04
    16e8:	83 30       	cpi	r24, 0x03	; 3
    16ea:	91 05       	cpc	r25, r1
    16ec:	81 f0       	breq	.+32     	; 0x170e <GPIO_setupPortDirection+0x72>
    16ee:	13 c0       	rjmp	.+38     	; 0x1716 <GPIO_setupPortDirection+0x7a>
		{
		case PORTA_ID:
			DDRA = direction;
    16f0:	ea e3       	ldi	r30, 0x3A	; 58
    16f2:	f0 e0       	ldi	r31, 0x00	; 0
    16f4:	8a 81       	ldd	r24, Y+2	; 0x02
    16f6:	80 83       	st	Z, r24
    16f8:	0e c0       	rjmp	.+28     	; 0x1716 <GPIO_setupPortDirection+0x7a>
			break;
		case PORTB_ID:
			DDRB = direction;
    16fa:	e7 e3       	ldi	r30, 0x37	; 55
    16fc:	f0 e0       	ldi	r31, 0x00	; 0
    16fe:	8a 81       	ldd	r24, Y+2	; 0x02
    1700:	80 83       	st	Z, r24
    1702:	09 c0       	rjmp	.+18     	; 0x1716 <GPIO_setupPortDirection+0x7a>
			break;
		case PORTC_ID:
			DDRC = direction;
    1704:	e4 e3       	ldi	r30, 0x34	; 52
    1706:	f0 e0       	ldi	r31, 0x00	; 0
    1708:	8a 81       	ldd	r24, Y+2	; 0x02
    170a:	80 83       	st	Z, r24
    170c:	04 c0       	rjmp	.+8      	; 0x1716 <GPIO_setupPortDirection+0x7a>
			break;
		case PORTD_ID:
			DDRD = direction;
    170e:	e1 e3       	ldi	r30, 0x31	; 49
    1710:	f0 e0       	ldi	r31, 0x00	; 0
    1712:	8a 81       	ldd	r24, Y+2	; 0x02
    1714:	80 83       	st	Z, r24
			break;
		}
	}
}
    1716:	0f 90       	pop	r0
    1718:	0f 90       	pop	r0
    171a:	0f 90       	pop	r0
    171c:	0f 90       	pop	r0
    171e:	cf 91       	pop	r28
    1720:	df 91       	pop	r29
    1722:	08 95       	ret

00001724 <GPIO_writePort>:
 * If any pin in the port is output pin the value will be written.
 * If any pin in the port is input pin this will activate/deactivate the internal pull-up resistor.
 * If the input port number is not correct, The function will not handle the request.
 */
void GPIO_writePort(uint8 port_num, uint8 value)
{
    1724:	df 93       	push	r29
    1726:	cf 93       	push	r28
    1728:	00 d0       	rcall	.+0      	; 0x172a <GPIO_writePort+0x6>
    172a:	00 d0       	rcall	.+0      	; 0x172c <GPIO_writePort+0x8>
    172c:	cd b7       	in	r28, 0x3d	; 61
    172e:	de b7       	in	r29, 0x3e	; 62
    1730:	89 83       	std	Y+1, r24	; 0x01
    1732:	6a 83       	std	Y+2, r22	; 0x02
	/*
	 * Check if the input number is greater than NUM_OF_PORTS value.
	 * In this case the input is not valid port number
	 */
	if(port_num >= NUM_OF_PORTS)
    1734:	89 81       	ldd	r24, Y+1	; 0x01
    1736:	84 30       	cpi	r24, 0x04	; 4
    1738:	90 f5       	brcc	.+100    	; 0x179e <GPIO_writePort+0x7a>
		/* Do Nothing */
	}
	else
	{
		/* Write the port value as required */
		switch(port_num)
    173a:	89 81       	ldd	r24, Y+1	; 0x01
    173c:	28 2f       	mov	r18, r24
    173e:	30 e0       	ldi	r19, 0x00	; 0
    1740:	3c 83       	std	Y+4, r19	; 0x04
    1742:	2b 83       	std	Y+3, r18	; 0x03
    1744:	8b 81       	ldd	r24, Y+3	; 0x03
    1746:	9c 81       	ldd	r25, Y+4	; 0x04
    1748:	81 30       	cpi	r24, 0x01	; 1
    174a:	91 05       	cpc	r25, r1
    174c:	d1 f0       	breq	.+52     	; 0x1782 <GPIO_writePort+0x5e>
    174e:	2b 81       	ldd	r18, Y+3	; 0x03
    1750:	3c 81       	ldd	r19, Y+4	; 0x04
    1752:	22 30       	cpi	r18, 0x02	; 2
    1754:	31 05       	cpc	r19, r1
    1756:	2c f4       	brge	.+10     	; 0x1762 <GPIO_writePort+0x3e>
    1758:	8b 81       	ldd	r24, Y+3	; 0x03
    175a:	9c 81       	ldd	r25, Y+4	; 0x04
    175c:	00 97       	sbiw	r24, 0x00	; 0
    175e:	61 f0       	breq	.+24     	; 0x1778 <GPIO_writePort+0x54>
    1760:	1e c0       	rjmp	.+60     	; 0x179e <GPIO_writePort+0x7a>
    1762:	2b 81       	ldd	r18, Y+3	; 0x03
    1764:	3c 81       	ldd	r19, Y+4	; 0x04
    1766:	22 30       	cpi	r18, 0x02	; 2
    1768:	31 05       	cpc	r19, r1
    176a:	81 f0       	breq	.+32     	; 0x178c <GPIO_writePort+0x68>
    176c:	8b 81       	ldd	r24, Y+3	; 0x03
    176e:	9c 81       	ldd	r25, Y+4	; 0x04
    1770:	83 30       	cpi	r24, 0x03	; 3
    1772:	91 05       	cpc	r25, r1
    1774:	81 f0       	breq	.+32     	; 0x1796 <GPIO_writePort+0x72>
    1776:	13 c0       	rjmp	.+38     	; 0x179e <GPIO_writePort+0x7a>
		{
		case PORTA_ID:
			PORTA = value;
    1778:	eb e3       	ldi	r30, 0x3B	; 59
    177a:	f0 e0       	ldi	r31, 0x00	; 0
    177c:	8a 81       	ldd	r24, Y+2	; 0x02
    177e:	80 83       	st	Z, r24
    1780:	0e c0       	rjmp	.+28     	; 0x179e <GPIO_writePort+0x7a>
			break;
		case PORTB_ID:
			PORTB = value;
    1782:	e8 e3       	ldi	r30, 0x38	; 56
    1784:	f0 e0       	ldi	r31, 0x00	; 0
    1786:	8a 81       	ldd	r24, Y+2	; 0x02
    1788:	80 83       	st	Z, r24
    178a:	09 c0       	rjmp	.+18     	; 0x179e <GPIO_writePort+0x7a>
			break;
		case PORTC_ID:
			PORTC = value;
    178c:	e5 e3       	ldi	r30, 0x35	; 53
    178e:	f0 e0       	ldi	r31, 0x00	; 0
    1790:	8a 81       	ldd	r24, Y+2	; 0x02
    1792:	80 83       	st	Z, r24
    1794:	04 c0       	rjmp	.+8      	; 0x179e <GPIO_writePort+0x7a>
			break;
		case PORTD_ID:
			PORTD = value;
    1796:	e2 e3       	ldi	r30, 0x32	; 50
    1798:	f0 e0       	ldi	r31, 0x00	; 0
    179a:	8a 81       	ldd	r24, Y+2	; 0x02
    179c:	80 83       	st	Z, r24
			break;
		}
	}
}
    179e:	0f 90       	pop	r0
    17a0:	0f 90       	pop	r0
    17a2:	0f 90       	pop	r0
    17a4:	0f 90       	pop	r0
    17a6:	cf 91       	pop	r28
    17a8:	df 91       	pop	r29
    17aa:	08 95       	ret

000017ac <GPIO_readPort>:
 * Description :
 * Read and return the value of the required port.
 * If the input port number is not correct, The function will return ZERO value.
 */
uint8 GPIO_readPort(uint8 port_num)
{
    17ac:	df 93       	push	r29
    17ae:	cf 93       	push	r28
    17b0:	00 d0       	rcall	.+0      	; 0x17b2 <GPIO_readPort+0x6>
    17b2:	00 d0       	rcall	.+0      	; 0x17b4 <GPIO_readPort+0x8>
    17b4:	cd b7       	in	r28, 0x3d	; 61
    17b6:	de b7       	in	r29, 0x3e	; 62
    17b8:	8a 83       	std	Y+2, r24	; 0x02
	uint8 value = LOGIC_LOW;
    17ba:	19 82       	std	Y+1, r1	; 0x01

	/*
	 * Check if the input number is greater than NUM_OF_PORTS value.
	 * In this case the input is not valid port number
	 */
	if(port_num >= NUM_OF_PORTS)
    17bc:	8a 81       	ldd	r24, Y+2	; 0x02
    17be:	84 30       	cpi	r24, 0x04	; 4
    17c0:	90 f5       	brcc	.+100    	; 0x1826 <GPIO_readPort+0x7a>
		/* Do Nothing */
	}
	else
	{
		/* Read the port value as required */
		switch(port_num)
    17c2:	8a 81       	ldd	r24, Y+2	; 0x02
    17c4:	28 2f       	mov	r18, r24
    17c6:	30 e0       	ldi	r19, 0x00	; 0
    17c8:	3c 83       	std	Y+4, r19	; 0x04
    17ca:	2b 83       	std	Y+3, r18	; 0x03
    17cc:	8b 81       	ldd	r24, Y+3	; 0x03
    17ce:	9c 81       	ldd	r25, Y+4	; 0x04
    17d0:	81 30       	cpi	r24, 0x01	; 1
    17d2:	91 05       	cpc	r25, r1
    17d4:	d1 f0       	breq	.+52     	; 0x180a <GPIO_readPort+0x5e>
    17d6:	2b 81       	ldd	r18, Y+3	; 0x03
    17d8:	3c 81       	ldd	r19, Y+4	; 0x04
    17da:	22 30       	cpi	r18, 0x02	; 2
    17dc:	31 05       	cpc	r19, r1
    17de:	2c f4       	brge	.+10     	; 0x17ea <GPIO_readPort+0x3e>
    17e0:	8b 81       	ldd	r24, Y+3	; 0x03
    17e2:	9c 81       	ldd	r25, Y+4	; 0x04
    17e4:	00 97       	sbiw	r24, 0x00	; 0
    17e6:	61 f0       	breq	.+24     	; 0x1800 <GPIO_readPort+0x54>
    17e8:	1e c0       	rjmp	.+60     	; 0x1826 <GPIO_readPort+0x7a>
    17ea:	2b 81       	ldd	r18, Y+3	; 0x03
    17ec:	3c 81       	ldd	r19, Y+4	; 0x04
    17ee:	22 30       	cpi	r18, 0x02	; 2
    17f0:	31 05       	cpc	r19, r1
    17f2:	81 f0       	breq	.+32     	; 0x1814 <GPIO_readPort+0x68>
    17f4:	8b 81       	ldd	r24, Y+3	; 0x03
    17f6:	9c 81       	ldd	r25, Y+4	; 0x04
    17f8:	83 30       	cpi	r24, 0x03	; 3
    17fa:	91 05       	cpc	r25, r1
    17fc:	81 f0       	breq	.+32     	; 0x181e <GPIO_readPort+0x72>
    17fe:	13 c0       	rjmp	.+38     	; 0x1826 <GPIO_readPort+0x7a>
		{
		case PORTA_ID:
			value = PINA;
    1800:	e9 e3       	ldi	r30, 0x39	; 57
    1802:	f0 e0       	ldi	r31, 0x00	; 0
    1804:	80 81       	ld	r24, Z
    1806:	89 83       	std	Y+1, r24	; 0x01
    1808:	0e c0       	rjmp	.+28     	; 0x1826 <GPIO_readPort+0x7a>
			break;
		case PORTB_ID:
			value = PINB;
    180a:	e6 e3       	ldi	r30, 0x36	; 54
    180c:	f0 e0       	ldi	r31, 0x00	; 0
    180e:	80 81       	ld	r24, Z
    1810:	89 83       	std	Y+1, r24	; 0x01
    1812:	09 c0       	rjmp	.+18     	; 0x1826 <GPIO_readPort+0x7a>
			break;
		case PORTC_ID:
			value = PINC;
    1814:	e3 e3       	ldi	r30, 0x33	; 51
    1816:	f0 e0       	ldi	r31, 0x00	; 0
    1818:	80 81       	ld	r24, Z
    181a:	89 83       	std	Y+1, r24	; 0x01
    181c:	04 c0       	rjmp	.+8      	; 0x1826 <GPIO_readPort+0x7a>
			break;
		case PORTD_ID:
			value = PIND;
    181e:	e0 e3       	ldi	r30, 0x30	; 48
    1820:	f0 e0       	ldi	r31, 0x00	; 0
    1822:	80 81       	ld	r24, Z
    1824:	89 83       	std	Y+1, r24	; 0x01
			break;
		}
	}

	return value;
    1826:	89 81       	ldd	r24, Y+1	; 0x01
}
    1828:	0f 90       	pop	r0
    182a:	0f 90       	pop	r0
    182c:	0f 90       	pop	r0
    182e:	0f 90       	pop	r0
    1830:	cf 91       	pop	r28
    1832:	df 91       	pop	r29
    1834:	08 95       	ret

00001836 <__vector_6>:
/*******************************************************************************
 *                       Interrupt Service Routines                            *
 *******************************************************************************/

ISR(TIMER1_CAPT_vect)
{
    1836:	1f 92       	push	r1
    1838:	0f 92       	push	r0
    183a:	0f b6       	in	r0, 0x3f	; 63
    183c:	0f 92       	push	r0
    183e:	11 24       	eor	r1, r1
    1840:	2f 93       	push	r18
    1842:	3f 93       	push	r19
    1844:	4f 93       	push	r20
    1846:	5f 93       	push	r21
    1848:	6f 93       	push	r22
    184a:	7f 93       	push	r23
    184c:	8f 93       	push	r24
    184e:	9f 93       	push	r25
    1850:	af 93       	push	r26
    1852:	bf 93       	push	r27
    1854:	ef 93       	push	r30
    1856:	ff 93       	push	r31
    1858:	df 93       	push	r29
    185a:	cf 93       	push	r28
    185c:	cd b7       	in	r28, 0x3d	; 61
    185e:	de b7       	in	r29, 0x3e	; 62
	if(g_callBackPtr != NULL_PTR)
    1860:	80 91 80 01 	lds	r24, 0x0180
    1864:	90 91 81 01 	lds	r25, 0x0181
    1868:	00 97       	sbiw	r24, 0x00	; 0
    186a:	29 f0       	breq	.+10     	; 0x1876 <__vector_6+0x40>
	{
		/* Call the Call Back function in the application after the edge is detected */
		(*g_callBackPtr)(); /* another method to call the function using pointer to function g_callBackPtr(); */
    186c:	e0 91 80 01 	lds	r30, 0x0180
    1870:	f0 91 81 01 	lds	r31, 0x0181
    1874:	09 95       	icall
	}
}
    1876:	cf 91       	pop	r28
    1878:	df 91       	pop	r29
    187a:	ff 91       	pop	r31
    187c:	ef 91       	pop	r30
    187e:	bf 91       	pop	r27
    1880:	af 91       	pop	r26
    1882:	9f 91       	pop	r25
    1884:	8f 91       	pop	r24
    1886:	7f 91       	pop	r23
    1888:	6f 91       	pop	r22
    188a:	5f 91       	pop	r21
    188c:	4f 91       	pop	r20
    188e:	3f 91       	pop	r19
    1890:	2f 91       	pop	r18
    1892:	0f 90       	pop	r0
    1894:	0f be       	out	0x3f, r0	; 63
    1896:	0f 90       	pop	r0
    1898:	1f 90       	pop	r1
    189a:	18 95       	reti

0000189c <ICU_init>:
 * 	2. Set the required edge detection.
 * 	3. Enable the Input Capture Interrupt.
 * 	4. Initialize Timer1 Registers
 */
void ICU_init(const ICU_ConfigType * Config_Ptr)
{
    189c:	df 93       	push	r29
    189e:	cf 93       	push	r28
    18a0:	00 d0       	rcall	.+0      	; 0x18a2 <ICU_init+0x6>
    18a2:	cd b7       	in	r28, 0x3d	; 61
    18a4:	de b7       	in	r29, 0x3e	; 62
    18a6:	9a 83       	std	Y+2, r25	; 0x02
    18a8:	89 83       	std	Y+1, r24	; 0x01
	/* Configure ICP1/PD6 as i/p pin */
	DDRD &= ~(1<<PD6);
    18aa:	a1 e3       	ldi	r26, 0x31	; 49
    18ac:	b0 e0       	ldi	r27, 0x00	; 0
    18ae:	e1 e3       	ldi	r30, 0x31	; 49
    18b0:	f0 e0       	ldi	r31, 0x00	; 0
    18b2:	80 81       	ld	r24, Z
    18b4:	8f 7b       	andi	r24, 0xBF	; 191
    18b6:	8c 93       	st	X, r24

	/* Timer1 always operates in Normal Mode */
	TCCR1A = (1<<FOC1A) | (1<<FOC1B);
    18b8:	ef e4       	ldi	r30, 0x4F	; 79
    18ba:	f0 e0       	ldi	r31, 0x00	; 0
    18bc:	8c e0       	ldi	r24, 0x0C	; 12
    18be:	80 83       	st	Z, r24

	/*
	 * insert the required clock value in the first three bits (CS10, CS11 and CS12)
	 * of TCCR1B Register
	 */
	TCCR1B = (TCCR1B & 0xF8) | (Config_Ptr->clock);
    18c0:	ae e4       	ldi	r26, 0x4E	; 78
    18c2:	b0 e0       	ldi	r27, 0x00	; 0
    18c4:	ee e4       	ldi	r30, 0x4E	; 78
    18c6:	f0 e0       	ldi	r31, 0x00	; 0
    18c8:	80 81       	ld	r24, Z
    18ca:	98 2f       	mov	r25, r24
    18cc:	98 7f       	andi	r25, 0xF8	; 248
    18ce:	e9 81       	ldd	r30, Y+1	; 0x01
    18d0:	fa 81       	ldd	r31, Y+2	; 0x02
    18d2:	80 81       	ld	r24, Z
    18d4:	89 2b       	or	r24, r25
    18d6:	8c 93       	st	X, r24
	/*
     * insert the required edge type in ICES1 bit in TCCR1B Register
	 */
	TCCR1B = (TCCR1B & 0xBF) | ((Config_Ptr->edge)<<6);
    18d8:	ae e4       	ldi	r26, 0x4E	; 78
    18da:	b0 e0       	ldi	r27, 0x00	; 0
    18dc:	ee e4       	ldi	r30, 0x4E	; 78
    18de:	f0 e0       	ldi	r31, 0x00	; 0
    18e0:	80 81       	ld	r24, Z
    18e2:	28 2f       	mov	r18, r24
    18e4:	2f 7b       	andi	r18, 0xBF	; 191
    18e6:	e9 81       	ldd	r30, Y+1	; 0x01
    18e8:	fa 81       	ldd	r31, Y+2	; 0x02
    18ea:	81 81       	ldd	r24, Z+1	; 0x01
    18ec:	88 2f       	mov	r24, r24
    18ee:	90 e0       	ldi	r25, 0x00	; 0
    18f0:	00 24       	eor	r0, r0
    18f2:	96 95       	lsr	r25
    18f4:	87 95       	ror	r24
    18f6:	07 94       	ror	r0
    18f8:	96 95       	lsr	r25
    18fa:	87 95       	ror	r24
    18fc:	07 94       	ror	r0
    18fe:	98 2f       	mov	r25, r24
    1900:	80 2d       	mov	r24, r0
    1902:	82 2b       	or	r24, r18
    1904:	8c 93       	st	X, r24

	/* Initial Value for Timer1 */
	TCNT1 = 0;
    1906:	ec e4       	ldi	r30, 0x4C	; 76
    1908:	f0 e0       	ldi	r31, 0x00	; 0
    190a:	11 82       	std	Z+1, r1	; 0x01
    190c:	10 82       	st	Z, r1

	/* Initial Value for the input capture register */
	ICR1 = 0;
    190e:	e6 e4       	ldi	r30, 0x46	; 70
    1910:	f0 e0       	ldi	r31, 0x00	; 0
    1912:	11 82       	std	Z+1, r1	; 0x01
    1914:	10 82       	st	Z, r1

	/* Enable the Input Capture interrupt to generate an interrupt when edge is detected on ICP1/PD6 pin */
	TIMSK |= (1<<TICIE1);
    1916:	a9 e5       	ldi	r26, 0x59	; 89
    1918:	b0 e0       	ldi	r27, 0x00	; 0
    191a:	e9 e5       	ldi	r30, 0x59	; 89
    191c:	f0 e0       	ldi	r31, 0x00	; 0
    191e:	80 81       	ld	r24, Z
    1920:	80 62       	ori	r24, 0x20	; 32
    1922:	8c 93       	st	X, r24
}
    1924:	0f 90       	pop	r0
    1926:	0f 90       	pop	r0
    1928:	cf 91       	pop	r28
    192a:	df 91       	pop	r29
    192c:	08 95       	ret

0000192e <ICU_setCallBack>:

/*
 * Description: Function to set the Call Back function address.
 */
void ICU_setCallBack(void(*a_ptr)(void))
{
    192e:	df 93       	push	r29
    1930:	cf 93       	push	r28
    1932:	00 d0       	rcall	.+0      	; 0x1934 <ICU_setCallBack+0x6>
    1934:	cd b7       	in	r28, 0x3d	; 61
    1936:	de b7       	in	r29, 0x3e	; 62
    1938:	9a 83       	std	Y+2, r25	; 0x02
    193a:	89 83       	std	Y+1, r24	; 0x01
	/* Save the address of the Call back function in a global variable */
	g_callBackPtr = a_ptr;
    193c:	89 81       	ldd	r24, Y+1	; 0x01
    193e:	9a 81       	ldd	r25, Y+2	; 0x02
    1940:	90 93 81 01 	sts	0x0181, r25
    1944:	80 93 80 01 	sts	0x0180, r24
}
    1948:	0f 90       	pop	r0
    194a:	0f 90       	pop	r0
    194c:	cf 91       	pop	r28
    194e:	df 91       	pop	r29
    1950:	08 95       	ret

00001952 <ICU_setEdgeDetectionType>:

/*
 * Description: Function to set the required edge detection.
 */
void ICU_setEdgeDetectionType(const ICU_EdgeType a_edgeType)
{
    1952:	df 93       	push	r29
    1954:	cf 93       	push	r28
    1956:	0f 92       	push	r0
    1958:	cd b7       	in	r28, 0x3d	; 61
    195a:	de b7       	in	r29, 0x3e	; 62
    195c:	89 83       	std	Y+1, r24	; 0x01
	/*
	 * insert the required edge type in ICES1 bit in TCCR1B Register
	 */
	TCCR1B = (TCCR1B & 0xBF) | (a_edgeType<<6);
    195e:	ae e4       	ldi	r26, 0x4E	; 78
    1960:	b0 e0       	ldi	r27, 0x00	; 0
    1962:	ee e4       	ldi	r30, 0x4E	; 78
    1964:	f0 e0       	ldi	r31, 0x00	; 0
    1966:	80 81       	ld	r24, Z
    1968:	28 2f       	mov	r18, r24
    196a:	2f 7b       	andi	r18, 0xBF	; 191
    196c:	89 81       	ldd	r24, Y+1	; 0x01
    196e:	88 2f       	mov	r24, r24
    1970:	90 e0       	ldi	r25, 0x00	; 0
    1972:	00 24       	eor	r0, r0
    1974:	96 95       	lsr	r25
    1976:	87 95       	ror	r24
    1978:	07 94       	ror	r0
    197a:	96 95       	lsr	r25
    197c:	87 95       	ror	r24
    197e:	07 94       	ror	r0
    1980:	98 2f       	mov	r25, r24
    1982:	80 2d       	mov	r24, r0
    1984:	82 2b       	or	r24, r18
    1986:	8c 93       	st	X, r24
}
    1988:	0f 90       	pop	r0
    198a:	cf 91       	pop	r28
    198c:	df 91       	pop	r29
    198e:	08 95       	ret

00001990 <ICU_getInputCaptureValue>:
/*
 * Description: Function to get the Timer1 Value when the input is captured
 *              The value stored at Input Capture Register ICR1
 */
uint16 ICU_getInputCaptureValue(void)
{
    1990:	df 93       	push	r29
    1992:	cf 93       	push	r28
    1994:	cd b7       	in	r28, 0x3d	; 61
    1996:	de b7       	in	r29, 0x3e	; 62
	return ICR1;
    1998:	e6 e4       	ldi	r30, 0x46	; 70
    199a:	f0 e0       	ldi	r31, 0x00	; 0
    199c:	80 81       	ld	r24, Z
    199e:	91 81       	ldd	r25, Z+1	; 0x01
}
    19a0:	cf 91       	pop	r28
    19a2:	df 91       	pop	r29
    19a4:	08 95       	ret

000019a6 <ICU_clearTimerValue>:

/*
 * Description: Function to clear the Timer1 Value to start count from ZERO
 */
void ICU_clearTimerValue(void)
{
    19a6:	df 93       	push	r29
    19a8:	cf 93       	push	r28
    19aa:	cd b7       	in	r28, 0x3d	; 61
    19ac:	de b7       	in	r29, 0x3e	; 62
	TCNT1 = 0;
    19ae:	ec e4       	ldi	r30, 0x4C	; 76
    19b0:	f0 e0       	ldi	r31, 0x00	; 0
    19b2:	11 82       	std	Z+1, r1	; 0x01
    19b4:	10 82       	st	Z, r1
}
    19b6:	cf 91       	pop	r28
    19b8:	df 91       	pop	r29
    19ba:	08 95       	ret

000019bc <ICU_deInit>:

/*
 * Description: Function to disable the Timer1 to stop the ICU Driver
 */
void ICU_deInit(void)
{
    19bc:	df 93       	push	r29
    19be:	cf 93       	push	r28
    19c0:	cd b7       	in	r28, 0x3d	; 61
    19c2:	de b7       	in	r29, 0x3e	; 62
	/* Clear All Timer1/ICU Registers */
	TCCR1A = 0;
    19c4:	ef e4       	ldi	r30, 0x4F	; 79
    19c6:	f0 e0       	ldi	r31, 0x00	; 0
    19c8:	10 82       	st	Z, r1
	TCCR1B = 0;
    19ca:	ee e4       	ldi	r30, 0x4E	; 78
    19cc:	f0 e0       	ldi	r31, 0x00	; 0
    19ce:	10 82       	st	Z, r1
	TCNT1 = 0;
    19d0:	ec e4       	ldi	r30, 0x4C	; 76
    19d2:	f0 e0       	ldi	r31, 0x00	; 0
    19d4:	11 82       	std	Z+1, r1	; 0x01
    19d6:	10 82       	st	Z, r1
	ICR1 = 0;
    19d8:	e6 e4       	ldi	r30, 0x46	; 70
    19da:	f0 e0       	ldi	r31, 0x00	; 0
    19dc:	11 82       	std	Z+1, r1	; 0x01
    19de:	10 82       	st	Z, r1

	/* Disable the Input Capture interrupt */
	TIMSK &= ~(1<<TICIE1);
    19e0:	a9 e5       	ldi	r26, 0x59	; 89
    19e2:	b0 e0       	ldi	r27, 0x00	; 0
    19e4:	e9 e5       	ldi	r30, 0x59	; 89
    19e6:	f0 e0       	ldi	r31, 0x00	; 0
    19e8:	80 81       	ld	r24, Z
    19ea:	8f 7d       	andi	r24, 0xDF	; 223
    19ec:	8c 93       	st	X, r24

	/* Reset the global pointer value */
	g_callBackPtr = NULL_PTR;
    19ee:	10 92 81 01 	sts	0x0181, r1
    19f2:	10 92 80 01 	sts	0x0180, r1
}
    19f6:	cf 91       	pop	r28
    19f8:	df 91       	pop	r29
    19fa:	08 95       	ret

000019fc <LCD_init>:
 * Initialize the LCD:
 * 1. Setup the LCD pins directions by use the GPIO driver.
 * 2. Setup the LCD Data Mode 4-bits or 8-bits.
 */
void LCD_init(void)
{
    19fc:	df 93       	push	r29
    19fe:	cf 93       	push	r28
    1a00:	cd b7       	in	r28, 0x3d	; 61
    1a02:	de b7       	in	r29, 0x3e	; 62
    1a04:	2e 97       	sbiw	r28, 0x0e	; 14
    1a06:	0f b6       	in	r0, 0x3f	; 63
    1a08:	f8 94       	cli
    1a0a:	de bf       	out	0x3e, r29	; 62
    1a0c:	0f be       	out	0x3f, r0	; 63
    1a0e:	cd bf       	out	0x3d, r28	; 61
	/* Configure the direction for RS and E pins as output pins */
	GPIO_setupPinDirection(LCD_RS_PORT_ID,LCD_RS_PIN_ID,PIN_OUTPUT);
    1a10:	80 e0       	ldi	r24, 0x00	; 0
    1a12:	61 e0       	ldi	r22, 0x01	; 1
    1a14:	41 e0       	ldi	r20, 0x01	; 1
    1a16:	0e 94 dd 08 	call	0x11ba	; 0x11ba <GPIO_setupPinDirection>
	GPIO_setupPinDirection(LCD_E_PORT_ID,LCD_E_PIN_ID,PIN_OUTPUT);
    1a1a:	80 e0       	ldi	r24, 0x00	; 0
    1a1c:	62 e0       	ldi	r22, 0x02	; 2
    1a1e:	41 e0       	ldi	r20, 0x01	; 1
    1a20:	0e 94 dd 08 	call	0x11ba	; 0x11ba <GPIO_setupPinDirection>
    1a24:	80 e0       	ldi	r24, 0x00	; 0
    1a26:	90 e0       	ldi	r25, 0x00	; 0
    1a28:	a0 ea       	ldi	r26, 0xA0	; 160
    1a2a:	b1 e4       	ldi	r27, 0x41	; 65
    1a2c:	8b 87       	std	Y+11, r24	; 0x0b
    1a2e:	9c 87       	std	Y+12, r25	; 0x0c
    1a30:	ad 87       	std	Y+13, r26	; 0x0d
    1a32:	be 87       	std	Y+14, r27	; 0x0e
 */
void
_delay_ms(double __ms)
{
	uint16_t __ticks;
	double __tmp = ((F_CPU) / 4e3) * __ms;
    1a34:	6b 85       	ldd	r22, Y+11	; 0x0b
    1a36:	7c 85       	ldd	r23, Y+12	; 0x0c
    1a38:	8d 85       	ldd	r24, Y+13	; 0x0d
    1a3a:	9e 85       	ldd	r25, Y+14	; 0x0e
    1a3c:	20 e0       	ldi	r18, 0x00	; 0
    1a3e:	30 e0       	ldi	r19, 0x00	; 0
    1a40:	4a e7       	ldi	r20, 0x7A	; 122
    1a42:	55 e4       	ldi	r21, 0x45	; 69
    1a44:	0e 94 1f 02 	call	0x43e	; 0x43e <__mulsf3>
    1a48:	dc 01       	movw	r26, r24
    1a4a:	cb 01       	movw	r24, r22
    1a4c:	8f 83       	std	Y+7, r24	; 0x07
    1a4e:	98 87       	std	Y+8, r25	; 0x08
    1a50:	a9 87       	std	Y+9, r26	; 0x09
    1a52:	ba 87       	std	Y+10, r27	; 0x0a
	if (__tmp < 1.0)
    1a54:	6f 81       	ldd	r22, Y+7	; 0x07
    1a56:	78 85       	ldd	r23, Y+8	; 0x08
    1a58:	89 85       	ldd	r24, Y+9	; 0x09
    1a5a:	9a 85       	ldd	r25, Y+10	; 0x0a
    1a5c:	20 e0       	ldi	r18, 0x00	; 0
    1a5e:	30 e0       	ldi	r19, 0x00	; 0
    1a60:	40 e8       	ldi	r20, 0x80	; 128
    1a62:	5f e3       	ldi	r21, 0x3F	; 63
    1a64:	0e 94 25 04 	call	0x84a	; 0x84a <__ltsf2>
    1a68:	88 23       	and	r24, r24
    1a6a:	2c f4       	brge	.+10     	; 0x1a76 <LCD_init+0x7a>
		__ticks = 1;
    1a6c:	81 e0       	ldi	r24, 0x01	; 1
    1a6e:	90 e0       	ldi	r25, 0x00	; 0
    1a70:	9e 83       	std	Y+6, r25	; 0x06
    1a72:	8d 83       	std	Y+5, r24	; 0x05
    1a74:	3f c0       	rjmp	.+126    	; 0x1af4 <LCD_init+0xf8>
	else if (__tmp > 65535)
    1a76:	6f 81       	ldd	r22, Y+7	; 0x07
    1a78:	78 85       	ldd	r23, Y+8	; 0x08
    1a7a:	89 85       	ldd	r24, Y+9	; 0x09
    1a7c:	9a 85       	ldd	r25, Y+10	; 0x0a
    1a7e:	20 e0       	ldi	r18, 0x00	; 0
    1a80:	3f ef       	ldi	r19, 0xFF	; 255
    1a82:	4f e7       	ldi	r20, 0x7F	; 127
    1a84:	57 e4       	ldi	r21, 0x47	; 71
    1a86:	0e 94 c5 03 	call	0x78a	; 0x78a <__gtsf2>
    1a8a:	18 16       	cp	r1, r24
    1a8c:	4c f5       	brge	.+82     	; 0x1ae0 <LCD_init+0xe4>
	{
		//	__ticks = requested delay in 1/10 ms
		__ticks = (uint16_t) (__ms * 10.0);
    1a8e:	6b 85       	ldd	r22, Y+11	; 0x0b
    1a90:	7c 85       	ldd	r23, Y+12	; 0x0c
    1a92:	8d 85       	ldd	r24, Y+13	; 0x0d
    1a94:	9e 85       	ldd	r25, Y+14	; 0x0e
    1a96:	20 e0       	ldi	r18, 0x00	; 0
    1a98:	30 e0       	ldi	r19, 0x00	; 0
    1a9a:	40 e2       	ldi	r20, 0x20	; 32
    1a9c:	51 e4       	ldi	r21, 0x41	; 65
    1a9e:	0e 94 1f 02 	call	0x43e	; 0x43e <__mulsf3>
    1aa2:	dc 01       	movw	r26, r24
    1aa4:	cb 01       	movw	r24, r22
    1aa6:	bc 01       	movw	r22, r24
    1aa8:	cd 01       	movw	r24, r26
    1aaa:	0e 94 49 00 	call	0x92	; 0x92 <__fixunssfsi>
    1aae:	dc 01       	movw	r26, r24
    1ab0:	cb 01       	movw	r24, r22
    1ab2:	9e 83       	std	Y+6, r25	; 0x06
    1ab4:	8d 83       	std	Y+5, r24	; 0x05
    1ab6:	0f c0       	rjmp	.+30     	; 0x1ad6 <LCD_init+0xda>
    1ab8:	80 e9       	ldi	r24, 0x90	; 144
    1aba:	91 e0       	ldi	r25, 0x01	; 1
    1abc:	9c 83       	std	Y+4, r25	; 0x04
    1abe:	8b 83       	std	Y+3, r24	; 0x03
    1ac0:	8b 81       	ldd	r24, Y+3	; 0x03
    1ac2:	9c 81       	ldd	r25, Y+4	; 0x04
    1ac4:	01 97       	sbiw	r24, 0x01	; 1
    1ac6:	f1 f7       	brne	.-4      	; 0x1ac4 <LCD_init+0xc8>
    1ac8:	9c 83       	std	Y+4, r25	; 0x04
    1aca:	8b 83       	std	Y+3, r24	; 0x03
		while(__ticks)
		{
			// wait 1/10 ms
			_delay_loop_2(((F_CPU) / 4e3) / 10);
			__ticks --;
    1acc:	8d 81       	ldd	r24, Y+5	; 0x05
    1ace:	9e 81       	ldd	r25, Y+6	; 0x06
    1ad0:	01 97       	sbiw	r24, 0x01	; 1
    1ad2:	9e 83       	std	Y+6, r25	; 0x06
    1ad4:	8d 83       	std	Y+5, r24	; 0x05
		__ticks = 1;
	else if (__tmp > 65535)
	{
		//	__ticks = requested delay in 1/10 ms
		__ticks = (uint16_t) (__ms * 10.0);
		while(__ticks)
    1ad6:	8d 81       	ldd	r24, Y+5	; 0x05
    1ad8:	9e 81       	ldd	r25, Y+6	; 0x06
    1ada:	00 97       	sbiw	r24, 0x00	; 0
    1adc:	69 f7       	brne	.-38     	; 0x1ab8 <LCD_init+0xbc>
    1ade:	14 c0       	rjmp	.+40     	; 0x1b08 <LCD_init+0x10c>
			__ticks --;
		}
		return;
	}
	else
		__ticks = (uint16_t)__tmp;
    1ae0:	6f 81       	ldd	r22, Y+7	; 0x07
    1ae2:	78 85       	ldd	r23, Y+8	; 0x08
    1ae4:	89 85       	ldd	r24, Y+9	; 0x09
    1ae6:	9a 85       	ldd	r25, Y+10	; 0x0a
    1ae8:	0e 94 49 00 	call	0x92	; 0x92 <__fixunssfsi>
    1aec:	dc 01       	movw	r26, r24
    1aee:	cb 01       	movw	r24, r22
    1af0:	9e 83       	std	Y+6, r25	; 0x06
    1af2:	8d 83       	std	Y+5, r24	; 0x05
    1af4:	8d 81       	ldd	r24, Y+5	; 0x05
    1af6:	9e 81       	ldd	r25, Y+6	; 0x06
    1af8:	9a 83       	std	Y+2, r25	; 0x02
    1afa:	89 83       	std	Y+1, r24	; 0x01
    1afc:	89 81       	ldd	r24, Y+1	; 0x01
    1afe:	9a 81       	ldd	r25, Y+2	; 0x02
    1b00:	01 97       	sbiw	r24, 0x01	; 1
    1b02:	f1 f7       	brne	.-4      	; 0x1b00 <LCD_init+0x104>
    1b04:	9a 83       	std	Y+2, r25	; 0x02
    1b06:	89 83       	std	Y+1, r24	; 0x01

	_delay_ms(20);		/* LCD Power ON delay always > 15ms */

#if(LCD_DATA_BITS_MODE == 4)
	/* Configure 4 pins in the data port as output pins */
	GPIO_setupPinDirection(LCD_DATA_PORT_ID,LCD_DB4_PIN_ID,PIN_OUTPUT);
    1b08:	80 e0       	ldi	r24, 0x00	; 0
    1b0a:	63 e0       	ldi	r22, 0x03	; 3
    1b0c:	41 e0       	ldi	r20, 0x01	; 1
    1b0e:	0e 94 dd 08 	call	0x11ba	; 0x11ba <GPIO_setupPinDirection>
	GPIO_setupPinDirection(LCD_DATA_PORT_ID,LCD_DB5_PIN_ID,PIN_OUTPUT);
    1b12:	80 e0       	ldi	r24, 0x00	; 0
    1b14:	64 e0       	ldi	r22, 0x04	; 4
    1b16:	41 e0       	ldi	r20, 0x01	; 1
    1b18:	0e 94 dd 08 	call	0x11ba	; 0x11ba <GPIO_setupPinDirection>
	GPIO_setupPinDirection(LCD_DATA_PORT_ID,LCD_DB6_PIN_ID,PIN_OUTPUT);
    1b1c:	80 e0       	ldi	r24, 0x00	; 0
    1b1e:	65 e0       	ldi	r22, 0x05	; 5
    1b20:	41 e0       	ldi	r20, 0x01	; 1
    1b22:	0e 94 dd 08 	call	0x11ba	; 0x11ba <GPIO_setupPinDirection>
	GPIO_setupPinDirection(LCD_DATA_PORT_ID,LCD_DB7_PIN_ID,PIN_OUTPUT);
    1b26:	80 e0       	ldi	r24, 0x00	; 0
    1b28:	66 e0       	ldi	r22, 0x06	; 6
    1b2a:	41 e0       	ldi	r20, 0x01	; 1
    1b2c:	0e 94 dd 08 	call	0x11ba	; 0x11ba <GPIO_setupPinDirection>

	/* Send for 4 bit initialization of LCD  */
	LCD_sendCommand(LCD_TWO_LINES_FOUR_BITS_MODE_INIT1);
    1b30:	83 e3       	ldi	r24, 0x33	; 51
    1b32:	0e 94 b0 0d 	call	0x1b60	; 0x1b60 <LCD_sendCommand>
	LCD_sendCommand(LCD_TWO_LINES_FOUR_BITS_MODE_INIT2);
    1b36:	82 e3       	ldi	r24, 0x32	; 50
    1b38:	0e 94 b0 0d 	call	0x1b60	; 0x1b60 <LCD_sendCommand>

	/* use 2-lines LCD + 4-bits Data Mode + 5*7 dot display Mode */
	LCD_sendCommand(LCD_TWO_LINES_FOUR_BITS_MODE);
    1b3c:	88 e2       	ldi	r24, 0x28	; 40
    1b3e:	0e 94 b0 0d 	call	0x1b60	; 0x1b60 <LCD_sendCommand>
	/* use 2-lines LCD + 8-bits Data Mode + 5*7 dot display Mode */
	LCD_sendCommand(LCD_TWO_LINES_EIGHT_BITS_MODE);

#endif

	LCD_sendCommand(LCD_CURSOR_OFF); /* cursor off */
    1b42:	8c e0       	ldi	r24, 0x0C	; 12
    1b44:	0e 94 b0 0d 	call	0x1b60	; 0x1b60 <LCD_sendCommand>
	LCD_sendCommand(LCD_CLEAR_COMMAND); /* clear LCD at the beginning */
    1b48:	81 e0       	ldi	r24, 0x01	; 1
    1b4a:	0e 94 b0 0d 	call	0x1b60	; 0x1b60 <LCD_sendCommand>
}
    1b4e:	2e 96       	adiw	r28, 0x0e	; 14
    1b50:	0f b6       	in	r0, 0x3f	; 63
    1b52:	f8 94       	cli
    1b54:	de bf       	out	0x3e, r29	; 62
    1b56:	0f be       	out	0x3f, r0	; 63
    1b58:	cd bf       	out	0x3d, r28	; 61
    1b5a:	cf 91       	pop	r28
    1b5c:	df 91       	pop	r29
    1b5e:	08 95       	ret

00001b60 <LCD_sendCommand>:
/*
 * Description :
 * Send the required command to the screen
 */
void LCD_sendCommand(uint8 command)
{
    1b60:	0f 93       	push	r16
    1b62:	1f 93       	push	r17
    1b64:	df 93       	push	r29
    1b66:	cf 93       	push	r28
    1b68:	cd b7       	in	r28, 0x3d	; 61
    1b6a:	de b7       	in	r29, 0x3e	; 62
    1b6c:	c3 56       	subi	r28, 0x63	; 99
    1b6e:	d0 40       	sbci	r29, 0x00	; 0
    1b70:	0f b6       	in	r0, 0x3f	; 63
    1b72:	f8 94       	cli
    1b74:	de bf       	out	0x3e, r29	; 62
    1b76:	0f be       	out	0x3f, r0	; 63
    1b78:	cd bf       	out	0x3d, r28	; 61
    1b7a:	fe 01       	movw	r30, r28
    1b7c:	ed 59       	subi	r30, 0x9D	; 157
    1b7e:	ff 4f       	sbci	r31, 0xFF	; 255
    1b80:	80 83       	st	Z, r24
	GPIO_writePin(LCD_RS_PORT_ID,LCD_RS_PIN_ID,LOGIC_LOW); /* Instruction Mode RS=0 */
    1b82:	80 e0       	ldi	r24, 0x00	; 0
    1b84:	61 e0       	ldi	r22, 0x01	; 1
    1b86:	40 e0       	ldi	r20, 0x00	; 0
    1b88:	0e 94 c8 09 	call	0x1390	; 0x1390 <GPIO_writePin>
    1b8c:	fe 01       	movw	r30, r28
    1b8e:	e1 5a       	subi	r30, 0xA1	; 161
    1b90:	ff 4f       	sbci	r31, 0xFF	; 255
    1b92:	80 e0       	ldi	r24, 0x00	; 0
    1b94:	90 e0       	ldi	r25, 0x00	; 0
    1b96:	a0 e8       	ldi	r26, 0x80	; 128
    1b98:	bf e3       	ldi	r27, 0x3F	; 63
    1b9a:	80 83       	st	Z, r24
    1b9c:	91 83       	std	Z+1, r25	; 0x01
    1b9e:	a2 83       	std	Z+2, r26	; 0x02
    1ba0:	b3 83       	std	Z+3, r27	; 0x03
 */
void
_delay_ms(double __ms)
{
	uint16_t __ticks;
	double __tmp = ((F_CPU) / 4e3) * __ms;
    1ba2:	8e 01       	movw	r16, r28
    1ba4:	05 5a       	subi	r16, 0xA5	; 165
    1ba6:	1f 4f       	sbci	r17, 0xFF	; 255
    1ba8:	fe 01       	movw	r30, r28
    1baa:	e1 5a       	subi	r30, 0xA1	; 161
    1bac:	ff 4f       	sbci	r31, 0xFF	; 255
    1bae:	60 81       	ld	r22, Z
    1bb0:	71 81       	ldd	r23, Z+1	; 0x01
    1bb2:	82 81       	ldd	r24, Z+2	; 0x02
    1bb4:	93 81       	ldd	r25, Z+3	; 0x03
    1bb6:	20 e0       	ldi	r18, 0x00	; 0
    1bb8:	30 e0       	ldi	r19, 0x00	; 0
    1bba:	4a e7       	ldi	r20, 0x7A	; 122
    1bbc:	55 e4       	ldi	r21, 0x45	; 69
    1bbe:	0e 94 1f 02 	call	0x43e	; 0x43e <__mulsf3>
    1bc2:	dc 01       	movw	r26, r24
    1bc4:	cb 01       	movw	r24, r22
    1bc6:	f8 01       	movw	r30, r16
    1bc8:	80 83       	st	Z, r24
    1bca:	91 83       	std	Z+1, r25	; 0x01
    1bcc:	a2 83       	std	Z+2, r26	; 0x02
    1bce:	b3 83       	std	Z+3, r27	; 0x03
	if (__tmp < 1.0)
    1bd0:	fe 01       	movw	r30, r28
    1bd2:	e5 5a       	subi	r30, 0xA5	; 165
    1bd4:	ff 4f       	sbci	r31, 0xFF	; 255
    1bd6:	60 81       	ld	r22, Z
    1bd8:	71 81       	ldd	r23, Z+1	; 0x01
    1bda:	82 81       	ldd	r24, Z+2	; 0x02
    1bdc:	93 81       	ldd	r25, Z+3	; 0x03
    1bde:	20 e0       	ldi	r18, 0x00	; 0
    1be0:	30 e0       	ldi	r19, 0x00	; 0
    1be2:	40 e8       	ldi	r20, 0x80	; 128
    1be4:	5f e3       	ldi	r21, 0x3F	; 63
    1be6:	0e 94 25 04 	call	0x84a	; 0x84a <__ltsf2>
    1bea:	88 23       	and	r24, r24
    1bec:	44 f4       	brge	.+16     	; 0x1bfe <LCD_sendCommand+0x9e>
		__ticks = 1;
    1bee:	fe 01       	movw	r30, r28
    1bf0:	e7 5a       	subi	r30, 0xA7	; 167
    1bf2:	ff 4f       	sbci	r31, 0xFF	; 255
    1bf4:	81 e0       	ldi	r24, 0x01	; 1
    1bf6:	90 e0       	ldi	r25, 0x00	; 0
    1bf8:	91 83       	std	Z+1, r25	; 0x01
    1bfa:	80 83       	st	Z, r24
    1bfc:	64 c0       	rjmp	.+200    	; 0x1cc6 <LCD_sendCommand+0x166>
	else if (__tmp > 65535)
    1bfe:	fe 01       	movw	r30, r28
    1c00:	e5 5a       	subi	r30, 0xA5	; 165
    1c02:	ff 4f       	sbci	r31, 0xFF	; 255
    1c04:	60 81       	ld	r22, Z
    1c06:	71 81       	ldd	r23, Z+1	; 0x01
    1c08:	82 81       	ldd	r24, Z+2	; 0x02
    1c0a:	93 81       	ldd	r25, Z+3	; 0x03
    1c0c:	20 e0       	ldi	r18, 0x00	; 0
    1c0e:	3f ef       	ldi	r19, 0xFF	; 255
    1c10:	4f e7       	ldi	r20, 0x7F	; 127
    1c12:	57 e4       	ldi	r21, 0x47	; 71
    1c14:	0e 94 c5 03 	call	0x78a	; 0x78a <__gtsf2>
    1c18:	18 16       	cp	r1, r24
    1c1a:	0c f0       	brlt	.+2      	; 0x1c1e <LCD_sendCommand+0xbe>
    1c1c:	43 c0       	rjmp	.+134    	; 0x1ca4 <LCD_sendCommand+0x144>
	{
		//	__ticks = requested delay in 1/10 ms
		__ticks = (uint16_t) (__ms * 10.0);
    1c1e:	fe 01       	movw	r30, r28
    1c20:	e1 5a       	subi	r30, 0xA1	; 161
    1c22:	ff 4f       	sbci	r31, 0xFF	; 255
    1c24:	60 81       	ld	r22, Z
    1c26:	71 81       	ldd	r23, Z+1	; 0x01
    1c28:	82 81       	ldd	r24, Z+2	; 0x02
    1c2a:	93 81       	ldd	r25, Z+3	; 0x03
    1c2c:	20 e0       	ldi	r18, 0x00	; 0
    1c2e:	30 e0       	ldi	r19, 0x00	; 0
    1c30:	40 e2       	ldi	r20, 0x20	; 32
    1c32:	51 e4       	ldi	r21, 0x41	; 65
    1c34:	0e 94 1f 02 	call	0x43e	; 0x43e <__mulsf3>
    1c38:	dc 01       	movw	r26, r24
    1c3a:	cb 01       	movw	r24, r22
    1c3c:	8e 01       	movw	r16, r28
    1c3e:	07 5a       	subi	r16, 0xA7	; 167
    1c40:	1f 4f       	sbci	r17, 0xFF	; 255
    1c42:	bc 01       	movw	r22, r24
    1c44:	cd 01       	movw	r24, r26
    1c46:	0e 94 49 00 	call	0x92	; 0x92 <__fixunssfsi>
    1c4a:	dc 01       	movw	r26, r24
    1c4c:	cb 01       	movw	r24, r22
    1c4e:	f8 01       	movw	r30, r16
    1c50:	91 83       	std	Z+1, r25	; 0x01
    1c52:	80 83       	st	Z, r24
    1c54:	1f c0       	rjmp	.+62     	; 0x1c94 <LCD_sendCommand+0x134>
    1c56:	fe 01       	movw	r30, r28
    1c58:	e9 5a       	subi	r30, 0xA9	; 169
    1c5a:	ff 4f       	sbci	r31, 0xFF	; 255
    1c5c:	80 e9       	ldi	r24, 0x90	; 144
    1c5e:	91 e0       	ldi	r25, 0x01	; 1
    1c60:	91 83       	std	Z+1, r25	; 0x01
    1c62:	80 83       	st	Z, r24
    1c64:	fe 01       	movw	r30, r28
    1c66:	e9 5a       	subi	r30, 0xA9	; 169
    1c68:	ff 4f       	sbci	r31, 0xFF	; 255
    1c6a:	80 81       	ld	r24, Z
    1c6c:	91 81       	ldd	r25, Z+1	; 0x01
    1c6e:	01 97       	sbiw	r24, 0x01	; 1
    1c70:	f1 f7       	brne	.-4      	; 0x1c6e <LCD_sendCommand+0x10e>
    1c72:	fe 01       	movw	r30, r28
    1c74:	e9 5a       	subi	r30, 0xA9	; 169
    1c76:	ff 4f       	sbci	r31, 0xFF	; 255
    1c78:	91 83       	std	Z+1, r25	; 0x01
    1c7a:	80 83       	st	Z, r24
		while(__ticks)
		{
			// wait 1/10 ms
			_delay_loop_2(((F_CPU) / 4e3) / 10);
			__ticks --;
    1c7c:	de 01       	movw	r26, r28
    1c7e:	a7 5a       	subi	r26, 0xA7	; 167
    1c80:	bf 4f       	sbci	r27, 0xFF	; 255
    1c82:	fe 01       	movw	r30, r28
    1c84:	e7 5a       	subi	r30, 0xA7	; 167
    1c86:	ff 4f       	sbci	r31, 0xFF	; 255
    1c88:	80 81       	ld	r24, Z
    1c8a:	91 81       	ldd	r25, Z+1	; 0x01
    1c8c:	01 97       	sbiw	r24, 0x01	; 1
    1c8e:	11 96       	adiw	r26, 0x01	; 1
    1c90:	9c 93       	st	X, r25
    1c92:	8e 93       	st	-X, r24
		__ticks = 1;
	else if (__tmp > 65535)
	{
		//	__ticks = requested delay in 1/10 ms
		__ticks = (uint16_t) (__ms * 10.0);
		while(__ticks)
    1c94:	fe 01       	movw	r30, r28
    1c96:	e7 5a       	subi	r30, 0xA7	; 167
    1c98:	ff 4f       	sbci	r31, 0xFF	; 255
    1c9a:	80 81       	ld	r24, Z
    1c9c:	91 81       	ldd	r25, Z+1	; 0x01
    1c9e:	00 97       	sbiw	r24, 0x00	; 0
    1ca0:	d1 f6       	brne	.-76     	; 0x1c56 <LCD_sendCommand+0xf6>
    1ca2:	27 c0       	rjmp	.+78     	; 0x1cf2 <LCD_sendCommand+0x192>
			__ticks --;
		}
		return;
	}
	else
		__ticks = (uint16_t)__tmp;
    1ca4:	8e 01       	movw	r16, r28
    1ca6:	07 5a       	subi	r16, 0xA7	; 167
    1ca8:	1f 4f       	sbci	r17, 0xFF	; 255
    1caa:	fe 01       	movw	r30, r28
    1cac:	e5 5a       	subi	r30, 0xA5	; 165
    1cae:	ff 4f       	sbci	r31, 0xFF	; 255
    1cb0:	60 81       	ld	r22, Z
    1cb2:	71 81       	ldd	r23, Z+1	; 0x01
    1cb4:	82 81       	ldd	r24, Z+2	; 0x02
    1cb6:	93 81       	ldd	r25, Z+3	; 0x03
    1cb8:	0e 94 49 00 	call	0x92	; 0x92 <__fixunssfsi>
    1cbc:	dc 01       	movw	r26, r24
    1cbe:	cb 01       	movw	r24, r22
    1cc0:	f8 01       	movw	r30, r16
    1cc2:	91 83       	std	Z+1, r25	; 0x01
    1cc4:	80 83       	st	Z, r24
    1cc6:	de 01       	movw	r26, r28
    1cc8:	ab 5a       	subi	r26, 0xAB	; 171
    1cca:	bf 4f       	sbci	r27, 0xFF	; 255
    1ccc:	fe 01       	movw	r30, r28
    1cce:	e7 5a       	subi	r30, 0xA7	; 167
    1cd0:	ff 4f       	sbci	r31, 0xFF	; 255
    1cd2:	80 81       	ld	r24, Z
    1cd4:	91 81       	ldd	r25, Z+1	; 0x01
    1cd6:	8d 93       	st	X+, r24
    1cd8:	9c 93       	st	X, r25
    1cda:	fe 01       	movw	r30, r28
    1cdc:	eb 5a       	subi	r30, 0xAB	; 171
    1cde:	ff 4f       	sbci	r31, 0xFF	; 255
    1ce0:	80 81       	ld	r24, Z
    1ce2:	91 81       	ldd	r25, Z+1	; 0x01
    1ce4:	01 97       	sbiw	r24, 0x01	; 1
    1ce6:	f1 f7       	brne	.-4      	; 0x1ce4 <LCD_sendCommand+0x184>
    1ce8:	fe 01       	movw	r30, r28
    1cea:	eb 5a       	subi	r30, 0xAB	; 171
    1cec:	ff 4f       	sbci	r31, 0xFF	; 255
    1cee:	91 83       	std	Z+1, r25	; 0x01
    1cf0:	80 83       	st	Z, r24
	_delay_ms(1); /* delay for processing Tas = 50ns */
	GPIO_writePin(LCD_E_PORT_ID,LCD_E_PIN_ID,LOGIC_HIGH); /* Enable LCD E=1 */
    1cf2:	80 e0       	ldi	r24, 0x00	; 0
    1cf4:	62 e0       	ldi	r22, 0x02	; 2
    1cf6:	41 e0       	ldi	r20, 0x01	; 1
    1cf8:	0e 94 c8 09 	call	0x1390	; 0x1390 <GPIO_writePin>
    1cfc:	fe 01       	movw	r30, r28
    1cfe:	ef 5a       	subi	r30, 0xAF	; 175
    1d00:	ff 4f       	sbci	r31, 0xFF	; 255
    1d02:	80 e0       	ldi	r24, 0x00	; 0
    1d04:	90 e0       	ldi	r25, 0x00	; 0
    1d06:	a0 e8       	ldi	r26, 0x80	; 128
    1d08:	bf e3       	ldi	r27, 0x3F	; 63
    1d0a:	80 83       	st	Z, r24
    1d0c:	91 83       	std	Z+1, r25	; 0x01
    1d0e:	a2 83       	std	Z+2, r26	; 0x02
    1d10:	b3 83       	std	Z+3, r27	; 0x03
 */
void
_delay_ms(double __ms)
{
	uint16_t __ticks;
	double __tmp = ((F_CPU) / 4e3) * __ms;
    1d12:	8e 01       	movw	r16, r28
    1d14:	03 5b       	subi	r16, 0xB3	; 179
    1d16:	1f 4f       	sbci	r17, 0xFF	; 255
    1d18:	fe 01       	movw	r30, r28
    1d1a:	ef 5a       	subi	r30, 0xAF	; 175
    1d1c:	ff 4f       	sbci	r31, 0xFF	; 255
    1d1e:	60 81       	ld	r22, Z
    1d20:	71 81       	ldd	r23, Z+1	; 0x01
    1d22:	82 81       	ldd	r24, Z+2	; 0x02
    1d24:	93 81       	ldd	r25, Z+3	; 0x03
    1d26:	20 e0       	ldi	r18, 0x00	; 0
    1d28:	30 e0       	ldi	r19, 0x00	; 0
    1d2a:	4a e7       	ldi	r20, 0x7A	; 122
    1d2c:	55 e4       	ldi	r21, 0x45	; 69
    1d2e:	0e 94 1f 02 	call	0x43e	; 0x43e <__mulsf3>
    1d32:	dc 01       	movw	r26, r24
    1d34:	cb 01       	movw	r24, r22
    1d36:	f8 01       	movw	r30, r16
    1d38:	80 83       	st	Z, r24
    1d3a:	91 83       	std	Z+1, r25	; 0x01
    1d3c:	a2 83       	std	Z+2, r26	; 0x02
    1d3e:	b3 83       	std	Z+3, r27	; 0x03
	if (__tmp < 1.0)
    1d40:	fe 01       	movw	r30, r28
    1d42:	e3 5b       	subi	r30, 0xB3	; 179
    1d44:	ff 4f       	sbci	r31, 0xFF	; 255
    1d46:	60 81       	ld	r22, Z
    1d48:	71 81       	ldd	r23, Z+1	; 0x01
    1d4a:	82 81       	ldd	r24, Z+2	; 0x02
    1d4c:	93 81       	ldd	r25, Z+3	; 0x03
    1d4e:	20 e0       	ldi	r18, 0x00	; 0
    1d50:	30 e0       	ldi	r19, 0x00	; 0
    1d52:	40 e8       	ldi	r20, 0x80	; 128
    1d54:	5f e3       	ldi	r21, 0x3F	; 63
    1d56:	0e 94 25 04 	call	0x84a	; 0x84a <__ltsf2>
    1d5a:	88 23       	and	r24, r24
    1d5c:	44 f4       	brge	.+16     	; 0x1d6e <LCD_sendCommand+0x20e>
		__ticks = 1;
    1d5e:	fe 01       	movw	r30, r28
    1d60:	e5 5b       	subi	r30, 0xB5	; 181
    1d62:	ff 4f       	sbci	r31, 0xFF	; 255
    1d64:	81 e0       	ldi	r24, 0x01	; 1
    1d66:	90 e0       	ldi	r25, 0x00	; 0
    1d68:	91 83       	std	Z+1, r25	; 0x01
    1d6a:	80 83       	st	Z, r24
    1d6c:	64 c0       	rjmp	.+200    	; 0x1e36 <LCD_sendCommand+0x2d6>
	else if (__tmp > 65535)
    1d6e:	fe 01       	movw	r30, r28
    1d70:	e3 5b       	subi	r30, 0xB3	; 179
    1d72:	ff 4f       	sbci	r31, 0xFF	; 255
    1d74:	60 81       	ld	r22, Z
    1d76:	71 81       	ldd	r23, Z+1	; 0x01
    1d78:	82 81       	ldd	r24, Z+2	; 0x02
    1d7a:	93 81       	ldd	r25, Z+3	; 0x03
    1d7c:	20 e0       	ldi	r18, 0x00	; 0
    1d7e:	3f ef       	ldi	r19, 0xFF	; 255
    1d80:	4f e7       	ldi	r20, 0x7F	; 127
    1d82:	57 e4       	ldi	r21, 0x47	; 71
    1d84:	0e 94 c5 03 	call	0x78a	; 0x78a <__gtsf2>
    1d88:	18 16       	cp	r1, r24
    1d8a:	0c f0       	brlt	.+2      	; 0x1d8e <LCD_sendCommand+0x22e>
    1d8c:	43 c0       	rjmp	.+134    	; 0x1e14 <LCD_sendCommand+0x2b4>
	{
		//	__ticks = requested delay in 1/10 ms
		__ticks = (uint16_t) (__ms * 10.0);
    1d8e:	fe 01       	movw	r30, r28
    1d90:	ef 5a       	subi	r30, 0xAF	; 175
    1d92:	ff 4f       	sbci	r31, 0xFF	; 255
    1d94:	60 81       	ld	r22, Z
    1d96:	71 81       	ldd	r23, Z+1	; 0x01
    1d98:	82 81       	ldd	r24, Z+2	; 0x02
    1d9a:	93 81       	ldd	r25, Z+3	; 0x03
    1d9c:	20 e0       	ldi	r18, 0x00	; 0
    1d9e:	30 e0       	ldi	r19, 0x00	; 0
    1da0:	40 e2       	ldi	r20, 0x20	; 32
    1da2:	51 e4       	ldi	r21, 0x41	; 65
    1da4:	0e 94 1f 02 	call	0x43e	; 0x43e <__mulsf3>
    1da8:	dc 01       	movw	r26, r24
    1daa:	cb 01       	movw	r24, r22
    1dac:	8e 01       	movw	r16, r28
    1dae:	05 5b       	subi	r16, 0xB5	; 181
    1db0:	1f 4f       	sbci	r17, 0xFF	; 255
    1db2:	bc 01       	movw	r22, r24
    1db4:	cd 01       	movw	r24, r26
    1db6:	0e 94 49 00 	call	0x92	; 0x92 <__fixunssfsi>
    1dba:	dc 01       	movw	r26, r24
    1dbc:	cb 01       	movw	r24, r22
    1dbe:	f8 01       	movw	r30, r16
    1dc0:	91 83       	std	Z+1, r25	; 0x01
    1dc2:	80 83       	st	Z, r24
    1dc4:	1f c0       	rjmp	.+62     	; 0x1e04 <LCD_sendCommand+0x2a4>
    1dc6:	fe 01       	movw	r30, r28
    1dc8:	e7 5b       	subi	r30, 0xB7	; 183
    1dca:	ff 4f       	sbci	r31, 0xFF	; 255
    1dcc:	80 e9       	ldi	r24, 0x90	; 144
    1dce:	91 e0       	ldi	r25, 0x01	; 1
    1dd0:	91 83       	std	Z+1, r25	; 0x01
    1dd2:	80 83       	st	Z, r24
    1dd4:	fe 01       	movw	r30, r28
    1dd6:	e7 5b       	subi	r30, 0xB7	; 183
    1dd8:	ff 4f       	sbci	r31, 0xFF	; 255
    1dda:	80 81       	ld	r24, Z
    1ddc:	91 81       	ldd	r25, Z+1	; 0x01
    1dde:	01 97       	sbiw	r24, 0x01	; 1
    1de0:	f1 f7       	brne	.-4      	; 0x1dde <LCD_sendCommand+0x27e>
    1de2:	fe 01       	movw	r30, r28
    1de4:	e7 5b       	subi	r30, 0xB7	; 183
    1de6:	ff 4f       	sbci	r31, 0xFF	; 255
    1de8:	91 83       	std	Z+1, r25	; 0x01
    1dea:	80 83       	st	Z, r24
		while(__ticks)
		{
			// wait 1/10 ms
			_delay_loop_2(((F_CPU) / 4e3) / 10);
			__ticks --;
    1dec:	de 01       	movw	r26, r28
    1dee:	a5 5b       	subi	r26, 0xB5	; 181
    1df0:	bf 4f       	sbci	r27, 0xFF	; 255
    1df2:	fe 01       	movw	r30, r28
    1df4:	e5 5b       	subi	r30, 0xB5	; 181
    1df6:	ff 4f       	sbci	r31, 0xFF	; 255
    1df8:	80 81       	ld	r24, Z
    1dfa:	91 81       	ldd	r25, Z+1	; 0x01
    1dfc:	01 97       	sbiw	r24, 0x01	; 1
    1dfe:	11 96       	adiw	r26, 0x01	; 1
    1e00:	9c 93       	st	X, r25
    1e02:	8e 93       	st	-X, r24
		__ticks = 1;
	else if (__tmp > 65535)
	{
		//	__ticks = requested delay in 1/10 ms
		__ticks = (uint16_t) (__ms * 10.0);
		while(__ticks)
    1e04:	fe 01       	movw	r30, r28
    1e06:	e5 5b       	subi	r30, 0xB5	; 181
    1e08:	ff 4f       	sbci	r31, 0xFF	; 255
    1e0a:	80 81       	ld	r24, Z
    1e0c:	91 81       	ldd	r25, Z+1	; 0x01
    1e0e:	00 97       	sbiw	r24, 0x00	; 0
    1e10:	d1 f6       	brne	.-76     	; 0x1dc6 <LCD_sendCommand+0x266>
    1e12:	27 c0       	rjmp	.+78     	; 0x1e62 <LCD_sendCommand+0x302>
			__ticks --;
		}
		return;
	}
	else
		__ticks = (uint16_t)__tmp;
    1e14:	8e 01       	movw	r16, r28
    1e16:	05 5b       	subi	r16, 0xB5	; 181
    1e18:	1f 4f       	sbci	r17, 0xFF	; 255
    1e1a:	fe 01       	movw	r30, r28
    1e1c:	e3 5b       	subi	r30, 0xB3	; 179
    1e1e:	ff 4f       	sbci	r31, 0xFF	; 255
    1e20:	60 81       	ld	r22, Z
    1e22:	71 81       	ldd	r23, Z+1	; 0x01
    1e24:	82 81       	ldd	r24, Z+2	; 0x02
    1e26:	93 81       	ldd	r25, Z+3	; 0x03
    1e28:	0e 94 49 00 	call	0x92	; 0x92 <__fixunssfsi>
    1e2c:	dc 01       	movw	r26, r24
    1e2e:	cb 01       	movw	r24, r22
    1e30:	f8 01       	movw	r30, r16
    1e32:	91 83       	std	Z+1, r25	; 0x01
    1e34:	80 83       	st	Z, r24
    1e36:	de 01       	movw	r26, r28
    1e38:	a9 5b       	subi	r26, 0xB9	; 185
    1e3a:	bf 4f       	sbci	r27, 0xFF	; 255
    1e3c:	fe 01       	movw	r30, r28
    1e3e:	e5 5b       	subi	r30, 0xB5	; 181
    1e40:	ff 4f       	sbci	r31, 0xFF	; 255
    1e42:	80 81       	ld	r24, Z
    1e44:	91 81       	ldd	r25, Z+1	; 0x01
    1e46:	8d 93       	st	X+, r24
    1e48:	9c 93       	st	X, r25
    1e4a:	fe 01       	movw	r30, r28
    1e4c:	e9 5b       	subi	r30, 0xB9	; 185
    1e4e:	ff 4f       	sbci	r31, 0xFF	; 255
    1e50:	80 81       	ld	r24, Z
    1e52:	91 81       	ldd	r25, Z+1	; 0x01
    1e54:	01 97       	sbiw	r24, 0x01	; 1
    1e56:	f1 f7       	brne	.-4      	; 0x1e54 <LCD_sendCommand+0x2f4>
    1e58:	fe 01       	movw	r30, r28
    1e5a:	e9 5b       	subi	r30, 0xB9	; 185
    1e5c:	ff 4f       	sbci	r31, 0xFF	; 255
    1e5e:	91 83       	std	Z+1, r25	; 0x01
    1e60:	80 83       	st	Z, r24
	_delay_ms(1); /* delay for processing Tpw - Tdws = 190ns */

#if(LCD_DATA_BITS_MODE == 4)
	GPIO_writePin(LCD_DATA_PORT_ID,LCD_DB4_PIN_ID,GET_BIT(command,4));
    1e62:	fe 01       	movw	r30, r28
    1e64:	ed 59       	subi	r30, 0x9D	; 157
    1e66:	ff 4f       	sbci	r31, 0xFF	; 255
    1e68:	80 81       	ld	r24, Z
    1e6a:	88 2f       	mov	r24, r24
    1e6c:	90 e0       	ldi	r25, 0x00	; 0
    1e6e:	80 71       	andi	r24, 0x10	; 16
    1e70:	90 70       	andi	r25, 0x00	; 0
    1e72:	95 95       	asr	r25
    1e74:	87 95       	ror	r24
    1e76:	95 95       	asr	r25
    1e78:	87 95       	ror	r24
    1e7a:	95 95       	asr	r25
    1e7c:	87 95       	ror	r24
    1e7e:	95 95       	asr	r25
    1e80:	87 95       	ror	r24
    1e82:	98 2f       	mov	r25, r24
    1e84:	80 e0       	ldi	r24, 0x00	; 0
    1e86:	63 e0       	ldi	r22, 0x03	; 3
    1e88:	49 2f       	mov	r20, r25
    1e8a:	0e 94 c8 09 	call	0x1390	; 0x1390 <GPIO_writePin>
	GPIO_writePin(LCD_DATA_PORT_ID,LCD_DB5_PIN_ID,GET_BIT(command,5));
    1e8e:	fe 01       	movw	r30, r28
    1e90:	ed 59       	subi	r30, 0x9D	; 157
    1e92:	ff 4f       	sbci	r31, 0xFF	; 255
    1e94:	80 81       	ld	r24, Z
    1e96:	88 2f       	mov	r24, r24
    1e98:	90 e0       	ldi	r25, 0x00	; 0
    1e9a:	80 72       	andi	r24, 0x20	; 32
    1e9c:	90 70       	andi	r25, 0x00	; 0
    1e9e:	95 95       	asr	r25
    1ea0:	87 95       	ror	r24
    1ea2:	95 95       	asr	r25
    1ea4:	87 95       	ror	r24
    1ea6:	95 95       	asr	r25
    1ea8:	87 95       	ror	r24
    1eaa:	95 95       	asr	r25
    1eac:	87 95       	ror	r24
    1eae:	95 95       	asr	r25
    1eb0:	87 95       	ror	r24
    1eb2:	98 2f       	mov	r25, r24
    1eb4:	80 e0       	ldi	r24, 0x00	; 0
    1eb6:	64 e0       	ldi	r22, 0x04	; 4
    1eb8:	49 2f       	mov	r20, r25
    1eba:	0e 94 c8 09 	call	0x1390	; 0x1390 <GPIO_writePin>
	GPIO_writePin(LCD_DATA_PORT_ID,LCD_DB6_PIN_ID,GET_BIT(command,6));
    1ebe:	fe 01       	movw	r30, r28
    1ec0:	ed 59       	subi	r30, 0x9D	; 157
    1ec2:	ff 4f       	sbci	r31, 0xFF	; 255
    1ec4:	80 81       	ld	r24, Z
    1ec6:	88 2f       	mov	r24, r24
    1ec8:	90 e0       	ldi	r25, 0x00	; 0
    1eca:	80 74       	andi	r24, 0x40	; 64
    1ecc:	90 70       	andi	r25, 0x00	; 0
    1ece:	08 2e       	mov	r0, r24
    1ed0:	89 2f       	mov	r24, r25
    1ed2:	00 0c       	add	r0, r0
    1ed4:	88 1f       	adc	r24, r24
    1ed6:	99 0b       	sbc	r25, r25
    1ed8:	00 0c       	add	r0, r0
    1eda:	88 1f       	adc	r24, r24
    1edc:	99 1f       	adc	r25, r25
    1ede:	98 2f       	mov	r25, r24
    1ee0:	80 e0       	ldi	r24, 0x00	; 0
    1ee2:	65 e0       	ldi	r22, 0x05	; 5
    1ee4:	49 2f       	mov	r20, r25
    1ee6:	0e 94 c8 09 	call	0x1390	; 0x1390 <GPIO_writePin>
	GPIO_writePin(LCD_DATA_PORT_ID,LCD_DB7_PIN_ID,GET_BIT(command,7));
    1eea:	fe 01       	movw	r30, r28
    1eec:	ed 59       	subi	r30, 0x9D	; 157
    1eee:	ff 4f       	sbci	r31, 0xFF	; 255
    1ef0:	80 81       	ld	r24, Z
    1ef2:	98 2f       	mov	r25, r24
    1ef4:	99 1f       	adc	r25, r25
    1ef6:	99 27       	eor	r25, r25
    1ef8:	99 1f       	adc	r25, r25
    1efa:	80 e0       	ldi	r24, 0x00	; 0
    1efc:	66 e0       	ldi	r22, 0x06	; 6
    1efe:	49 2f       	mov	r20, r25
    1f00:	0e 94 c8 09 	call	0x1390	; 0x1390 <GPIO_writePin>
    1f04:	fe 01       	movw	r30, r28
    1f06:	ed 5b       	subi	r30, 0xBD	; 189
    1f08:	ff 4f       	sbci	r31, 0xFF	; 255
    1f0a:	80 e0       	ldi	r24, 0x00	; 0
    1f0c:	90 e0       	ldi	r25, 0x00	; 0
    1f0e:	a0 e8       	ldi	r26, 0x80	; 128
    1f10:	bf e3       	ldi	r27, 0x3F	; 63
    1f12:	80 83       	st	Z, r24
    1f14:	91 83       	std	Z+1, r25	; 0x01
    1f16:	a2 83       	std	Z+2, r26	; 0x02
    1f18:	b3 83       	std	Z+3, r27	; 0x03
 */
void
_delay_ms(double __ms)
{
	uint16_t __ticks;
	double __tmp = ((F_CPU) / 4e3) * __ms;
    1f1a:	8e 01       	movw	r16, r28
    1f1c:	01 5c       	subi	r16, 0xC1	; 193
    1f1e:	1f 4f       	sbci	r17, 0xFF	; 255
    1f20:	fe 01       	movw	r30, r28
    1f22:	ed 5b       	subi	r30, 0xBD	; 189
    1f24:	ff 4f       	sbci	r31, 0xFF	; 255
    1f26:	60 81       	ld	r22, Z
    1f28:	71 81       	ldd	r23, Z+1	; 0x01
    1f2a:	82 81       	ldd	r24, Z+2	; 0x02
    1f2c:	93 81       	ldd	r25, Z+3	; 0x03
    1f2e:	20 e0       	ldi	r18, 0x00	; 0
    1f30:	30 e0       	ldi	r19, 0x00	; 0
    1f32:	4a e7       	ldi	r20, 0x7A	; 122
    1f34:	55 e4       	ldi	r21, 0x45	; 69
    1f36:	0e 94 1f 02 	call	0x43e	; 0x43e <__mulsf3>
    1f3a:	dc 01       	movw	r26, r24
    1f3c:	cb 01       	movw	r24, r22
    1f3e:	f8 01       	movw	r30, r16
    1f40:	80 83       	st	Z, r24
    1f42:	91 83       	std	Z+1, r25	; 0x01
    1f44:	a2 83       	std	Z+2, r26	; 0x02
    1f46:	b3 83       	std	Z+3, r27	; 0x03
	if (__tmp < 1.0)
    1f48:	fe 01       	movw	r30, r28
    1f4a:	ff 96       	adiw	r30, 0x3f	; 63
    1f4c:	60 81       	ld	r22, Z
    1f4e:	71 81       	ldd	r23, Z+1	; 0x01
    1f50:	82 81       	ldd	r24, Z+2	; 0x02
    1f52:	93 81       	ldd	r25, Z+3	; 0x03
    1f54:	20 e0       	ldi	r18, 0x00	; 0
    1f56:	30 e0       	ldi	r19, 0x00	; 0
    1f58:	40 e8       	ldi	r20, 0x80	; 128
    1f5a:	5f e3       	ldi	r21, 0x3F	; 63
    1f5c:	0e 94 25 04 	call	0x84a	; 0x84a <__ltsf2>
    1f60:	88 23       	and	r24, r24
    1f62:	2c f4       	brge	.+10     	; 0x1f6e <LCD_sendCommand+0x40e>
		__ticks = 1;
    1f64:	81 e0       	ldi	r24, 0x01	; 1
    1f66:	90 e0       	ldi	r25, 0x00	; 0
    1f68:	9e af       	std	Y+62, r25	; 0x3e
    1f6a:	8d af       	std	Y+61, r24	; 0x3d
    1f6c:	46 c0       	rjmp	.+140    	; 0x1ffa <LCD_sendCommand+0x49a>
	else if (__tmp > 65535)
    1f6e:	fe 01       	movw	r30, r28
    1f70:	ff 96       	adiw	r30, 0x3f	; 63
    1f72:	60 81       	ld	r22, Z
    1f74:	71 81       	ldd	r23, Z+1	; 0x01
    1f76:	82 81       	ldd	r24, Z+2	; 0x02
    1f78:	93 81       	ldd	r25, Z+3	; 0x03
    1f7a:	20 e0       	ldi	r18, 0x00	; 0
    1f7c:	3f ef       	ldi	r19, 0xFF	; 255
    1f7e:	4f e7       	ldi	r20, 0x7F	; 127
    1f80:	57 e4       	ldi	r21, 0x47	; 71
    1f82:	0e 94 c5 03 	call	0x78a	; 0x78a <__gtsf2>
    1f86:	18 16       	cp	r1, r24
    1f88:	64 f5       	brge	.+88     	; 0x1fe2 <LCD_sendCommand+0x482>
	{
		//	__ticks = requested delay in 1/10 ms
		__ticks = (uint16_t) (__ms * 10.0);
    1f8a:	fe 01       	movw	r30, r28
    1f8c:	ed 5b       	subi	r30, 0xBD	; 189
    1f8e:	ff 4f       	sbci	r31, 0xFF	; 255
    1f90:	60 81       	ld	r22, Z
    1f92:	71 81       	ldd	r23, Z+1	; 0x01
    1f94:	82 81       	ldd	r24, Z+2	; 0x02
    1f96:	93 81       	ldd	r25, Z+3	; 0x03
    1f98:	20 e0       	ldi	r18, 0x00	; 0
    1f9a:	30 e0       	ldi	r19, 0x00	; 0
    1f9c:	40 e2       	ldi	r20, 0x20	; 32
    1f9e:	51 e4       	ldi	r21, 0x41	; 65
    1fa0:	0e 94 1f 02 	call	0x43e	; 0x43e <__mulsf3>
    1fa4:	dc 01       	movw	r26, r24
    1fa6:	cb 01       	movw	r24, r22
    1fa8:	bc 01       	movw	r22, r24
    1faa:	cd 01       	movw	r24, r26
    1fac:	0e 94 49 00 	call	0x92	; 0x92 <__fixunssfsi>
    1fb0:	dc 01       	movw	r26, r24
    1fb2:	cb 01       	movw	r24, r22
    1fb4:	9e af       	std	Y+62, r25	; 0x3e
    1fb6:	8d af       	std	Y+61, r24	; 0x3d
    1fb8:	0f c0       	rjmp	.+30     	; 0x1fd8 <LCD_sendCommand+0x478>
    1fba:	80 e9       	ldi	r24, 0x90	; 144
    1fbc:	91 e0       	ldi	r25, 0x01	; 1
    1fbe:	9c af       	std	Y+60, r25	; 0x3c
    1fc0:	8b af       	std	Y+59, r24	; 0x3b
    1fc2:	8b ad       	ldd	r24, Y+59	; 0x3b
    1fc4:	9c ad       	ldd	r25, Y+60	; 0x3c
    1fc6:	01 97       	sbiw	r24, 0x01	; 1
    1fc8:	f1 f7       	brne	.-4      	; 0x1fc6 <LCD_sendCommand+0x466>
    1fca:	9c af       	std	Y+60, r25	; 0x3c
    1fcc:	8b af       	std	Y+59, r24	; 0x3b
		while(__ticks)
		{
			// wait 1/10 ms
			_delay_loop_2(((F_CPU) / 4e3) / 10);
			__ticks --;
    1fce:	8d ad       	ldd	r24, Y+61	; 0x3d
    1fd0:	9e ad       	ldd	r25, Y+62	; 0x3e
    1fd2:	01 97       	sbiw	r24, 0x01	; 1
    1fd4:	9e af       	std	Y+62, r25	; 0x3e
    1fd6:	8d af       	std	Y+61, r24	; 0x3d
		__ticks = 1;
	else if (__tmp > 65535)
	{
		//	__ticks = requested delay in 1/10 ms
		__ticks = (uint16_t) (__ms * 10.0);
		while(__ticks)
    1fd8:	8d ad       	ldd	r24, Y+61	; 0x3d
    1fda:	9e ad       	ldd	r25, Y+62	; 0x3e
    1fdc:	00 97       	sbiw	r24, 0x00	; 0
    1fde:	69 f7       	brne	.-38     	; 0x1fba <LCD_sendCommand+0x45a>
    1fe0:	16 c0       	rjmp	.+44     	; 0x200e <LCD_sendCommand+0x4ae>
			__ticks --;
		}
		return;
	}
	else
		__ticks = (uint16_t)__tmp;
    1fe2:	fe 01       	movw	r30, r28
    1fe4:	ff 96       	adiw	r30, 0x3f	; 63
    1fe6:	60 81       	ld	r22, Z
    1fe8:	71 81       	ldd	r23, Z+1	; 0x01
    1fea:	82 81       	ldd	r24, Z+2	; 0x02
    1fec:	93 81       	ldd	r25, Z+3	; 0x03
    1fee:	0e 94 49 00 	call	0x92	; 0x92 <__fixunssfsi>
    1ff2:	dc 01       	movw	r26, r24
    1ff4:	cb 01       	movw	r24, r22
    1ff6:	9e af       	std	Y+62, r25	; 0x3e
    1ff8:	8d af       	std	Y+61, r24	; 0x3d
    1ffa:	8d ad       	ldd	r24, Y+61	; 0x3d
    1ffc:	9e ad       	ldd	r25, Y+62	; 0x3e
    1ffe:	9a af       	std	Y+58, r25	; 0x3a
    2000:	89 af       	std	Y+57, r24	; 0x39
    2002:	89 ad       	ldd	r24, Y+57	; 0x39
    2004:	9a ad       	ldd	r25, Y+58	; 0x3a
    2006:	01 97       	sbiw	r24, 0x01	; 1
    2008:	f1 f7       	brne	.-4      	; 0x2006 <LCD_sendCommand+0x4a6>
    200a:	9a af       	std	Y+58, r25	; 0x3a
    200c:	89 af       	std	Y+57, r24	; 0x39

	_delay_ms(1); /* delay for processing Tdsw = 100ns */
	GPIO_writePin(LCD_E_PORT_ID,LCD_E_PIN_ID,LOGIC_LOW); /* Disable LCD E=0 */
    200e:	80 e0       	ldi	r24, 0x00	; 0
    2010:	62 e0       	ldi	r22, 0x02	; 2
    2012:	40 e0       	ldi	r20, 0x00	; 0
    2014:	0e 94 c8 09 	call	0x1390	; 0x1390 <GPIO_writePin>
    2018:	80 e0       	ldi	r24, 0x00	; 0
    201a:	90 e0       	ldi	r25, 0x00	; 0
    201c:	a0 e8       	ldi	r26, 0x80	; 128
    201e:	bf e3       	ldi	r27, 0x3F	; 63
    2020:	8d ab       	std	Y+53, r24	; 0x35
    2022:	9e ab       	std	Y+54, r25	; 0x36
    2024:	af ab       	std	Y+55, r26	; 0x37
    2026:	b8 af       	std	Y+56, r27	; 0x38
 */
void
_delay_ms(double __ms)
{
	uint16_t __ticks;
	double __tmp = ((F_CPU) / 4e3) * __ms;
    2028:	6d a9       	ldd	r22, Y+53	; 0x35
    202a:	7e a9       	ldd	r23, Y+54	; 0x36
    202c:	8f a9       	ldd	r24, Y+55	; 0x37
    202e:	98 ad       	ldd	r25, Y+56	; 0x38
    2030:	20 e0       	ldi	r18, 0x00	; 0
    2032:	30 e0       	ldi	r19, 0x00	; 0
    2034:	4a e7       	ldi	r20, 0x7A	; 122
    2036:	55 e4       	ldi	r21, 0x45	; 69
    2038:	0e 94 1f 02 	call	0x43e	; 0x43e <__mulsf3>
    203c:	dc 01       	movw	r26, r24
    203e:	cb 01       	movw	r24, r22
    2040:	89 ab       	std	Y+49, r24	; 0x31
    2042:	9a ab       	std	Y+50, r25	; 0x32
    2044:	ab ab       	std	Y+51, r26	; 0x33
    2046:	bc ab       	std	Y+52, r27	; 0x34
	if (__tmp < 1.0)
    2048:	69 a9       	ldd	r22, Y+49	; 0x31
    204a:	7a a9       	ldd	r23, Y+50	; 0x32
    204c:	8b a9       	ldd	r24, Y+51	; 0x33
    204e:	9c a9       	ldd	r25, Y+52	; 0x34
    2050:	20 e0       	ldi	r18, 0x00	; 0
    2052:	30 e0       	ldi	r19, 0x00	; 0
    2054:	40 e8       	ldi	r20, 0x80	; 128
    2056:	5f e3       	ldi	r21, 0x3F	; 63
    2058:	0e 94 25 04 	call	0x84a	; 0x84a <__ltsf2>
    205c:	88 23       	and	r24, r24
    205e:	2c f4       	brge	.+10     	; 0x206a <LCD_sendCommand+0x50a>
		__ticks = 1;
    2060:	81 e0       	ldi	r24, 0x01	; 1
    2062:	90 e0       	ldi	r25, 0x00	; 0
    2064:	98 ab       	std	Y+48, r25	; 0x30
    2066:	8f a7       	std	Y+47, r24	; 0x2f
    2068:	3f c0       	rjmp	.+126    	; 0x20e8 <LCD_sendCommand+0x588>
	else if (__tmp > 65535)
    206a:	69 a9       	ldd	r22, Y+49	; 0x31
    206c:	7a a9       	ldd	r23, Y+50	; 0x32
    206e:	8b a9       	ldd	r24, Y+51	; 0x33
    2070:	9c a9       	ldd	r25, Y+52	; 0x34
    2072:	20 e0       	ldi	r18, 0x00	; 0
    2074:	3f ef       	ldi	r19, 0xFF	; 255
    2076:	4f e7       	ldi	r20, 0x7F	; 127
    2078:	57 e4       	ldi	r21, 0x47	; 71
    207a:	0e 94 c5 03 	call	0x78a	; 0x78a <__gtsf2>
    207e:	18 16       	cp	r1, r24
    2080:	4c f5       	brge	.+82     	; 0x20d4 <LCD_sendCommand+0x574>
	{
		//	__ticks = requested delay in 1/10 ms
		__ticks = (uint16_t) (__ms * 10.0);
    2082:	6d a9       	ldd	r22, Y+53	; 0x35
    2084:	7e a9       	ldd	r23, Y+54	; 0x36
    2086:	8f a9       	ldd	r24, Y+55	; 0x37
    2088:	98 ad       	ldd	r25, Y+56	; 0x38
    208a:	20 e0       	ldi	r18, 0x00	; 0
    208c:	30 e0       	ldi	r19, 0x00	; 0
    208e:	40 e2       	ldi	r20, 0x20	; 32
    2090:	51 e4       	ldi	r21, 0x41	; 65
    2092:	0e 94 1f 02 	call	0x43e	; 0x43e <__mulsf3>
    2096:	dc 01       	movw	r26, r24
    2098:	cb 01       	movw	r24, r22
    209a:	bc 01       	movw	r22, r24
    209c:	cd 01       	movw	r24, r26
    209e:	0e 94 49 00 	call	0x92	; 0x92 <__fixunssfsi>
    20a2:	dc 01       	movw	r26, r24
    20a4:	cb 01       	movw	r24, r22
    20a6:	98 ab       	std	Y+48, r25	; 0x30
    20a8:	8f a7       	std	Y+47, r24	; 0x2f
    20aa:	0f c0       	rjmp	.+30     	; 0x20ca <LCD_sendCommand+0x56a>
    20ac:	80 e9       	ldi	r24, 0x90	; 144
    20ae:	91 e0       	ldi	r25, 0x01	; 1
    20b0:	9e a7       	std	Y+46, r25	; 0x2e
    20b2:	8d a7       	std	Y+45, r24	; 0x2d
    20b4:	8d a5       	ldd	r24, Y+45	; 0x2d
    20b6:	9e a5       	ldd	r25, Y+46	; 0x2e
    20b8:	01 97       	sbiw	r24, 0x01	; 1
    20ba:	f1 f7       	brne	.-4      	; 0x20b8 <LCD_sendCommand+0x558>
    20bc:	9e a7       	std	Y+46, r25	; 0x2e
    20be:	8d a7       	std	Y+45, r24	; 0x2d
		while(__ticks)
		{
			// wait 1/10 ms
			_delay_loop_2(((F_CPU) / 4e3) / 10);
			__ticks --;
    20c0:	8f a5       	ldd	r24, Y+47	; 0x2f
    20c2:	98 a9       	ldd	r25, Y+48	; 0x30
    20c4:	01 97       	sbiw	r24, 0x01	; 1
    20c6:	98 ab       	std	Y+48, r25	; 0x30
    20c8:	8f a7       	std	Y+47, r24	; 0x2f
		__ticks = 1;
	else if (__tmp > 65535)
	{
		//	__ticks = requested delay in 1/10 ms
		__ticks = (uint16_t) (__ms * 10.0);
		while(__ticks)
    20ca:	8f a5       	ldd	r24, Y+47	; 0x2f
    20cc:	98 a9       	ldd	r25, Y+48	; 0x30
    20ce:	00 97       	sbiw	r24, 0x00	; 0
    20d0:	69 f7       	brne	.-38     	; 0x20ac <LCD_sendCommand+0x54c>
    20d2:	14 c0       	rjmp	.+40     	; 0x20fc <LCD_sendCommand+0x59c>
			__ticks --;
		}
		return;
	}
	else
		__ticks = (uint16_t)__tmp;
    20d4:	69 a9       	ldd	r22, Y+49	; 0x31
    20d6:	7a a9       	ldd	r23, Y+50	; 0x32
    20d8:	8b a9       	ldd	r24, Y+51	; 0x33
    20da:	9c a9       	ldd	r25, Y+52	; 0x34
    20dc:	0e 94 49 00 	call	0x92	; 0x92 <__fixunssfsi>
    20e0:	dc 01       	movw	r26, r24
    20e2:	cb 01       	movw	r24, r22
    20e4:	98 ab       	std	Y+48, r25	; 0x30
    20e6:	8f a7       	std	Y+47, r24	; 0x2f
    20e8:	8f a5       	ldd	r24, Y+47	; 0x2f
    20ea:	98 a9       	ldd	r25, Y+48	; 0x30
    20ec:	9c a7       	std	Y+44, r25	; 0x2c
    20ee:	8b a7       	std	Y+43, r24	; 0x2b
    20f0:	8b a5       	ldd	r24, Y+43	; 0x2b
    20f2:	9c a5       	ldd	r25, Y+44	; 0x2c
    20f4:	01 97       	sbiw	r24, 0x01	; 1
    20f6:	f1 f7       	brne	.-4      	; 0x20f4 <LCD_sendCommand+0x594>
    20f8:	9c a7       	std	Y+44, r25	; 0x2c
    20fa:	8b a7       	std	Y+43, r24	; 0x2b
	_delay_ms(1); /* delay for processing Th = 13ns */
	GPIO_writePin(LCD_E_PORT_ID,LCD_E_PIN_ID,LOGIC_HIGH); /* Enable LCD E=1 */
    20fc:	80 e0       	ldi	r24, 0x00	; 0
    20fe:	62 e0       	ldi	r22, 0x02	; 2
    2100:	41 e0       	ldi	r20, 0x01	; 1
    2102:	0e 94 c8 09 	call	0x1390	; 0x1390 <GPIO_writePin>
    2106:	80 e0       	ldi	r24, 0x00	; 0
    2108:	90 e0       	ldi	r25, 0x00	; 0
    210a:	a0 e8       	ldi	r26, 0x80	; 128
    210c:	bf e3       	ldi	r27, 0x3F	; 63
    210e:	8f a3       	std	Y+39, r24	; 0x27
    2110:	98 a7       	std	Y+40, r25	; 0x28
    2112:	a9 a7       	std	Y+41, r26	; 0x29
    2114:	ba a7       	std	Y+42, r27	; 0x2a
 */
void
_delay_ms(double __ms)
{
	uint16_t __ticks;
	double __tmp = ((F_CPU) / 4e3) * __ms;
    2116:	6f a1       	ldd	r22, Y+39	; 0x27
    2118:	78 a5       	ldd	r23, Y+40	; 0x28
    211a:	89 a5       	ldd	r24, Y+41	; 0x29
    211c:	9a a5       	ldd	r25, Y+42	; 0x2a
    211e:	20 e0       	ldi	r18, 0x00	; 0
    2120:	30 e0       	ldi	r19, 0x00	; 0
    2122:	4a e7       	ldi	r20, 0x7A	; 122
    2124:	55 e4       	ldi	r21, 0x45	; 69
    2126:	0e 94 1f 02 	call	0x43e	; 0x43e <__mulsf3>
    212a:	dc 01       	movw	r26, r24
    212c:	cb 01       	movw	r24, r22
    212e:	8b a3       	std	Y+35, r24	; 0x23
    2130:	9c a3       	std	Y+36, r25	; 0x24
    2132:	ad a3       	std	Y+37, r26	; 0x25
    2134:	be a3       	std	Y+38, r27	; 0x26
	if (__tmp < 1.0)
    2136:	6b a1       	ldd	r22, Y+35	; 0x23
    2138:	7c a1       	ldd	r23, Y+36	; 0x24
    213a:	8d a1       	ldd	r24, Y+37	; 0x25
    213c:	9e a1       	ldd	r25, Y+38	; 0x26
    213e:	20 e0       	ldi	r18, 0x00	; 0
    2140:	30 e0       	ldi	r19, 0x00	; 0
    2142:	40 e8       	ldi	r20, 0x80	; 128
    2144:	5f e3       	ldi	r21, 0x3F	; 63
    2146:	0e 94 25 04 	call	0x84a	; 0x84a <__ltsf2>
    214a:	88 23       	and	r24, r24
    214c:	2c f4       	brge	.+10     	; 0x2158 <LCD_sendCommand+0x5f8>
		__ticks = 1;
    214e:	81 e0       	ldi	r24, 0x01	; 1
    2150:	90 e0       	ldi	r25, 0x00	; 0
    2152:	9a a3       	std	Y+34, r25	; 0x22
    2154:	89 a3       	std	Y+33, r24	; 0x21
    2156:	3f c0       	rjmp	.+126    	; 0x21d6 <LCD_sendCommand+0x676>
	else if (__tmp > 65535)
    2158:	6b a1       	ldd	r22, Y+35	; 0x23
    215a:	7c a1       	ldd	r23, Y+36	; 0x24
    215c:	8d a1       	ldd	r24, Y+37	; 0x25
    215e:	9e a1       	ldd	r25, Y+38	; 0x26
    2160:	20 e0       	ldi	r18, 0x00	; 0
    2162:	3f ef       	ldi	r19, 0xFF	; 255
    2164:	4f e7       	ldi	r20, 0x7F	; 127
    2166:	57 e4       	ldi	r21, 0x47	; 71
    2168:	0e 94 c5 03 	call	0x78a	; 0x78a <__gtsf2>
    216c:	18 16       	cp	r1, r24
    216e:	4c f5       	brge	.+82     	; 0x21c2 <LCD_sendCommand+0x662>
	{
		//	__ticks = requested delay in 1/10 ms
		__ticks = (uint16_t) (__ms * 10.0);
    2170:	6f a1       	ldd	r22, Y+39	; 0x27
    2172:	78 a5       	ldd	r23, Y+40	; 0x28
    2174:	89 a5       	ldd	r24, Y+41	; 0x29
    2176:	9a a5       	ldd	r25, Y+42	; 0x2a
    2178:	20 e0       	ldi	r18, 0x00	; 0
    217a:	30 e0       	ldi	r19, 0x00	; 0
    217c:	40 e2       	ldi	r20, 0x20	; 32
    217e:	51 e4       	ldi	r21, 0x41	; 65
    2180:	0e 94 1f 02 	call	0x43e	; 0x43e <__mulsf3>
    2184:	dc 01       	movw	r26, r24
    2186:	cb 01       	movw	r24, r22
    2188:	bc 01       	movw	r22, r24
    218a:	cd 01       	movw	r24, r26
    218c:	0e 94 49 00 	call	0x92	; 0x92 <__fixunssfsi>
    2190:	dc 01       	movw	r26, r24
    2192:	cb 01       	movw	r24, r22
    2194:	9a a3       	std	Y+34, r25	; 0x22
    2196:	89 a3       	std	Y+33, r24	; 0x21
    2198:	0f c0       	rjmp	.+30     	; 0x21b8 <LCD_sendCommand+0x658>
    219a:	80 e9       	ldi	r24, 0x90	; 144
    219c:	91 e0       	ldi	r25, 0x01	; 1
    219e:	98 a3       	std	Y+32, r25	; 0x20
    21a0:	8f 8f       	std	Y+31, r24	; 0x1f
    21a2:	8f 8d       	ldd	r24, Y+31	; 0x1f
    21a4:	98 a1       	ldd	r25, Y+32	; 0x20
    21a6:	01 97       	sbiw	r24, 0x01	; 1
    21a8:	f1 f7       	brne	.-4      	; 0x21a6 <LCD_sendCommand+0x646>
    21aa:	98 a3       	std	Y+32, r25	; 0x20
    21ac:	8f 8f       	std	Y+31, r24	; 0x1f
		while(__ticks)
		{
			// wait 1/10 ms
			_delay_loop_2(((F_CPU) / 4e3) / 10);
			__ticks --;
    21ae:	89 a1       	ldd	r24, Y+33	; 0x21
    21b0:	9a a1       	ldd	r25, Y+34	; 0x22
    21b2:	01 97       	sbiw	r24, 0x01	; 1
    21b4:	9a a3       	std	Y+34, r25	; 0x22
    21b6:	89 a3       	std	Y+33, r24	; 0x21
		__ticks = 1;
	else if (__tmp > 65535)
	{
		//	__ticks = requested delay in 1/10 ms
		__ticks = (uint16_t) (__ms * 10.0);
		while(__ticks)
    21b8:	89 a1       	ldd	r24, Y+33	; 0x21
    21ba:	9a a1       	ldd	r25, Y+34	; 0x22
    21bc:	00 97       	sbiw	r24, 0x00	; 0
    21be:	69 f7       	brne	.-38     	; 0x219a <LCD_sendCommand+0x63a>
    21c0:	14 c0       	rjmp	.+40     	; 0x21ea <LCD_sendCommand+0x68a>
			__ticks --;
		}
		return;
	}
	else
		__ticks = (uint16_t)__tmp;
    21c2:	6b a1       	ldd	r22, Y+35	; 0x23
    21c4:	7c a1       	ldd	r23, Y+36	; 0x24
    21c6:	8d a1       	ldd	r24, Y+37	; 0x25
    21c8:	9e a1       	ldd	r25, Y+38	; 0x26
    21ca:	0e 94 49 00 	call	0x92	; 0x92 <__fixunssfsi>
    21ce:	dc 01       	movw	r26, r24
    21d0:	cb 01       	movw	r24, r22
    21d2:	9a a3       	std	Y+34, r25	; 0x22
    21d4:	89 a3       	std	Y+33, r24	; 0x21
    21d6:	89 a1       	ldd	r24, Y+33	; 0x21
    21d8:	9a a1       	ldd	r25, Y+34	; 0x22
    21da:	9e 8f       	std	Y+30, r25	; 0x1e
    21dc:	8d 8f       	std	Y+29, r24	; 0x1d
    21de:	8d 8d       	ldd	r24, Y+29	; 0x1d
    21e0:	9e 8d       	ldd	r25, Y+30	; 0x1e
    21e2:	01 97       	sbiw	r24, 0x01	; 1
    21e4:	f1 f7       	brne	.-4      	; 0x21e2 <LCD_sendCommand+0x682>
    21e6:	9e 8f       	std	Y+30, r25	; 0x1e
    21e8:	8d 8f       	std	Y+29, r24	; 0x1d
	_delay_ms(1); /* delay for processing Tpw - Tdws = 190ns */

	GPIO_writePin(LCD_DATA_PORT_ID,LCD_DB4_PIN_ID,GET_BIT(command,0));
    21ea:	fe 01       	movw	r30, r28
    21ec:	ed 59       	subi	r30, 0x9D	; 157
    21ee:	ff 4f       	sbci	r31, 0xFF	; 255
    21f0:	80 81       	ld	r24, Z
    21f2:	98 2f       	mov	r25, r24
    21f4:	91 70       	andi	r25, 0x01	; 1
    21f6:	80 e0       	ldi	r24, 0x00	; 0
    21f8:	63 e0       	ldi	r22, 0x03	; 3
    21fa:	49 2f       	mov	r20, r25
    21fc:	0e 94 c8 09 	call	0x1390	; 0x1390 <GPIO_writePin>
	GPIO_writePin(LCD_DATA_PORT_ID,LCD_DB5_PIN_ID,GET_BIT(command,1));
    2200:	fe 01       	movw	r30, r28
    2202:	ed 59       	subi	r30, 0x9D	; 157
    2204:	ff 4f       	sbci	r31, 0xFF	; 255
    2206:	80 81       	ld	r24, Z
    2208:	88 2f       	mov	r24, r24
    220a:	90 e0       	ldi	r25, 0x00	; 0
    220c:	82 70       	andi	r24, 0x02	; 2
    220e:	90 70       	andi	r25, 0x00	; 0
    2210:	95 95       	asr	r25
    2212:	87 95       	ror	r24
    2214:	98 2f       	mov	r25, r24
    2216:	80 e0       	ldi	r24, 0x00	; 0
    2218:	64 e0       	ldi	r22, 0x04	; 4
    221a:	49 2f       	mov	r20, r25
    221c:	0e 94 c8 09 	call	0x1390	; 0x1390 <GPIO_writePin>
	GPIO_writePin(LCD_DATA_PORT_ID,LCD_DB6_PIN_ID,GET_BIT(command,2));
    2220:	fe 01       	movw	r30, r28
    2222:	ed 59       	subi	r30, 0x9D	; 157
    2224:	ff 4f       	sbci	r31, 0xFF	; 255
    2226:	80 81       	ld	r24, Z
    2228:	88 2f       	mov	r24, r24
    222a:	90 e0       	ldi	r25, 0x00	; 0
    222c:	84 70       	andi	r24, 0x04	; 4
    222e:	90 70       	andi	r25, 0x00	; 0
    2230:	95 95       	asr	r25
    2232:	87 95       	ror	r24
    2234:	95 95       	asr	r25
    2236:	87 95       	ror	r24
    2238:	98 2f       	mov	r25, r24
    223a:	80 e0       	ldi	r24, 0x00	; 0
    223c:	65 e0       	ldi	r22, 0x05	; 5
    223e:	49 2f       	mov	r20, r25
    2240:	0e 94 c8 09 	call	0x1390	; 0x1390 <GPIO_writePin>
	GPIO_writePin(LCD_DATA_PORT_ID,LCD_DB7_PIN_ID,GET_BIT(command,3));
    2244:	fe 01       	movw	r30, r28
    2246:	ed 59       	subi	r30, 0x9D	; 157
    2248:	ff 4f       	sbci	r31, 0xFF	; 255
    224a:	80 81       	ld	r24, Z
    224c:	88 2f       	mov	r24, r24
    224e:	90 e0       	ldi	r25, 0x00	; 0
    2250:	88 70       	andi	r24, 0x08	; 8
    2252:	90 70       	andi	r25, 0x00	; 0
    2254:	95 95       	asr	r25
    2256:	87 95       	ror	r24
    2258:	95 95       	asr	r25
    225a:	87 95       	ror	r24
    225c:	95 95       	asr	r25
    225e:	87 95       	ror	r24
    2260:	98 2f       	mov	r25, r24
    2262:	80 e0       	ldi	r24, 0x00	; 0
    2264:	66 e0       	ldi	r22, 0x06	; 6
    2266:	49 2f       	mov	r20, r25
    2268:	0e 94 c8 09 	call	0x1390	; 0x1390 <GPIO_writePin>
    226c:	80 e0       	ldi	r24, 0x00	; 0
    226e:	90 e0       	ldi	r25, 0x00	; 0
    2270:	a0 e8       	ldi	r26, 0x80	; 128
    2272:	bf e3       	ldi	r27, 0x3F	; 63
    2274:	89 8f       	std	Y+25, r24	; 0x19
    2276:	9a 8f       	std	Y+26, r25	; 0x1a
    2278:	ab 8f       	std	Y+27, r26	; 0x1b
    227a:	bc 8f       	std	Y+28, r27	; 0x1c
 */
void
_delay_ms(double __ms)
{
	uint16_t __ticks;
	double __tmp = ((F_CPU) / 4e3) * __ms;
    227c:	69 8d       	ldd	r22, Y+25	; 0x19
    227e:	7a 8d       	ldd	r23, Y+26	; 0x1a
    2280:	8b 8d       	ldd	r24, Y+27	; 0x1b
    2282:	9c 8d       	ldd	r25, Y+28	; 0x1c
    2284:	20 e0       	ldi	r18, 0x00	; 0
    2286:	30 e0       	ldi	r19, 0x00	; 0
    2288:	4a e7       	ldi	r20, 0x7A	; 122
    228a:	55 e4       	ldi	r21, 0x45	; 69
    228c:	0e 94 1f 02 	call	0x43e	; 0x43e <__mulsf3>
    2290:	dc 01       	movw	r26, r24
    2292:	cb 01       	movw	r24, r22
    2294:	8d 8b       	std	Y+21, r24	; 0x15
    2296:	9e 8b       	std	Y+22, r25	; 0x16
    2298:	af 8b       	std	Y+23, r26	; 0x17
    229a:	b8 8f       	std	Y+24, r27	; 0x18
	if (__tmp < 1.0)
    229c:	6d 89       	ldd	r22, Y+21	; 0x15
    229e:	7e 89       	ldd	r23, Y+22	; 0x16
    22a0:	8f 89       	ldd	r24, Y+23	; 0x17
    22a2:	98 8d       	ldd	r25, Y+24	; 0x18
    22a4:	20 e0       	ldi	r18, 0x00	; 0
    22a6:	30 e0       	ldi	r19, 0x00	; 0
    22a8:	40 e8       	ldi	r20, 0x80	; 128
    22aa:	5f e3       	ldi	r21, 0x3F	; 63
    22ac:	0e 94 25 04 	call	0x84a	; 0x84a <__ltsf2>
    22b0:	88 23       	and	r24, r24
    22b2:	2c f4       	brge	.+10     	; 0x22be <LCD_sendCommand+0x75e>
		__ticks = 1;
    22b4:	81 e0       	ldi	r24, 0x01	; 1
    22b6:	90 e0       	ldi	r25, 0x00	; 0
    22b8:	9c 8b       	std	Y+20, r25	; 0x14
    22ba:	8b 8b       	std	Y+19, r24	; 0x13
    22bc:	3f c0       	rjmp	.+126    	; 0x233c <LCD_sendCommand+0x7dc>
	else if (__tmp > 65535)
    22be:	6d 89       	ldd	r22, Y+21	; 0x15
    22c0:	7e 89       	ldd	r23, Y+22	; 0x16
    22c2:	8f 89       	ldd	r24, Y+23	; 0x17
    22c4:	98 8d       	ldd	r25, Y+24	; 0x18
    22c6:	20 e0       	ldi	r18, 0x00	; 0
    22c8:	3f ef       	ldi	r19, 0xFF	; 255
    22ca:	4f e7       	ldi	r20, 0x7F	; 127
    22cc:	57 e4       	ldi	r21, 0x47	; 71
    22ce:	0e 94 c5 03 	call	0x78a	; 0x78a <__gtsf2>
    22d2:	18 16       	cp	r1, r24
    22d4:	4c f5       	brge	.+82     	; 0x2328 <LCD_sendCommand+0x7c8>
	{
		//	__ticks = requested delay in 1/10 ms
		__ticks = (uint16_t) (__ms * 10.0);
    22d6:	69 8d       	ldd	r22, Y+25	; 0x19
    22d8:	7a 8d       	ldd	r23, Y+26	; 0x1a
    22da:	8b 8d       	ldd	r24, Y+27	; 0x1b
    22dc:	9c 8d       	ldd	r25, Y+28	; 0x1c
    22de:	20 e0       	ldi	r18, 0x00	; 0
    22e0:	30 e0       	ldi	r19, 0x00	; 0
    22e2:	40 e2       	ldi	r20, 0x20	; 32
    22e4:	51 e4       	ldi	r21, 0x41	; 65
    22e6:	0e 94 1f 02 	call	0x43e	; 0x43e <__mulsf3>
    22ea:	dc 01       	movw	r26, r24
    22ec:	cb 01       	movw	r24, r22
    22ee:	bc 01       	movw	r22, r24
    22f0:	cd 01       	movw	r24, r26
    22f2:	0e 94 49 00 	call	0x92	; 0x92 <__fixunssfsi>
    22f6:	dc 01       	movw	r26, r24
    22f8:	cb 01       	movw	r24, r22
    22fa:	9c 8b       	std	Y+20, r25	; 0x14
    22fc:	8b 8b       	std	Y+19, r24	; 0x13
    22fe:	0f c0       	rjmp	.+30     	; 0x231e <LCD_sendCommand+0x7be>
    2300:	80 e9       	ldi	r24, 0x90	; 144
    2302:	91 e0       	ldi	r25, 0x01	; 1
    2304:	9a 8b       	std	Y+18, r25	; 0x12
    2306:	89 8b       	std	Y+17, r24	; 0x11
    2308:	89 89       	ldd	r24, Y+17	; 0x11
    230a:	9a 89       	ldd	r25, Y+18	; 0x12
    230c:	01 97       	sbiw	r24, 0x01	; 1
    230e:	f1 f7       	brne	.-4      	; 0x230c <LCD_sendCommand+0x7ac>
    2310:	9a 8b       	std	Y+18, r25	; 0x12
    2312:	89 8b       	std	Y+17, r24	; 0x11
		while(__ticks)
		{
			// wait 1/10 ms
			_delay_loop_2(((F_CPU) / 4e3) / 10);
			__ticks --;
    2314:	8b 89       	ldd	r24, Y+19	; 0x13
    2316:	9c 89       	ldd	r25, Y+20	; 0x14
    2318:	01 97       	sbiw	r24, 0x01	; 1
    231a:	9c 8b       	std	Y+20, r25	; 0x14
    231c:	8b 8b       	std	Y+19, r24	; 0x13
		__ticks = 1;
	else if (__tmp > 65535)
	{
		//	__ticks = requested delay in 1/10 ms
		__ticks = (uint16_t) (__ms * 10.0);
		while(__ticks)
    231e:	8b 89       	ldd	r24, Y+19	; 0x13
    2320:	9c 89       	ldd	r25, Y+20	; 0x14
    2322:	00 97       	sbiw	r24, 0x00	; 0
    2324:	69 f7       	brne	.-38     	; 0x2300 <LCD_sendCommand+0x7a0>
    2326:	14 c0       	rjmp	.+40     	; 0x2350 <LCD_sendCommand+0x7f0>
			__ticks --;
		}
		return;
	}
	else
		__ticks = (uint16_t)__tmp;
    2328:	6d 89       	ldd	r22, Y+21	; 0x15
    232a:	7e 89       	ldd	r23, Y+22	; 0x16
    232c:	8f 89       	ldd	r24, Y+23	; 0x17
    232e:	98 8d       	ldd	r25, Y+24	; 0x18
    2330:	0e 94 49 00 	call	0x92	; 0x92 <__fixunssfsi>
    2334:	dc 01       	movw	r26, r24
    2336:	cb 01       	movw	r24, r22
    2338:	9c 8b       	std	Y+20, r25	; 0x14
    233a:	8b 8b       	std	Y+19, r24	; 0x13
    233c:	8b 89       	ldd	r24, Y+19	; 0x13
    233e:	9c 89       	ldd	r25, Y+20	; 0x14
    2340:	98 8b       	std	Y+16, r25	; 0x10
    2342:	8f 87       	std	Y+15, r24	; 0x0f
    2344:	8f 85       	ldd	r24, Y+15	; 0x0f
    2346:	98 89       	ldd	r25, Y+16	; 0x10
    2348:	01 97       	sbiw	r24, 0x01	; 1
    234a:	f1 f7       	brne	.-4      	; 0x2348 <LCD_sendCommand+0x7e8>
    234c:	98 8b       	std	Y+16, r25	; 0x10
    234e:	8f 87       	std	Y+15, r24	; 0x0f

	_delay_ms(1); /* delay for processing Tdsw = 100ns */
	GPIO_writePin(LCD_E_PORT_ID,LCD_E_PIN_ID,LOGIC_LOW); /* Disable LCD E=0 */
    2350:	80 e0       	ldi	r24, 0x00	; 0
    2352:	62 e0       	ldi	r22, 0x02	; 2
    2354:	40 e0       	ldi	r20, 0x00	; 0
    2356:	0e 94 c8 09 	call	0x1390	; 0x1390 <GPIO_writePin>
    235a:	80 e0       	ldi	r24, 0x00	; 0
    235c:	90 e0       	ldi	r25, 0x00	; 0
    235e:	a0 e8       	ldi	r26, 0x80	; 128
    2360:	bf e3       	ldi	r27, 0x3F	; 63
    2362:	8b 87       	std	Y+11, r24	; 0x0b
    2364:	9c 87       	std	Y+12, r25	; 0x0c
    2366:	ad 87       	std	Y+13, r26	; 0x0d
    2368:	be 87       	std	Y+14, r27	; 0x0e
 */
void
_delay_ms(double __ms)
{
	uint16_t __ticks;
	double __tmp = ((F_CPU) / 4e3) * __ms;
    236a:	6b 85       	ldd	r22, Y+11	; 0x0b
    236c:	7c 85       	ldd	r23, Y+12	; 0x0c
    236e:	8d 85       	ldd	r24, Y+13	; 0x0d
    2370:	9e 85       	ldd	r25, Y+14	; 0x0e
    2372:	20 e0       	ldi	r18, 0x00	; 0
    2374:	30 e0       	ldi	r19, 0x00	; 0
    2376:	4a e7       	ldi	r20, 0x7A	; 122
    2378:	55 e4       	ldi	r21, 0x45	; 69
    237a:	0e 94 1f 02 	call	0x43e	; 0x43e <__mulsf3>
    237e:	dc 01       	movw	r26, r24
    2380:	cb 01       	movw	r24, r22
    2382:	8f 83       	std	Y+7, r24	; 0x07
    2384:	98 87       	std	Y+8, r25	; 0x08
    2386:	a9 87       	std	Y+9, r26	; 0x09
    2388:	ba 87       	std	Y+10, r27	; 0x0a
	if (__tmp < 1.0)
    238a:	6f 81       	ldd	r22, Y+7	; 0x07
    238c:	78 85       	ldd	r23, Y+8	; 0x08
    238e:	89 85       	ldd	r24, Y+9	; 0x09
    2390:	9a 85       	ldd	r25, Y+10	; 0x0a
    2392:	20 e0       	ldi	r18, 0x00	; 0
    2394:	30 e0       	ldi	r19, 0x00	; 0
    2396:	40 e8       	ldi	r20, 0x80	; 128
    2398:	5f e3       	ldi	r21, 0x3F	; 63
    239a:	0e 94 25 04 	call	0x84a	; 0x84a <__ltsf2>
    239e:	88 23       	and	r24, r24
    23a0:	2c f4       	brge	.+10     	; 0x23ac <LCD_sendCommand+0x84c>
		__ticks = 1;
    23a2:	81 e0       	ldi	r24, 0x01	; 1
    23a4:	90 e0       	ldi	r25, 0x00	; 0
    23a6:	9e 83       	std	Y+6, r25	; 0x06
    23a8:	8d 83       	std	Y+5, r24	; 0x05
    23aa:	3f c0       	rjmp	.+126    	; 0x242a <LCD_sendCommand+0x8ca>
	else if (__tmp > 65535)
    23ac:	6f 81       	ldd	r22, Y+7	; 0x07
    23ae:	78 85       	ldd	r23, Y+8	; 0x08
    23b0:	89 85       	ldd	r24, Y+9	; 0x09
    23b2:	9a 85       	ldd	r25, Y+10	; 0x0a
    23b4:	20 e0       	ldi	r18, 0x00	; 0
    23b6:	3f ef       	ldi	r19, 0xFF	; 255
    23b8:	4f e7       	ldi	r20, 0x7F	; 127
    23ba:	57 e4       	ldi	r21, 0x47	; 71
    23bc:	0e 94 c5 03 	call	0x78a	; 0x78a <__gtsf2>
    23c0:	18 16       	cp	r1, r24
    23c2:	4c f5       	brge	.+82     	; 0x2416 <LCD_sendCommand+0x8b6>
	{
		//	__ticks = requested delay in 1/10 ms
		__ticks = (uint16_t) (__ms * 10.0);
    23c4:	6b 85       	ldd	r22, Y+11	; 0x0b
    23c6:	7c 85       	ldd	r23, Y+12	; 0x0c
    23c8:	8d 85       	ldd	r24, Y+13	; 0x0d
    23ca:	9e 85       	ldd	r25, Y+14	; 0x0e
    23cc:	20 e0       	ldi	r18, 0x00	; 0
    23ce:	30 e0       	ldi	r19, 0x00	; 0
    23d0:	40 e2       	ldi	r20, 0x20	; 32
    23d2:	51 e4       	ldi	r21, 0x41	; 65
    23d4:	0e 94 1f 02 	call	0x43e	; 0x43e <__mulsf3>
    23d8:	dc 01       	movw	r26, r24
    23da:	cb 01       	movw	r24, r22
    23dc:	bc 01       	movw	r22, r24
    23de:	cd 01       	movw	r24, r26
    23e0:	0e 94 49 00 	call	0x92	; 0x92 <__fixunssfsi>
    23e4:	dc 01       	movw	r26, r24
    23e6:	cb 01       	movw	r24, r22
    23e8:	9e 83       	std	Y+6, r25	; 0x06
    23ea:	8d 83       	std	Y+5, r24	; 0x05
    23ec:	0f c0       	rjmp	.+30     	; 0x240c <LCD_sendCommand+0x8ac>
    23ee:	80 e9       	ldi	r24, 0x90	; 144
    23f0:	91 e0       	ldi	r25, 0x01	; 1
    23f2:	9c 83       	std	Y+4, r25	; 0x04
    23f4:	8b 83       	std	Y+3, r24	; 0x03
    23f6:	8b 81       	ldd	r24, Y+3	; 0x03
    23f8:	9c 81       	ldd	r25, Y+4	; 0x04
    23fa:	01 97       	sbiw	r24, 0x01	; 1
    23fc:	f1 f7       	brne	.-4      	; 0x23fa <LCD_sendCommand+0x89a>
    23fe:	9c 83       	std	Y+4, r25	; 0x04
    2400:	8b 83       	std	Y+3, r24	; 0x03
		while(__ticks)
		{
			// wait 1/10 ms
			_delay_loop_2(((F_CPU) / 4e3) / 10);
			__ticks --;
    2402:	8d 81       	ldd	r24, Y+5	; 0x05
    2404:	9e 81       	ldd	r25, Y+6	; 0x06
    2406:	01 97       	sbiw	r24, 0x01	; 1
    2408:	9e 83       	std	Y+6, r25	; 0x06
    240a:	8d 83       	std	Y+5, r24	; 0x05
		__ticks = 1;
	else if (__tmp > 65535)
	{
		//	__ticks = requested delay in 1/10 ms
		__ticks = (uint16_t) (__ms * 10.0);
		while(__ticks)
    240c:	8d 81       	ldd	r24, Y+5	; 0x05
    240e:	9e 81       	ldd	r25, Y+6	; 0x06
    2410:	00 97       	sbiw	r24, 0x00	; 0
    2412:	69 f7       	brne	.-38     	; 0x23ee <LCD_sendCommand+0x88e>
    2414:	14 c0       	rjmp	.+40     	; 0x243e <LCD_sendCommand+0x8de>
			__ticks --;
		}
		return;
	}
	else
		__ticks = (uint16_t)__tmp;
    2416:	6f 81       	ldd	r22, Y+7	; 0x07
    2418:	78 85       	ldd	r23, Y+8	; 0x08
    241a:	89 85       	ldd	r24, Y+9	; 0x09
    241c:	9a 85       	ldd	r25, Y+10	; 0x0a
    241e:	0e 94 49 00 	call	0x92	; 0x92 <__fixunssfsi>
    2422:	dc 01       	movw	r26, r24
    2424:	cb 01       	movw	r24, r22
    2426:	9e 83       	std	Y+6, r25	; 0x06
    2428:	8d 83       	std	Y+5, r24	; 0x05
    242a:	8d 81       	ldd	r24, Y+5	; 0x05
    242c:	9e 81       	ldd	r25, Y+6	; 0x06
    242e:	9a 83       	std	Y+2, r25	; 0x02
    2430:	89 83       	std	Y+1, r24	; 0x01
    2432:	89 81       	ldd	r24, Y+1	; 0x01
    2434:	9a 81       	ldd	r25, Y+2	; 0x02
    2436:	01 97       	sbiw	r24, 0x01	; 1
    2438:	f1 f7       	brne	.-4      	; 0x2436 <LCD_sendCommand+0x8d6>
    243a:	9a 83       	std	Y+2, r25	; 0x02
    243c:	89 83       	std	Y+1, r24	; 0x01
	GPIO_writePort(LCD_DATA_PORT_ID,command); /* out the required command to the data bus D0 --> D7 */
	_delay_ms(1); /* delay for processing Tdsw = 100ns */
	GPIO_writePin(LCD_E_PORT_ID,LCD_E_PIN_ID,LOGIC_LOW); /* Disable LCD E=0 */
	_delay_ms(1); /* delay for processing Th = 13ns */
#endif
}
    243e:	cd 59       	subi	r28, 0x9D	; 157
    2440:	df 4f       	sbci	r29, 0xFF	; 255
    2442:	0f b6       	in	r0, 0x3f	; 63
    2444:	f8 94       	cli
    2446:	de bf       	out	0x3e, r29	; 62
    2448:	0f be       	out	0x3f, r0	; 63
    244a:	cd bf       	out	0x3d, r28	; 61
    244c:	cf 91       	pop	r28
    244e:	df 91       	pop	r29
    2450:	1f 91       	pop	r17
    2452:	0f 91       	pop	r16
    2454:	08 95       	ret

00002456 <LCD_displayCharacter>:
/*
 * Description :
 * Display the required character on the screen
 */
void LCD_displayCharacter(uint8 data)
{
    2456:	0f 93       	push	r16
    2458:	1f 93       	push	r17
    245a:	df 93       	push	r29
    245c:	cf 93       	push	r28
    245e:	cd b7       	in	r28, 0x3d	; 61
    2460:	de b7       	in	r29, 0x3e	; 62
    2462:	c3 56       	subi	r28, 0x63	; 99
    2464:	d0 40       	sbci	r29, 0x00	; 0
    2466:	0f b6       	in	r0, 0x3f	; 63
    2468:	f8 94       	cli
    246a:	de bf       	out	0x3e, r29	; 62
    246c:	0f be       	out	0x3f, r0	; 63
    246e:	cd bf       	out	0x3d, r28	; 61
    2470:	fe 01       	movw	r30, r28
    2472:	ed 59       	subi	r30, 0x9D	; 157
    2474:	ff 4f       	sbci	r31, 0xFF	; 255
    2476:	80 83       	st	Z, r24
	GPIO_writePin(LCD_RS_PORT_ID,LCD_RS_PIN_ID,LOGIC_HIGH); /* Data Mode RS=1 */
    2478:	80 e0       	ldi	r24, 0x00	; 0
    247a:	61 e0       	ldi	r22, 0x01	; 1
    247c:	41 e0       	ldi	r20, 0x01	; 1
    247e:	0e 94 c8 09 	call	0x1390	; 0x1390 <GPIO_writePin>
    2482:	fe 01       	movw	r30, r28
    2484:	e1 5a       	subi	r30, 0xA1	; 161
    2486:	ff 4f       	sbci	r31, 0xFF	; 255
    2488:	80 e0       	ldi	r24, 0x00	; 0
    248a:	90 e0       	ldi	r25, 0x00	; 0
    248c:	a0 e8       	ldi	r26, 0x80	; 128
    248e:	bf e3       	ldi	r27, 0x3F	; 63
    2490:	80 83       	st	Z, r24
    2492:	91 83       	std	Z+1, r25	; 0x01
    2494:	a2 83       	std	Z+2, r26	; 0x02
    2496:	b3 83       	std	Z+3, r27	; 0x03
 */
void
_delay_ms(double __ms)
{
	uint16_t __ticks;
	double __tmp = ((F_CPU) / 4e3) * __ms;
    2498:	8e 01       	movw	r16, r28
    249a:	05 5a       	subi	r16, 0xA5	; 165
    249c:	1f 4f       	sbci	r17, 0xFF	; 255
    249e:	fe 01       	movw	r30, r28
    24a0:	e1 5a       	subi	r30, 0xA1	; 161
    24a2:	ff 4f       	sbci	r31, 0xFF	; 255
    24a4:	60 81       	ld	r22, Z
    24a6:	71 81       	ldd	r23, Z+1	; 0x01
    24a8:	82 81       	ldd	r24, Z+2	; 0x02
    24aa:	93 81       	ldd	r25, Z+3	; 0x03
    24ac:	20 e0       	ldi	r18, 0x00	; 0
    24ae:	30 e0       	ldi	r19, 0x00	; 0
    24b0:	4a e7       	ldi	r20, 0x7A	; 122
    24b2:	55 e4       	ldi	r21, 0x45	; 69
    24b4:	0e 94 1f 02 	call	0x43e	; 0x43e <__mulsf3>
    24b8:	dc 01       	movw	r26, r24
    24ba:	cb 01       	movw	r24, r22
    24bc:	f8 01       	movw	r30, r16
    24be:	80 83       	st	Z, r24
    24c0:	91 83       	std	Z+1, r25	; 0x01
    24c2:	a2 83       	std	Z+2, r26	; 0x02
    24c4:	b3 83       	std	Z+3, r27	; 0x03
	if (__tmp < 1.0)
    24c6:	fe 01       	movw	r30, r28
    24c8:	e5 5a       	subi	r30, 0xA5	; 165
    24ca:	ff 4f       	sbci	r31, 0xFF	; 255
    24cc:	60 81       	ld	r22, Z
    24ce:	71 81       	ldd	r23, Z+1	; 0x01
    24d0:	82 81       	ldd	r24, Z+2	; 0x02
    24d2:	93 81       	ldd	r25, Z+3	; 0x03
    24d4:	20 e0       	ldi	r18, 0x00	; 0
    24d6:	30 e0       	ldi	r19, 0x00	; 0
    24d8:	40 e8       	ldi	r20, 0x80	; 128
    24da:	5f e3       	ldi	r21, 0x3F	; 63
    24dc:	0e 94 25 04 	call	0x84a	; 0x84a <__ltsf2>
    24e0:	88 23       	and	r24, r24
    24e2:	44 f4       	brge	.+16     	; 0x24f4 <LCD_displayCharacter+0x9e>
		__ticks = 1;
    24e4:	fe 01       	movw	r30, r28
    24e6:	e7 5a       	subi	r30, 0xA7	; 167
    24e8:	ff 4f       	sbci	r31, 0xFF	; 255
    24ea:	81 e0       	ldi	r24, 0x01	; 1
    24ec:	90 e0       	ldi	r25, 0x00	; 0
    24ee:	91 83       	std	Z+1, r25	; 0x01
    24f0:	80 83       	st	Z, r24
    24f2:	64 c0       	rjmp	.+200    	; 0x25bc <LCD_displayCharacter+0x166>
	else if (__tmp > 65535)
    24f4:	fe 01       	movw	r30, r28
    24f6:	e5 5a       	subi	r30, 0xA5	; 165
    24f8:	ff 4f       	sbci	r31, 0xFF	; 255
    24fa:	60 81       	ld	r22, Z
    24fc:	71 81       	ldd	r23, Z+1	; 0x01
    24fe:	82 81       	ldd	r24, Z+2	; 0x02
    2500:	93 81       	ldd	r25, Z+3	; 0x03
    2502:	20 e0       	ldi	r18, 0x00	; 0
    2504:	3f ef       	ldi	r19, 0xFF	; 255
    2506:	4f e7       	ldi	r20, 0x7F	; 127
    2508:	57 e4       	ldi	r21, 0x47	; 71
    250a:	0e 94 c5 03 	call	0x78a	; 0x78a <__gtsf2>
    250e:	18 16       	cp	r1, r24
    2510:	0c f0       	brlt	.+2      	; 0x2514 <LCD_displayCharacter+0xbe>
    2512:	43 c0       	rjmp	.+134    	; 0x259a <LCD_displayCharacter+0x144>
	{
		//	__ticks = requested delay in 1/10 ms
		__ticks = (uint16_t) (__ms * 10.0);
    2514:	fe 01       	movw	r30, r28
    2516:	e1 5a       	subi	r30, 0xA1	; 161
    2518:	ff 4f       	sbci	r31, 0xFF	; 255
    251a:	60 81       	ld	r22, Z
    251c:	71 81       	ldd	r23, Z+1	; 0x01
    251e:	82 81       	ldd	r24, Z+2	; 0x02
    2520:	93 81       	ldd	r25, Z+3	; 0x03
    2522:	20 e0       	ldi	r18, 0x00	; 0
    2524:	30 e0       	ldi	r19, 0x00	; 0
    2526:	40 e2       	ldi	r20, 0x20	; 32
    2528:	51 e4       	ldi	r21, 0x41	; 65
    252a:	0e 94 1f 02 	call	0x43e	; 0x43e <__mulsf3>
    252e:	dc 01       	movw	r26, r24
    2530:	cb 01       	movw	r24, r22
    2532:	8e 01       	movw	r16, r28
    2534:	07 5a       	subi	r16, 0xA7	; 167
    2536:	1f 4f       	sbci	r17, 0xFF	; 255
    2538:	bc 01       	movw	r22, r24
    253a:	cd 01       	movw	r24, r26
    253c:	0e 94 49 00 	call	0x92	; 0x92 <__fixunssfsi>
    2540:	dc 01       	movw	r26, r24
    2542:	cb 01       	movw	r24, r22
    2544:	f8 01       	movw	r30, r16
    2546:	91 83       	std	Z+1, r25	; 0x01
    2548:	80 83       	st	Z, r24
    254a:	1f c0       	rjmp	.+62     	; 0x258a <LCD_displayCharacter+0x134>
    254c:	fe 01       	movw	r30, r28
    254e:	e9 5a       	subi	r30, 0xA9	; 169
    2550:	ff 4f       	sbci	r31, 0xFF	; 255
    2552:	80 e9       	ldi	r24, 0x90	; 144
    2554:	91 e0       	ldi	r25, 0x01	; 1
    2556:	91 83       	std	Z+1, r25	; 0x01
    2558:	80 83       	st	Z, r24
    255a:	fe 01       	movw	r30, r28
    255c:	e9 5a       	subi	r30, 0xA9	; 169
    255e:	ff 4f       	sbci	r31, 0xFF	; 255
    2560:	80 81       	ld	r24, Z
    2562:	91 81       	ldd	r25, Z+1	; 0x01
    2564:	01 97       	sbiw	r24, 0x01	; 1
    2566:	f1 f7       	brne	.-4      	; 0x2564 <LCD_displayCharacter+0x10e>
    2568:	fe 01       	movw	r30, r28
    256a:	e9 5a       	subi	r30, 0xA9	; 169
    256c:	ff 4f       	sbci	r31, 0xFF	; 255
    256e:	91 83       	std	Z+1, r25	; 0x01
    2570:	80 83       	st	Z, r24
		while(__ticks)
		{
			// wait 1/10 ms
			_delay_loop_2(((F_CPU) / 4e3) / 10);
			__ticks --;
    2572:	de 01       	movw	r26, r28
    2574:	a7 5a       	subi	r26, 0xA7	; 167
    2576:	bf 4f       	sbci	r27, 0xFF	; 255
    2578:	fe 01       	movw	r30, r28
    257a:	e7 5a       	subi	r30, 0xA7	; 167
    257c:	ff 4f       	sbci	r31, 0xFF	; 255
    257e:	80 81       	ld	r24, Z
    2580:	91 81       	ldd	r25, Z+1	; 0x01
    2582:	01 97       	sbiw	r24, 0x01	; 1
    2584:	11 96       	adiw	r26, 0x01	; 1
    2586:	9c 93       	st	X, r25
    2588:	8e 93       	st	-X, r24
		__ticks = 1;
	else if (__tmp > 65535)
	{
		//	__ticks = requested delay in 1/10 ms
		__ticks = (uint16_t) (__ms * 10.0);
		while(__ticks)
    258a:	fe 01       	movw	r30, r28
    258c:	e7 5a       	subi	r30, 0xA7	; 167
    258e:	ff 4f       	sbci	r31, 0xFF	; 255
    2590:	80 81       	ld	r24, Z
    2592:	91 81       	ldd	r25, Z+1	; 0x01
    2594:	00 97       	sbiw	r24, 0x00	; 0
    2596:	d1 f6       	brne	.-76     	; 0x254c <LCD_displayCharacter+0xf6>
    2598:	27 c0       	rjmp	.+78     	; 0x25e8 <LCD_displayCharacter+0x192>
			__ticks --;
		}
		return;
	}
	else
		__ticks = (uint16_t)__tmp;
    259a:	8e 01       	movw	r16, r28
    259c:	07 5a       	subi	r16, 0xA7	; 167
    259e:	1f 4f       	sbci	r17, 0xFF	; 255
    25a0:	fe 01       	movw	r30, r28
    25a2:	e5 5a       	subi	r30, 0xA5	; 165
    25a4:	ff 4f       	sbci	r31, 0xFF	; 255
    25a6:	60 81       	ld	r22, Z
    25a8:	71 81       	ldd	r23, Z+1	; 0x01
    25aa:	82 81       	ldd	r24, Z+2	; 0x02
    25ac:	93 81       	ldd	r25, Z+3	; 0x03
    25ae:	0e 94 49 00 	call	0x92	; 0x92 <__fixunssfsi>
    25b2:	dc 01       	movw	r26, r24
    25b4:	cb 01       	movw	r24, r22
    25b6:	f8 01       	movw	r30, r16
    25b8:	91 83       	std	Z+1, r25	; 0x01
    25ba:	80 83       	st	Z, r24
    25bc:	de 01       	movw	r26, r28
    25be:	ab 5a       	subi	r26, 0xAB	; 171
    25c0:	bf 4f       	sbci	r27, 0xFF	; 255
    25c2:	fe 01       	movw	r30, r28
    25c4:	e7 5a       	subi	r30, 0xA7	; 167
    25c6:	ff 4f       	sbci	r31, 0xFF	; 255
    25c8:	80 81       	ld	r24, Z
    25ca:	91 81       	ldd	r25, Z+1	; 0x01
    25cc:	8d 93       	st	X+, r24
    25ce:	9c 93       	st	X, r25
    25d0:	fe 01       	movw	r30, r28
    25d2:	eb 5a       	subi	r30, 0xAB	; 171
    25d4:	ff 4f       	sbci	r31, 0xFF	; 255
    25d6:	80 81       	ld	r24, Z
    25d8:	91 81       	ldd	r25, Z+1	; 0x01
    25da:	01 97       	sbiw	r24, 0x01	; 1
    25dc:	f1 f7       	brne	.-4      	; 0x25da <LCD_displayCharacter+0x184>
    25de:	fe 01       	movw	r30, r28
    25e0:	eb 5a       	subi	r30, 0xAB	; 171
    25e2:	ff 4f       	sbci	r31, 0xFF	; 255
    25e4:	91 83       	std	Z+1, r25	; 0x01
    25e6:	80 83       	st	Z, r24
	_delay_ms(1); /* delay for processing Tas = 50ns */
	GPIO_writePin(LCD_E_PORT_ID,LCD_E_PIN_ID,LOGIC_HIGH); /* Enable LCD E=1 */
    25e8:	80 e0       	ldi	r24, 0x00	; 0
    25ea:	62 e0       	ldi	r22, 0x02	; 2
    25ec:	41 e0       	ldi	r20, 0x01	; 1
    25ee:	0e 94 c8 09 	call	0x1390	; 0x1390 <GPIO_writePin>
    25f2:	fe 01       	movw	r30, r28
    25f4:	ef 5a       	subi	r30, 0xAF	; 175
    25f6:	ff 4f       	sbci	r31, 0xFF	; 255
    25f8:	80 e0       	ldi	r24, 0x00	; 0
    25fa:	90 e0       	ldi	r25, 0x00	; 0
    25fc:	a0 e8       	ldi	r26, 0x80	; 128
    25fe:	bf e3       	ldi	r27, 0x3F	; 63
    2600:	80 83       	st	Z, r24
    2602:	91 83       	std	Z+1, r25	; 0x01
    2604:	a2 83       	std	Z+2, r26	; 0x02
    2606:	b3 83       	std	Z+3, r27	; 0x03
 */
void
_delay_ms(double __ms)
{
	uint16_t __ticks;
	double __tmp = ((F_CPU) / 4e3) * __ms;
    2608:	8e 01       	movw	r16, r28
    260a:	03 5b       	subi	r16, 0xB3	; 179
    260c:	1f 4f       	sbci	r17, 0xFF	; 255
    260e:	fe 01       	movw	r30, r28
    2610:	ef 5a       	subi	r30, 0xAF	; 175
    2612:	ff 4f       	sbci	r31, 0xFF	; 255
    2614:	60 81       	ld	r22, Z
    2616:	71 81       	ldd	r23, Z+1	; 0x01
    2618:	82 81       	ldd	r24, Z+2	; 0x02
    261a:	93 81       	ldd	r25, Z+3	; 0x03
    261c:	20 e0       	ldi	r18, 0x00	; 0
    261e:	30 e0       	ldi	r19, 0x00	; 0
    2620:	4a e7       	ldi	r20, 0x7A	; 122
    2622:	55 e4       	ldi	r21, 0x45	; 69
    2624:	0e 94 1f 02 	call	0x43e	; 0x43e <__mulsf3>
    2628:	dc 01       	movw	r26, r24
    262a:	cb 01       	movw	r24, r22
    262c:	f8 01       	movw	r30, r16
    262e:	80 83       	st	Z, r24
    2630:	91 83       	std	Z+1, r25	; 0x01
    2632:	a2 83       	std	Z+2, r26	; 0x02
    2634:	b3 83       	std	Z+3, r27	; 0x03
	if (__tmp < 1.0)
    2636:	fe 01       	movw	r30, r28
    2638:	e3 5b       	subi	r30, 0xB3	; 179
    263a:	ff 4f       	sbci	r31, 0xFF	; 255
    263c:	60 81       	ld	r22, Z
    263e:	71 81       	ldd	r23, Z+1	; 0x01
    2640:	82 81       	ldd	r24, Z+2	; 0x02
    2642:	93 81       	ldd	r25, Z+3	; 0x03
    2644:	20 e0       	ldi	r18, 0x00	; 0
    2646:	30 e0       	ldi	r19, 0x00	; 0
    2648:	40 e8       	ldi	r20, 0x80	; 128
    264a:	5f e3       	ldi	r21, 0x3F	; 63
    264c:	0e 94 25 04 	call	0x84a	; 0x84a <__ltsf2>
    2650:	88 23       	and	r24, r24
    2652:	44 f4       	brge	.+16     	; 0x2664 <LCD_displayCharacter+0x20e>
		__ticks = 1;
    2654:	fe 01       	movw	r30, r28
    2656:	e5 5b       	subi	r30, 0xB5	; 181
    2658:	ff 4f       	sbci	r31, 0xFF	; 255
    265a:	81 e0       	ldi	r24, 0x01	; 1
    265c:	90 e0       	ldi	r25, 0x00	; 0
    265e:	91 83       	std	Z+1, r25	; 0x01
    2660:	80 83       	st	Z, r24
    2662:	64 c0       	rjmp	.+200    	; 0x272c <LCD_displayCharacter+0x2d6>
	else if (__tmp > 65535)
    2664:	fe 01       	movw	r30, r28
    2666:	e3 5b       	subi	r30, 0xB3	; 179
    2668:	ff 4f       	sbci	r31, 0xFF	; 255
    266a:	60 81       	ld	r22, Z
    266c:	71 81       	ldd	r23, Z+1	; 0x01
    266e:	82 81       	ldd	r24, Z+2	; 0x02
    2670:	93 81       	ldd	r25, Z+3	; 0x03
    2672:	20 e0       	ldi	r18, 0x00	; 0
    2674:	3f ef       	ldi	r19, 0xFF	; 255
    2676:	4f e7       	ldi	r20, 0x7F	; 127
    2678:	57 e4       	ldi	r21, 0x47	; 71
    267a:	0e 94 c5 03 	call	0x78a	; 0x78a <__gtsf2>
    267e:	18 16       	cp	r1, r24
    2680:	0c f0       	brlt	.+2      	; 0x2684 <LCD_displayCharacter+0x22e>
    2682:	43 c0       	rjmp	.+134    	; 0x270a <LCD_displayCharacter+0x2b4>
	{
		//	__ticks = requested delay in 1/10 ms
		__ticks = (uint16_t) (__ms * 10.0);
    2684:	fe 01       	movw	r30, r28
    2686:	ef 5a       	subi	r30, 0xAF	; 175
    2688:	ff 4f       	sbci	r31, 0xFF	; 255
    268a:	60 81       	ld	r22, Z
    268c:	71 81       	ldd	r23, Z+1	; 0x01
    268e:	82 81       	ldd	r24, Z+2	; 0x02
    2690:	93 81       	ldd	r25, Z+3	; 0x03
    2692:	20 e0       	ldi	r18, 0x00	; 0
    2694:	30 e0       	ldi	r19, 0x00	; 0
    2696:	40 e2       	ldi	r20, 0x20	; 32
    2698:	51 e4       	ldi	r21, 0x41	; 65
    269a:	0e 94 1f 02 	call	0x43e	; 0x43e <__mulsf3>
    269e:	dc 01       	movw	r26, r24
    26a0:	cb 01       	movw	r24, r22
    26a2:	8e 01       	movw	r16, r28
    26a4:	05 5b       	subi	r16, 0xB5	; 181
    26a6:	1f 4f       	sbci	r17, 0xFF	; 255
    26a8:	bc 01       	movw	r22, r24
    26aa:	cd 01       	movw	r24, r26
    26ac:	0e 94 49 00 	call	0x92	; 0x92 <__fixunssfsi>
    26b0:	dc 01       	movw	r26, r24
    26b2:	cb 01       	movw	r24, r22
    26b4:	f8 01       	movw	r30, r16
    26b6:	91 83       	std	Z+1, r25	; 0x01
    26b8:	80 83       	st	Z, r24
    26ba:	1f c0       	rjmp	.+62     	; 0x26fa <LCD_displayCharacter+0x2a4>
    26bc:	fe 01       	movw	r30, r28
    26be:	e7 5b       	subi	r30, 0xB7	; 183
    26c0:	ff 4f       	sbci	r31, 0xFF	; 255
    26c2:	80 e9       	ldi	r24, 0x90	; 144
    26c4:	91 e0       	ldi	r25, 0x01	; 1
    26c6:	91 83       	std	Z+1, r25	; 0x01
    26c8:	80 83       	st	Z, r24
    26ca:	fe 01       	movw	r30, r28
    26cc:	e7 5b       	subi	r30, 0xB7	; 183
    26ce:	ff 4f       	sbci	r31, 0xFF	; 255
    26d0:	80 81       	ld	r24, Z
    26d2:	91 81       	ldd	r25, Z+1	; 0x01
    26d4:	01 97       	sbiw	r24, 0x01	; 1
    26d6:	f1 f7       	brne	.-4      	; 0x26d4 <LCD_displayCharacter+0x27e>
    26d8:	fe 01       	movw	r30, r28
    26da:	e7 5b       	subi	r30, 0xB7	; 183
    26dc:	ff 4f       	sbci	r31, 0xFF	; 255
    26de:	91 83       	std	Z+1, r25	; 0x01
    26e0:	80 83       	st	Z, r24
		while(__ticks)
		{
			// wait 1/10 ms
			_delay_loop_2(((F_CPU) / 4e3) / 10);
			__ticks --;
    26e2:	de 01       	movw	r26, r28
    26e4:	a5 5b       	subi	r26, 0xB5	; 181
    26e6:	bf 4f       	sbci	r27, 0xFF	; 255
    26e8:	fe 01       	movw	r30, r28
    26ea:	e5 5b       	subi	r30, 0xB5	; 181
    26ec:	ff 4f       	sbci	r31, 0xFF	; 255
    26ee:	80 81       	ld	r24, Z
    26f0:	91 81       	ldd	r25, Z+1	; 0x01
    26f2:	01 97       	sbiw	r24, 0x01	; 1
    26f4:	11 96       	adiw	r26, 0x01	; 1
    26f6:	9c 93       	st	X, r25
    26f8:	8e 93       	st	-X, r24
		__ticks = 1;
	else if (__tmp > 65535)
	{
		//	__ticks = requested delay in 1/10 ms
		__ticks = (uint16_t) (__ms * 10.0);
		while(__ticks)
    26fa:	fe 01       	movw	r30, r28
    26fc:	e5 5b       	subi	r30, 0xB5	; 181
    26fe:	ff 4f       	sbci	r31, 0xFF	; 255
    2700:	80 81       	ld	r24, Z
    2702:	91 81       	ldd	r25, Z+1	; 0x01
    2704:	00 97       	sbiw	r24, 0x00	; 0
    2706:	d1 f6       	brne	.-76     	; 0x26bc <LCD_displayCharacter+0x266>
    2708:	27 c0       	rjmp	.+78     	; 0x2758 <LCD_displayCharacter+0x302>
			__ticks --;
		}
		return;
	}
	else
		__ticks = (uint16_t)__tmp;
    270a:	8e 01       	movw	r16, r28
    270c:	05 5b       	subi	r16, 0xB5	; 181
    270e:	1f 4f       	sbci	r17, 0xFF	; 255
    2710:	fe 01       	movw	r30, r28
    2712:	e3 5b       	subi	r30, 0xB3	; 179
    2714:	ff 4f       	sbci	r31, 0xFF	; 255
    2716:	60 81       	ld	r22, Z
    2718:	71 81       	ldd	r23, Z+1	; 0x01
    271a:	82 81       	ldd	r24, Z+2	; 0x02
    271c:	93 81       	ldd	r25, Z+3	; 0x03
    271e:	0e 94 49 00 	call	0x92	; 0x92 <__fixunssfsi>
    2722:	dc 01       	movw	r26, r24
    2724:	cb 01       	movw	r24, r22
    2726:	f8 01       	movw	r30, r16
    2728:	91 83       	std	Z+1, r25	; 0x01
    272a:	80 83       	st	Z, r24
    272c:	de 01       	movw	r26, r28
    272e:	a9 5b       	subi	r26, 0xB9	; 185
    2730:	bf 4f       	sbci	r27, 0xFF	; 255
    2732:	fe 01       	movw	r30, r28
    2734:	e5 5b       	subi	r30, 0xB5	; 181
    2736:	ff 4f       	sbci	r31, 0xFF	; 255
    2738:	80 81       	ld	r24, Z
    273a:	91 81       	ldd	r25, Z+1	; 0x01
    273c:	8d 93       	st	X+, r24
    273e:	9c 93       	st	X, r25
    2740:	fe 01       	movw	r30, r28
    2742:	e9 5b       	subi	r30, 0xB9	; 185
    2744:	ff 4f       	sbci	r31, 0xFF	; 255
    2746:	80 81       	ld	r24, Z
    2748:	91 81       	ldd	r25, Z+1	; 0x01
    274a:	01 97       	sbiw	r24, 0x01	; 1
    274c:	f1 f7       	brne	.-4      	; 0x274a <LCD_displayCharacter+0x2f4>
    274e:	fe 01       	movw	r30, r28
    2750:	e9 5b       	subi	r30, 0xB9	; 185
    2752:	ff 4f       	sbci	r31, 0xFF	; 255
    2754:	91 83       	std	Z+1, r25	; 0x01
    2756:	80 83       	st	Z, r24
	_delay_ms(1); /* delay for processing Tpw - Tdws = 190ns */

#if(LCD_DATA_BITS_MODE == 4)
	GPIO_writePin(LCD_DATA_PORT_ID,LCD_DB4_PIN_ID,GET_BIT(data,4));
    2758:	fe 01       	movw	r30, r28
    275a:	ed 59       	subi	r30, 0x9D	; 157
    275c:	ff 4f       	sbci	r31, 0xFF	; 255
    275e:	80 81       	ld	r24, Z
    2760:	88 2f       	mov	r24, r24
    2762:	90 e0       	ldi	r25, 0x00	; 0
    2764:	80 71       	andi	r24, 0x10	; 16
    2766:	90 70       	andi	r25, 0x00	; 0
    2768:	95 95       	asr	r25
    276a:	87 95       	ror	r24
    276c:	95 95       	asr	r25
    276e:	87 95       	ror	r24
    2770:	95 95       	asr	r25
    2772:	87 95       	ror	r24
    2774:	95 95       	asr	r25
    2776:	87 95       	ror	r24
    2778:	98 2f       	mov	r25, r24
    277a:	80 e0       	ldi	r24, 0x00	; 0
    277c:	63 e0       	ldi	r22, 0x03	; 3
    277e:	49 2f       	mov	r20, r25
    2780:	0e 94 c8 09 	call	0x1390	; 0x1390 <GPIO_writePin>
	GPIO_writePin(LCD_DATA_PORT_ID,LCD_DB5_PIN_ID,GET_BIT(data,5));
    2784:	fe 01       	movw	r30, r28
    2786:	ed 59       	subi	r30, 0x9D	; 157
    2788:	ff 4f       	sbci	r31, 0xFF	; 255
    278a:	80 81       	ld	r24, Z
    278c:	88 2f       	mov	r24, r24
    278e:	90 e0       	ldi	r25, 0x00	; 0
    2790:	80 72       	andi	r24, 0x20	; 32
    2792:	90 70       	andi	r25, 0x00	; 0
    2794:	95 95       	asr	r25
    2796:	87 95       	ror	r24
    2798:	95 95       	asr	r25
    279a:	87 95       	ror	r24
    279c:	95 95       	asr	r25
    279e:	87 95       	ror	r24
    27a0:	95 95       	asr	r25
    27a2:	87 95       	ror	r24
    27a4:	95 95       	asr	r25
    27a6:	87 95       	ror	r24
    27a8:	98 2f       	mov	r25, r24
    27aa:	80 e0       	ldi	r24, 0x00	; 0
    27ac:	64 e0       	ldi	r22, 0x04	; 4
    27ae:	49 2f       	mov	r20, r25
    27b0:	0e 94 c8 09 	call	0x1390	; 0x1390 <GPIO_writePin>
	GPIO_writePin(LCD_DATA_PORT_ID,LCD_DB6_PIN_ID,GET_BIT(data,6));
    27b4:	fe 01       	movw	r30, r28
    27b6:	ed 59       	subi	r30, 0x9D	; 157
    27b8:	ff 4f       	sbci	r31, 0xFF	; 255
    27ba:	80 81       	ld	r24, Z
    27bc:	88 2f       	mov	r24, r24
    27be:	90 e0       	ldi	r25, 0x00	; 0
    27c0:	80 74       	andi	r24, 0x40	; 64
    27c2:	90 70       	andi	r25, 0x00	; 0
    27c4:	08 2e       	mov	r0, r24
    27c6:	89 2f       	mov	r24, r25
    27c8:	00 0c       	add	r0, r0
    27ca:	88 1f       	adc	r24, r24
    27cc:	99 0b       	sbc	r25, r25
    27ce:	00 0c       	add	r0, r0
    27d0:	88 1f       	adc	r24, r24
    27d2:	99 1f       	adc	r25, r25
    27d4:	98 2f       	mov	r25, r24
    27d6:	80 e0       	ldi	r24, 0x00	; 0
    27d8:	65 e0       	ldi	r22, 0x05	; 5
    27da:	49 2f       	mov	r20, r25
    27dc:	0e 94 c8 09 	call	0x1390	; 0x1390 <GPIO_writePin>
	GPIO_writePin(LCD_DATA_PORT_ID,LCD_DB7_PIN_ID,GET_BIT(data,7));
    27e0:	fe 01       	movw	r30, r28
    27e2:	ed 59       	subi	r30, 0x9D	; 157
    27e4:	ff 4f       	sbci	r31, 0xFF	; 255
    27e6:	80 81       	ld	r24, Z
    27e8:	98 2f       	mov	r25, r24
    27ea:	99 1f       	adc	r25, r25
    27ec:	99 27       	eor	r25, r25
    27ee:	99 1f       	adc	r25, r25
    27f0:	80 e0       	ldi	r24, 0x00	; 0
    27f2:	66 e0       	ldi	r22, 0x06	; 6
    27f4:	49 2f       	mov	r20, r25
    27f6:	0e 94 c8 09 	call	0x1390	; 0x1390 <GPIO_writePin>
    27fa:	fe 01       	movw	r30, r28
    27fc:	ed 5b       	subi	r30, 0xBD	; 189
    27fe:	ff 4f       	sbci	r31, 0xFF	; 255
    2800:	80 e0       	ldi	r24, 0x00	; 0
    2802:	90 e0       	ldi	r25, 0x00	; 0
    2804:	a0 e8       	ldi	r26, 0x80	; 128
    2806:	bf e3       	ldi	r27, 0x3F	; 63
    2808:	80 83       	st	Z, r24
    280a:	91 83       	std	Z+1, r25	; 0x01
    280c:	a2 83       	std	Z+2, r26	; 0x02
    280e:	b3 83       	std	Z+3, r27	; 0x03
 */
void
_delay_ms(double __ms)
{
	uint16_t __ticks;
	double __tmp = ((F_CPU) / 4e3) * __ms;
    2810:	8e 01       	movw	r16, r28
    2812:	01 5c       	subi	r16, 0xC1	; 193
    2814:	1f 4f       	sbci	r17, 0xFF	; 255
    2816:	fe 01       	movw	r30, r28
    2818:	ed 5b       	subi	r30, 0xBD	; 189
    281a:	ff 4f       	sbci	r31, 0xFF	; 255
    281c:	60 81       	ld	r22, Z
    281e:	71 81       	ldd	r23, Z+1	; 0x01
    2820:	82 81       	ldd	r24, Z+2	; 0x02
    2822:	93 81       	ldd	r25, Z+3	; 0x03
    2824:	20 e0       	ldi	r18, 0x00	; 0
    2826:	30 e0       	ldi	r19, 0x00	; 0
    2828:	4a e7       	ldi	r20, 0x7A	; 122
    282a:	55 e4       	ldi	r21, 0x45	; 69
    282c:	0e 94 1f 02 	call	0x43e	; 0x43e <__mulsf3>
    2830:	dc 01       	movw	r26, r24
    2832:	cb 01       	movw	r24, r22
    2834:	f8 01       	movw	r30, r16
    2836:	80 83       	st	Z, r24
    2838:	91 83       	std	Z+1, r25	; 0x01
    283a:	a2 83       	std	Z+2, r26	; 0x02
    283c:	b3 83       	std	Z+3, r27	; 0x03
	if (__tmp < 1.0)
    283e:	fe 01       	movw	r30, r28
    2840:	ff 96       	adiw	r30, 0x3f	; 63
    2842:	60 81       	ld	r22, Z
    2844:	71 81       	ldd	r23, Z+1	; 0x01
    2846:	82 81       	ldd	r24, Z+2	; 0x02
    2848:	93 81       	ldd	r25, Z+3	; 0x03
    284a:	20 e0       	ldi	r18, 0x00	; 0
    284c:	30 e0       	ldi	r19, 0x00	; 0
    284e:	40 e8       	ldi	r20, 0x80	; 128
    2850:	5f e3       	ldi	r21, 0x3F	; 63
    2852:	0e 94 25 04 	call	0x84a	; 0x84a <__ltsf2>
    2856:	88 23       	and	r24, r24
    2858:	2c f4       	brge	.+10     	; 0x2864 <LCD_displayCharacter+0x40e>
		__ticks = 1;
    285a:	81 e0       	ldi	r24, 0x01	; 1
    285c:	90 e0       	ldi	r25, 0x00	; 0
    285e:	9e af       	std	Y+62, r25	; 0x3e
    2860:	8d af       	std	Y+61, r24	; 0x3d
    2862:	46 c0       	rjmp	.+140    	; 0x28f0 <LCD_displayCharacter+0x49a>
	else if (__tmp > 65535)
    2864:	fe 01       	movw	r30, r28
    2866:	ff 96       	adiw	r30, 0x3f	; 63
    2868:	60 81       	ld	r22, Z
    286a:	71 81       	ldd	r23, Z+1	; 0x01
    286c:	82 81       	ldd	r24, Z+2	; 0x02
    286e:	93 81       	ldd	r25, Z+3	; 0x03
    2870:	20 e0       	ldi	r18, 0x00	; 0
    2872:	3f ef       	ldi	r19, 0xFF	; 255
    2874:	4f e7       	ldi	r20, 0x7F	; 127
    2876:	57 e4       	ldi	r21, 0x47	; 71
    2878:	0e 94 c5 03 	call	0x78a	; 0x78a <__gtsf2>
    287c:	18 16       	cp	r1, r24
    287e:	64 f5       	brge	.+88     	; 0x28d8 <LCD_displayCharacter+0x482>
	{
		//	__ticks = requested delay in 1/10 ms
		__ticks = (uint16_t) (__ms * 10.0);
    2880:	fe 01       	movw	r30, r28
    2882:	ed 5b       	subi	r30, 0xBD	; 189
    2884:	ff 4f       	sbci	r31, 0xFF	; 255
    2886:	60 81       	ld	r22, Z
    2888:	71 81       	ldd	r23, Z+1	; 0x01
    288a:	82 81       	ldd	r24, Z+2	; 0x02
    288c:	93 81       	ldd	r25, Z+3	; 0x03
    288e:	20 e0       	ldi	r18, 0x00	; 0
    2890:	30 e0       	ldi	r19, 0x00	; 0
    2892:	40 e2       	ldi	r20, 0x20	; 32
    2894:	51 e4       	ldi	r21, 0x41	; 65
    2896:	0e 94 1f 02 	call	0x43e	; 0x43e <__mulsf3>
    289a:	dc 01       	movw	r26, r24
    289c:	cb 01       	movw	r24, r22
    289e:	bc 01       	movw	r22, r24
    28a0:	cd 01       	movw	r24, r26
    28a2:	0e 94 49 00 	call	0x92	; 0x92 <__fixunssfsi>
    28a6:	dc 01       	movw	r26, r24
    28a8:	cb 01       	movw	r24, r22
    28aa:	9e af       	std	Y+62, r25	; 0x3e
    28ac:	8d af       	std	Y+61, r24	; 0x3d
    28ae:	0f c0       	rjmp	.+30     	; 0x28ce <LCD_displayCharacter+0x478>
    28b0:	80 e9       	ldi	r24, 0x90	; 144
    28b2:	91 e0       	ldi	r25, 0x01	; 1
    28b4:	9c af       	std	Y+60, r25	; 0x3c
    28b6:	8b af       	std	Y+59, r24	; 0x3b
    28b8:	8b ad       	ldd	r24, Y+59	; 0x3b
    28ba:	9c ad       	ldd	r25, Y+60	; 0x3c
    28bc:	01 97       	sbiw	r24, 0x01	; 1
    28be:	f1 f7       	brne	.-4      	; 0x28bc <LCD_displayCharacter+0x466>
    28c0:	9c af       	std	Y+60, r25	; 0x3c
    28c2:	8b af       	std	Y+59, r24	; 0x3b
		while(__ticks)
		{
			// wait 1/10 ms
			_delay_loop_2(((F_CPU) / 4e3) / 10);
			__ticks --;
    28c4:	8d ad       	ldd	r24, Y+61	; 0x3d
    28c6:	9e ad       	ldd	r25, Y+62	; 0x3e
    28c8:	01 97       	sbiw	r24, 0x01	; 1
    28ca:	9e af       	std	Y+62, r25	; 0x3e
    28cc:	8d af       	std	Y+61, r24	; 0x3d
		__ticks = 1;
	else if (__tmp > 65535)
	{
		//	__ticks = requested delay in 1/10 ms
		__ticks = (uint16_t) (__ms * 10.0);
		while(__ticks)
    28ce:	8d ad       	ldd	r24, Y+61	; 0x3d
    28d0:	9e ad       	ldd	r25, Y+62	; 0x3e
    28d2:	00 97       	sbiw	r24, 0x00	; 0
    28d4:	69 f7       	brne	.-38     	; 0x28b0 <LCD_displayCharacter+0x45a>
    28d6:	16 c0       	rjmp	.+44     	; 0x2904 <LCD_displayCharacter+0x4ae>
			__ticks --;
		}
		return;
	}
	else
		__ticks = (uint16_t)__tmp;
    28d8:	fe 01       	movw	r30, r28
    28da:	ff 96       	adiw	r30, 0x3f	; 63
    28dc:	60 81       	ld	r22, Z
    28de:	71 81       	ldd	r23, Z+1	; 0x01
    28e0:	82 81       	ldd	r24, Z+2	; 0x02
    28e2:	93 81       	ldd	r25, Z+3	; 0x03
    28e4:	0e 94 49 00 	call	0x92	; 0x92 <__fixunssfsi>
    28e8:	dc 01       	movw	r26, r24
    28ea:	cb 01       	movw	r24, r22
    28ec:	9e af       	std	Y+62, r25	; 0x3e
    28ee:	8d af       	std	Y+61, r24	; 0x3d
    28f0:	8d ad       	ldd	r24, Y+61	; 0x3d
    28f2:	9e ad       	ldd	r25, Y+62	; 0x3e
    28f4:	9a af       	std	Y+58, r25	; 0x3a
    28f6:	89 af       	std	Y+57, r24	; 0x39
    28f8:	89 ad       	ldd	r24, Y+57	; 0x39
    28fa:	9a ad       	ldd	r25, Y+58	; 0x3a
    28fc:	01 97       	sbiw	r24, 0x01	; 1
    28fe:	f1 f7       	brne	.-4      	; 0x28fc <LCD_displayCharacter+0x4a6>
    2900:	9a af       	std	Y+58, r25	; 0x3a
    2902:	89 af       	std	Y+57, r24	; 0x39

	_delay_ms(1); /* delay for processing Tdsw = 100ns */
	GPIO_writePin(LCD_E_PORT_ID,LCD_E_PIN_ID,LOGIC_LOW); /* Disable LCD E=0 */
    2904:	80 e0       	ldi	r24, 0x00	; 0
    2906:	62 e0       	ldi	r22, 0x02	; 2
    2908:	40 e0       	ldi	r20, 0x00	; 0
    290a:	0e 94 c8 09 	call	0x1390	; 0x1390 <GPIO_writePin>
    290e:	80 e0       	ldi	r24, 0x00	; 0
    2910:	90 e0       	ldi	r25, 0x00	; 0
    2912:	a0 e8       	ldi	r26, 0x80	; 128
    2914:	bf e3       	ldi	r27, 0x3F	; 63
    2916:	8d ab       	std	Y+53, r24	; 0x35
    2918:	9e ab       	std	Y+54, r25	; 0x36
    291a:	af ab       	std	Y+55, r26	; 0x37
    291c:	b8 af       	std	Y+56, r27	; 0x38
 */
void
_delay_ms(double __ms)
{
	uint16_t __ticks;
	double __tmp = ((F_CPU) / 4e3) * __ms;
    291e:	6d a9       	ldd	r22, Y+53	; 0x35
    2920:	7e a9       	ldd	r23, Y+54	; 0x36
    2922:	8f a9       	ldd	r24, Y+55	; 0x37
    2924:	98 ad       	ldd	r25, Y+56	; 0x38
    2926:	20 e0       	ldi	r18, 0x00	; 0
    2928:	30 e0       	ldi	r19, 0x00	; 0
    292a:	4a e7       	ldi	r20, 0x7A	; 122
    292c:	55 e4       	ldi	r21, 0x45	; 69
    292e:	0e 94 1f 02 	call	0x43e	; 0x43e <__mulsf3>
    2932:	dc 01       	movw	r26, r24
    2934:	cb 01       	movw	r24, r22
    2936:	89 ab       	std	Y+49, r24	; 0x31
    2938:	9a ab       	std	Y+50, r25	; 0x32
    293a:	ab ab       	std	Y+51, r26	; 0x33
    293c:	bc ab       	std	Y+52, r27	; 0x34
	if (__tmp < 1.0)
    293e:	69 a9       	ldd	r22, Y+49	; 0x31
    2940:	7a a9       	ldd	r23, Y+50	; 0x32
    2942:	8b a9       	ldd	r24, Y+51	; 0x33
    2944:	9c a9       	ldd	r25, Y+52	; 0x34
    2946:	20 e0       	ldi	r18, 0x00	; 0
    2948:	30 e0       	ldi	r19, 0x00	; 0
    294a:	40 e8       	ldi	r20, 0x80	; 128
    294c:	5f e3       	ldi	r21, 0x3F	; 63
    294e:	0e 94 25 04 	call	0x84a	; 0x84a <__ltsf2>
    2952:	88 23       	and	r24, r24
    2954:	2c f4       	brge	.+10     	; 0x2960 <LCD_displayCharacter+0x50a>
		__ticks = 1;
    2956:	81 e0       	ldi	r24, 0x01	; 1
    2958:	90 e0       	ldi	r25, 0x00	; 0
    295a:	98 ab       	std	Y+48, r25	; 0x30
    295c:	8f a7       	std	Y+47, r24	; 0x2f
    295e:	3f c0       	rjmp	.+126    	; 0x29de <LCD_displayCharacter+0x588>
	else if (__tmp > 65535)
    2960:	69 a9       	ldd	r22, Y+49	; 0x31
    2962:	7a a9       	ldd	r23, Y+50	; 0x32
    2964:	8b a9       	ldd	r24, Y+51	; 0x33
    2966:	9c a9       	ldd	r25, Y+52	; 0x34
    2968:	20 e0       	ldi	r18, 0x00	; 0
    296a:	3f ef       	ldi	r19, 0xFF	; 255
    296c:	4f e7       	ldi	r20, 0x7F	; 127
    296e:	57 e4       	ldi	r21, 0x47	; 71
    2970:	0e 94 c5 03 	call	0x78a	; 0x78a <__gtsf2>
    2974:	18 16       	cp	r1, r24
    2976:	4c f5       	brge	.+82     	; 0x29ca <LCD_displayCharacter+0x574>
	{
		//	__ticks = requested delay in 1/10 ms
		__ticks = (uint16_t) (__ms * 10.0);
    2978:	6d a9       	ldd	r22, Y+53	; 0x35
    297a:	7e a9       	ldd	r23, Y+54	; 0x36
    297c:	8f a9       	ldd	r24, Y+55	; 0x37
    297e:	98 ad       	ldd	r25, Y+56	; 0x38
    2980:	20 e0       	ldi	r18, 0x00	; 0
    2982:	30 e0       	ldi	r19, 0x00	; 0
    2984:	40 e2       	ldi	r20, 0x20	; 32
    2986:	51 e4       	ldi	r21, 0x41	; 65
    2988:	0e 94 1f 02 	call	0x43e	; 0x43e <__mulsf3>
    298c:	dc 01       	movw	r26, r24
    298e:	cb 01       	movw	r24, r22
    2990:	bc 01       	movw	r22, r24
    2992:	cd 01       	movw	r24, r26
    2994:	0e 94 49 00 	call	0x92	; 0x92 <__fixunssfsi>
    2998:	dc 01       	movw	r26, r24
    299a:	cb 01       	movw	r24, r22
    299c:	98 ab       	std	Y+48, r25	; 0x30
    299e:	8f a7       	std	Y+47, r24	; 0x2f
    29a0:	0f c0       	rjmp	.+30     	; 0x29c0 <LCD_displayCharacter+0x56a>
    29a2:	80 e9       	ldi	r24, 0x90	; 144
    29a4:	91 e0       	ldi	r25, 0x01	; 1
    29a6:	9e a7       	std	Y+46, r25	; 0x2e
    29a8:	8d a7       	std	Y+45, r24	; 0x2d
    29aa:	8d a5       	ldd	r24, Y+45	; 0x2d
    29ac:	9e a5       	ldd	r25, Y+46	; 0x2e
    29ae:	01 97       	sbiw	r24, 0x01	; 1
    29b0:	f1 f7       	brne	.-4      	; 0x29ae <LCD_displayCharacter+0x558>
    29b2:	9e a7       	std	Y+46, r25	; 0x2e
    29b4:	8d a7       	std	Y+45, r24	; 0x2d
		while(__ticks)
		{
			// wait 1/10 ms
			_delay_loop_2(((F_CPU) / 4e3) / 10);
			__ticks --;
    29b6:	8f a5       	ldd	r24, Y+47	; 0x2f
    29b8:	98 a9       	ldd	r25, Y+48	; 0x30
    29ba:	01 97       	sbiw	r24, 0x01	; 1
    29bc:	98 ab       	std	Y+48, r25	; 0x30
    29be:	8f a7       	std	Y+47, r24	; 0x2f
		__ticks = 1;
	else if (__tmp > 65535)
	{
		//	__ticks = requested delay in 1/10 ms
		__ticks = (uint16_t) (__ms * 10.0);
		while(__ticks)
    29c0:	8f a5       	ldd	r24, Y+47	; 0x2f
    29c2:	98 a9       	ldd	r25, Y+48	; 0x30
    29c4:	00 97       	sbiw	r24, 0x00	; 0
    29c6:	69 f7       	brne	.-38     	; 0x29a2 <LCD_displayCharacter+0x54c>
    29c8:	14 c0       	rjmp	.+40     	; 0x29f2 <LCD_displayCharacter+0x59c>
			__ticks --;
		}
		return;
	}
	else
		__ticks = (uint16_t)__tmp;
    29ca:	69 a9       	ldd	r22, Y+49	; 0x31
    29cc:	7a a9       	ldd	r23, Y+50	; 0x32
    29ce:	8b a9       	ldd	r24, Y+51	; 0x33
    29d0:	9c a9       	ldd	r25, Y+52	; 0x34
    29d2:	0e 94 49 00 	call	0x92	; 0x92 <__fixunssfsi>
    29d6:	dc 01       	movw	r26, r24
    29d8:	cb 01       	movw	r24, r22
    29da:	98 ab       	std	Y+48, r25	; 0x30
    29dc:	8f a7       	std	Y+47, r24	; 0x2f
    29de:	8f a5       	ldd	r24, Y+47	; 0x2f
    29e0:	98 a9       	ldd	r25, Y+48	; 0x30
    29e2:	9c a7       	std	Y+44, r25	; 0x2c
    29e4:	8b a7       	std	Y+43, r24	; 0x2b
    29e6:	8b a5       	ldd	r24, Y+43	; 0x2b
    29e8:	9c a5       	ldd	r25, Y+44	; 0x2c
    29ea:	01 97       	sbiw	r24, 0x01	; 1
    29ec:	f1 f7       	brne	.-4      	; 0x29ea <LCD_displayCharacter+0x594>
    29ee:	9c a7       	std	Y+44, r25	; 0x2c
    29f0:	8b a7       	std	Y+43, r24	; 0x2b
	_delay_ms(1); /* delay for processing Th = 13ns */
	GPIO_writePin(LCD_E_PORT_ID,LCD_E_PIN_ID,LOGIC_HIGH); /* Enable LCD E=1 */
    29f2:	80 e0       	ldi	r24, 0x00	; 0
    29f4:	62 e0       	ldi	r22, 0x02	; 2
    29f6:	41 e0       	ldi	r20, 0x01	; 1
    29f8:	0e 94 c8 09 	call	0x1390	; 0x1390 <GPIO_writePin>
    29fc:	80 e0       	ldi	r24, 0x00	; 0
    29fe:	90 e0       	ldi	r25, 0x00	; 0
    2a00:	a0 e8       	ldi	r26, 0x80	; 128
    2a02:	bf e3       	ldi	r27, 0x3F	; 63
    2a04:	8f a3       	std	Y+39, r24	; 0x27
    2a06:	98 a7       	std	Y+40, r25	; 0x28
    2a08:	a9 a7       	std	Y+41, r26	; 0x29
    2a0a:	ba a7       	std	Y+42, r27	; 0x2a
 */
void
_delay_ms(double __ms)
{
	uint16_t __ticks;
	double __tmp = ((F_CPU) / 4e3) * __ms;
    2a0c:	6f a1       	ldd	r22, Y+39	; 0x27
    2a0e:	78 a5       	ldd	r23, Y+40	; 0x28
    2a10:	89 a5       	ldd	r24, Y+41	; 0x29
    2a12:	9a a5       	ldd	r25, Y+42	; 0x2a
    2a14:	20 e0       	ldi	r18, 0x00	; 0
    2a16:	30 e0       	ldi	r19, 0x00	; 0
    2a18:	4a e7       	ldi	r20, 0x7A	; 122
    2a1a:	55 e4       	ldi	r21, 0x45	; 69
    2a1c:	0e 94 1f 02 	call	0x43e	; 0x43e <__mulsf3>
    2a20:	dc 01       	movw	r26, r24
    2a22:	cb 01       	movw	r24, r22
    2a24:	8b a3       	std	Y+35, r24	; 0x23
    2a26:	9c a3       	std	Y+36, r25	; 0x24
    2a28:	ad a3       	std	Y+37, r26	; 0x25
    2a2a:	be a3       	std	Y+38, r27	; 0x26
	if (__tmp < 1.0)
    2a2c:	6b a1       	ldd	r22, Y+35	; 0x23
    2a2e:	7c a1       	ldd	r23, Y+36	; 0x24
    2a30:	8d a1       	ldd	r24, Y+37	; 0x25
    2a32:	9e a1       	ldd	r25, Y+38	; 0x26
    2a34:	20 e0       	ldi	r18, 0x00	; 0
    2a36:	30 e0       	ldi	r19, 0x00	; 0
    2a38:	40 e8       	ldi	r20, 0x80	; 128
    2a3a:	5f e3       	ldi	r21, 0x3F	; 63
    2a3c:	0e 94 25 04 	call	0x84a	; 0x84a <__ltsf2>
    2a40:	88 23       	and	r24, r24
    2a42:	2c f4       	brge	.+10     	; 0x2a4e <LCD_displayCharacter+0x5f8>
		__ticks = 1;
    2a44:	81 e0       	ldi	r24, 0x01	; 1
    2a46:	90 e0       	ldi	r25, 0x00	; 0
    2a48:	9a a3       	std	Y+34, r25	; 0x22
    2a4a:	89 a3       	std	Y+33, r24	; 0x21
    2a4c:	3f c0       	rjmp	.+126    	; 0x2acc <LCD_displayCharacter+0x676>
	else if (__tmp > 65535)
    2a4e:	6b a1       	ldd	r22, Y+35	; 0x23
    2a50:	7c a1       	ldd	r23, Y+36	; 0x24
    2a52:	8d a1       	ldd	r24, Y+37	; 0x25
    2a54:	9e a1       	ldd	r25, Y+38	; 0x26
    2a56:	20 e0       	ldi	r18, 0x00	; 0
    2a58:	3f ef       	ldi	r19, 0xFF	; 255
    2a5a:	4f e7       	ldi	r20, 0x7F	; 127
    2a5c:	57 e4       	ldi	r21, 0x47	; 71
    2a5e:	0e 94 c5 03 	call	0x78a	; 0x78a <__gtsf2>
    2a62:	18 16       	cp	r1, r24
    2a64:	4c f5       	brge	.+82     	; 0x2ab8 <LCD_displayCharacter+0x662>
	{
		//	__ticks = requested delay in 1/10 ms
		__ticks = (uint16_t) (__ms * 10.0);
    2a66:	6f a1       	ldd	r22, Y+39	; 0x27
    2a68:	78 a5       	ldd	r23, Y+40	; 0x28
    2a6a:	89 a5       	ldd	r24, Y+41	; 0x29
    2a6c:	9a a5       	ldd	r25, Y+42	; 0x2a
    2a6e:	20 e0       	ldi	r18, 0x00	; 0
    2a70:	30 e0       	ldi	r19, 0x00	; 0
    2a72:	40 e2       	ldi	r20, 0x20	; 32
    2a74:	51 e4       	ldi	r21, 0x41	; 65
    2a76:	0e 94 1f 02 	call	0x43e	; 0x43e <__mulsf3>
    2a7a:	dc 01       	movw	r26, r24
    2a7c:	cb 01       	movw	r24, r22
    2a7e:	bc 01       	movw	r22, r24
    2a80:	cd 01       	movw	r24, r26
    2a82:	0e 94 49 00 	call	0x92	; 0x92 <__fixunssfsi>
    2a86:	dc 01       	movw	r26, r24
    2a88:	cb 01       	movw	r24, r22
    2a8a:	9a a3       	std	Y+34, r25	; 0x22
    2a8c:	89 a3       	std	Y+33, r24	; 0x21
    2a8e:	0f c0       	rjmp	.+30     	; 0x2aae <LCD_displayCharacter+0x658>
    2a90:	80 e9       	ldi	r24, 0x90	; 144
    2a92:	91 e0       	ldi	r25, 0x01	; 1
    2a94:	98 a3       	std	Y+32, r25	; 0x20
    2a96:	8f 8f       	std	Y+31, r24	; 0x1f
    2a98:	8f 8d       	ldd	r24, Y+31	; 0x1f
    2a9a:	98 a1       	ldd	r25, Y+32	; 0x20
    2a9c:	01 97       	sbiw	r24, 0x01	; 1
    2a9e:	f1 f7       	brne	.-4      	; 0x2a9c <LCD_displayCharacter+0x646>
    2aa0:	98 a3       	std	Y+32, r25	; 0x20
    2aa2:	8f 8f       	std	Y+31, r24	; 0x1f
		while(__ticks)
		{
			// wait 1/10 ms
			_delay_loop_2(((F_CPU) / 4e3) / 10);
			__ticks --;
    2aa4:	89 a1       	ldd	r24, Y+33	; 0x21
    2aa6:	9a a1       	ldd	r25, Y+34	; 0x22
    2aa8:	01 97       	sbiw	r24, 0x01	; 1
    2aaa:	9a a3       	std	Y+34, r25	; 0x22
    2aac:	89 a3       	std	Y+33, r24	; 0x21
		__ticks = 1;
	else if (__tmp > 65535)
	{
		//	__ticks = requested delay in 1/10 ms
		__ticks = (uint16_t) (__ms * 10.0);
		while(__ticks)
    2aae:	89 a1       	ldd	r24, Y+33	; 0x21
    2ab0:	9a a1       	ldd	r25, Y+34	; 0x22
    2ab2:	00 97       	sbiw	r24, 0x00	; 0
    2ab4:	69 f7       	brne	.-38     	; 0x2a90 <LCD_displayCharacter+0x63a>
    2ab6:	14 c0       	rjmp	.+40     	; 0x2ae0 <LCD_displayCharacter+0x68a>
			__ticks --;
		}
		return;
	}
	else
		__ticks = (uint16_t)__tmp;
    2ab8:	6b a1       	ldd	r22, Y+35	; 0x23
    2aba:	7c a1       	ldd	r23, Y+36	; 0x24
    2abc:	8d a1       	ldd	r24, Y+37	; 0x25
    2abe:	9e a1       	ldd	r25, Y+38	; 0x26
    2ac0:	0e 94 49 00 	call	0x92	; 0x92 <__fixunssfsi>
    2ac4:	dc 01       	movw	r26, r24
    2ac6:	cb 01       	movw	r24, r22
    2ac8:	9a a3       	std	Y+34, r25	; 0x22
    2aca:	89 a3       	std	Y+33, r24	; 0x21
    2acc:	89 a1       	ldd	r24, Y+33	; 0x21
    2ace:	9a a1       	ldd	r25, Y+34	; 0x22
    2ad0:	9e 8f       	std	Y+30, r25	; 0x1e
    2ad2:	8d 8f       	std	Y+29, r24	; 0x1d
    2ad4:	8d 8d       	ldd	r24, Y+29	; 0x1d
    2ad6:	9e 8d       	ldd	r25, Y+30	; 0x1e
    2ad8:	01 97       	sbiw	r24, 0x01	; 1
    2ada:	f1 f7       	brne	.-4      	; 0x2ad8 <LCD_displayCharacter+0x682>
    2adc:	9e 8f       	std	Y+30, r25	; 0x1e
    2ade:	8d 8f       	std	Y+29, r24	; 0x1d
	_delay_ms(1); /* delay for processing Tpw - Tdws = 190ns */

	GPIO_writePin(LCD_DATA_PORT_ID,LCD_DB4_PIN_ID,GET_BIT(data,0));
    2ae0:	fe 01       	movw	r30, r28
    2ae2:	ed 59       	subi	r30, 0x9D	; 157
    2ae4:	ff 4f       	sbci	r31, 0xFF	; 255
    2ae6:	80 81       	ld	r24, Z
    2ae8:	98 2f       	mov	r25, r24
    2aea:	91 70       	andi	r25, 0x01	; 1
    2aec:	80 e0       	ldi	r24, 0x00	; 0
    2aee:	63 e0       	ldi	r22, 0x03	; 3
    2af0:	49 2f       	mov	r20, r25
    2af2:	0e 94 c8 09 	call	0x1390	; 0x1390 <GPIO_writePin>
	GPIO_writePin(LCD_DATA_PORT_ID,LCD_DB5_PIN_ID,GET_BIT(data,1));
    2af6:	fe 01       	movw	r30, r28
    2af8:	ed 59       	subi	r30, 0x9D	; 157
    2afa:	ff 4f       	sbci	r31, 0xFF	; 255
    2afc:	80 81       	ld	r24, Z
    2afe:	88 2f       	mov	r24, r24
    2b00:	90 e0       	ldi	r25, 0x00	; 0
    2b02:	82 70       	andi	r24, 0x02	; 2
    2b04:	90 70       	andi	r25, 0x00	; 0
    2b06:	95 95       	asr	r25
    2b08:	87 95       	ror	r24
    2b0a:	98 2f       	mov	r25, r24
    2b0c:	80 e0       	ldi	r24, 0x00	; 0
    2b0e:	64 e0       	ldi	r22, 0x04	; 4
    2b10:	49 2f       	mov	r20, r25
    2b12:	0e 94 c8 09 	call	0x1390	; 0x1390 <GPIO_writePin>
	GPIO_writePin(LCD_DATA_PORT_ID,LCD_DB6_PIN_ID,GET_BIT(data,2));
    2b16:	fe 01       	movw	r30, r28
    2b18:	ed 59       	subi	r30, 0x9D	; 157
    2b1a:	ff 4f       	sbci	r31, 0xFF	; 255
    2b1c:	80 81       	ld	r24, Z
    2b1e:	88 2f       	mov	r24, r24
    2b20:	90 e0       	ldi	r25, 0x00	; 0
    2b22:	84 70       	andi	r24, 0x04	; 4
    2b24:	90 70       	andi	r25, 0x00	; 0
    2b26:	95 95       	asr	r25
    2b28:	87 95       	ror	r24
    2b2a:	95 95       	asr	r25
    2b2c:	87 95       	ror	r24
    2b2e:	98 2f       	mov	r25, r24
    2b30:	80 e0       	ldi	r24, 0x00	; 0
    2b32:	65 e0       	ldi	r22, 0x05	; 5
    2b34:	49 2f       	mov	r20, r25
    2b36:	0e 94 c8 09 	call	0x1390	; 0x1390 <GPIO_writePin>
	GPIO_writePin(LCD_DATA_PORT_ID,LCD_DB7_PIN_ID,GET_BIT(data,3));
    2b3a:	fe 01       	movw	r30, r28
    2b3c:	ed 59       	subi	r30, 0x9D	; 157
    2b3e:	ff 4f       	sbci	r31, 0xFF	; 255
    2b40:	80 81       	ld	r24, Z
    2b42:	88 2f       	mov	r24, r24
    2b44:	90 e0       	ldi	r25, 0x00	; 0
    2b46:	88 70       	andi	r24, 0x08	; 8
    2b48:	90 70       	andi	r25, 0x00	; 0
    2b4a:	95 95       	asr	r25
    2b4c:	87 95       	ror	r24
    2b4e:	95 95       	asr	r25
    2b50:	87 95       	ror	r24
    2b52:	95 95       	asr	r25
    2b54:	87 95       	ror	r24
    2b56:	98 2f       	mov	r25, r24
    2b58:	80 e0       	ldi	r24, 0x00	; 0
    2b5a:	66 e0       	ldi	r22, 0x06	; 6
    2b5c:	49 2f       	mov	r20, r25
    2b5e:	0e 94 c8 09 	call	0x1390	; 0x1390 <GPIO_writePin>
    2b62:	80 e0       	ldi	r24, 0x00	; 0
    2b64:	90 e0       	ldi	r25, 0x00	; 0
    2b66:	a0 e8       	ldi	r26, 0x80	; 128
    2b68:	bf e3       	ldi	r27, 0x3F	; 63
    2b6a:	89 8f       	std	Y+25, r24	; 0x19
    2b6c:	9a 8f       	std	Y+26, r25	; 0x1a
    2b6e:	ab 8f       	std	Y+27, r26	; 0x1b
    2b70:	bc 8f       	std	Y+28, r27	; 0x1c
 */
void
_delay_ms(double __ms)
{
	uint16_t __ticks;
	double __tmp = ((F_CPU) / 4e3) * __ms;
    2b72:	69 8d       	ldd	r22, Y+25	; 0x19
    2b74:	7a 8d       	ldd	r23, Y+26	; 0x1a
    2b76:	8b 8d       	ldd	r24, Y+27	; 0x1b
    2b78:	9c 8d       	ldd	r25, Y+28	; 0x1c
    2b7a:	20 e0       	ldi	r18, 0x00	; 0
    2b7c:	30 e0       	ldi	r19, 0x00	; 0
    2b7e:	4a e7       	ldi	r20, 0x7A	; 122
    2b80:	55 e4       	ldi	r21, 0x45	; 69
    2b82:	0e 94 1f 02 	call	0x43e	; 0x43e <__mulsf3>
    2b86:	dc 01       	movw	r26, r24
    2b88:	cb 01       	movw	r24, r22
    2b8a:	8d 8b       	std	Y+21, r24	; 0x15
    2b8c:	9e 8b       	std	Y+22, r25	; 0x16
    2b8e:	af 8b       	std	Y+23, r26	; 0x17
    2b90:	b8 8f       	std	Y+24, r27	; 0x18
	if (__tmp < 1.0)
    2b92:	6d 89       	ldd	r22, Y+21	; 0x15
    2b94:	7e 89       	ldd	r23, Y+22	; 0x16
    2b96:	8f 89       	ldd	r24, Y+23	; 0x17
    2b98:	98 8d       	ldd	r25, Y+24	; 0x18
    2b9a:	20 e0       	ldi	r18, 0x00	; 0
    2b9c:	30 e0       	ldi	r19, 0x00	; 0
    2b9e:	40 e8       	ldi	r20, 0x80	; 128
    2ba0:	5f e3       	ldi	r21, 0x3F	; 63
    2ba2:	0e 94 25 04 	call	0x84a	; 0x84a <__ltsf2>
    2ba6:	88 23       	and	r24, r24
    2ba8:	2c f4       	brge	.+10     	; 0x2bb4 <LCD_displayCharacter+0x75e>
		__ticks = 1;
    2baa:	81 e0       	ldi	r24, 0x01	; 1
    2bac:	90 e0       	ldi	r25, 0x00	; 0
    2bae:	9c 8b       	std	Y+20, r25	; 0x14
    2bb0:	8b 8b       	std	Y+19, r24	; 0x13
    2bb2:	3f c0       	rjmp	.+126    	; 0x2c32 <LCD_displayCharacter+0x7dc>
	else if (__tmp > 65535)
    2bb4:	6d 89       	ldd	r22, Y+21	; 0x15
    2bb6:	7e 89       	ldd	r23, Y+22	; 0x16
    2bb8:	8f 89       	ldd	r24, Y+23	; 0x17
    2bba:	98 8d       	ldd	r25, Y+24	; 0x18
    2bbc:	20 e0       	ldi	r18, 0x00	; 0
    2bbe:	3f ef       	ldi	r19, 0xFF	; 255
    2bc0:	4f e7       	ldi	r20, 0x7F	; 127
    2bc2:	57 e4       	ldi	r21, 0x47	; 71
    2bc4:	0e 94 c5 03 	call	0x78a	; 0x78a <__gtsf2>
    2bc8:	18 16       	cp	r1, r24
    2bca:	4c f5       	brge	.+82     	; 0x2c1e <LCD_displayCharacter+0x7c8>
	{
		//	__ticks = requested delay in 1/10 ms
		__ticks = (uint16_t) (__ms * 10.0);
    2bcc:	69 8d       	ldd	r22, Y+25	; 0x19
    2bce:	7a 8d       	ldd	r23, Y+26	; 0x1a
    2bd0:	8b 8d       	ldd	r24, Y+27	; 0x1b
    2bd2:	9c 8d       	ldd	r25, Y+28	; 0x1c
    2bd4:	20 e0       	ldi	r18, 0x00	; 0
    2bd6:	30 e0       	ldi	r19, 0x00	; 0
    2bd8:	40 e2       	ldi	r20, 0x20	; 32
    2bda:	51 e4       	ldi	r21, 0x41	; 65
    2bdc:	0e 94 1f 02 	call	0x43e	; 0x43e <__mulsf3>
    2be0:	dc 01       	movw	r26, r24
    2be2:	cb 01       	movw	r24, r22
    2be4:	bc 01       	movw	r22, r24
    2be6:	cd 01       	movw	r24, r26
    2be8:	0e 94 49 00 	call	0x92	; 0x92 <__fixunssfsi>
    2bec:	dc 01       	movw	r26, r24
    2bee:	cb 01       	movw	r24, r22
    2bf0:	9c 8b       	std	Y+20, r25	; 0x14
    2bf2:	8b 8b       	std	Y+19, r24	; 0x13
    2bf4:	0f c0       	rjmp	.+30     	; 0x2c14 <LCD_displayCharacter+0x7be>
    2bf6:	80 e9       	ldi	r24, 0x90	; 144
    2bf8:	91 e0       	ldi	r25, 0x01	; 1
    2bfa:	9a 8b       	std	Y+18, r25	; 0x12
    2bfc:	89 8b       	std	Y+17, r24	; 0x11
    2bfe:	89 89       	ldd	r24, Y+17	; 0x11
    2c00:	9a 89       	ldd	r25, Y+18	; 0x12
    2c02:	01 97       	sbiw	r24, 0x01	; 1
    2c04:	f1 f7       	brne	.-4      	; 0x2c02 <LCD_displayCharacter+0x7ac>
    2c06:	9a 8b       	std	Y+18, r25	; 0x12
    2c08:	89 8b       	std	Y+17, r24	; 0x11
		while(__ticks)
		{
			// wait 1/10 ms
			_delay_loop_2(((F_CPU) / 4e3) / 10);
			__ticks --;
    2c0a:	8b 89       	ldd	r24, Y+19	; 0x13
    2c0c:	9c 89       	ldd	r25, Y+20	; 0x14
    2c0e:	01 97       	sbiw	r24, 0x01	; 1
    2c10:	9c 8b       	std	Y+20, r25	; 0x14
    2c12:	8b 8b       	std	Y+19, r24	; 0x13
		__ticks = 1;
	else if (__tmp > 65535)
	{
		//	__ticks = requested delay in 1/10 ms
		__ticks = (uint16_t) (__ms * 10.0);
		while(__ticks)
    2c14:	8b 89       	ldd	r24, Y+19	; 0x13
    2c16:	9c 89       	ldd	r25, Y+20	; 0x14
    2c18:	00 97       	sbiw	r24, 0x00	; 0
    2c1a:	69 f7       	brne	.-38     	; 0x2bf6 <LCD_displayCharacter+0x7a0>
    2c1c:	14 c0       	rjmp	.+40     	; 0x2c46 <LCD_displayCharacter+0x7f0>
			__ticks --;
		}
		return;
	}
	else
		__ticks = (uint16_t)__tmp;
    2c1e:	6d 89       	ldd	r22, Y+21	; 0x15
    2c20:	7e 89       	ldd	r23, Y+22	; 0x16
    2c22:	8f 89       	ldd	r24, Y+23	; 0x17
    2c24:	98 8d       	ldd	r25, Y+24	; 0x18
    2c26:	0e 94 49 00 	call	0x92	; 0x92 <__fixunssfsi>
    2c2a:	dc 01       	movw	r26, r24
    2c2c:	cb 01       	movw	r24, r22
    2c2e:	9c 8b       	std	Y+20, r25	; 0x14
    2c30:	8b 8b       	std	Y+19, r24	; 0x13
    2c32:	8b 89       	ldd	r24, Y+19	; 0x13
    2c34:	9c 89       	ldd	r25, Y+20	; 0x14
    2c36:	98 8b       	std	Y+16, r25	; 0x10
    2c38:	8f 87       	std	Y+15, r24	; 0x0f
    2c3a:	8f 85       	ldd	r24, Y+15	; 0x0f
    2c3c:	98 89       	ldd	r25, Y+16	; 0x10
    2c3e:	01 97       	sbiw	r24, 0x01	; 1
    2c40:	f1 f7       	brne	.-4      	; 0x2c3e <LCD_displayCharacter+0x7e8>
    2c42:	98 8b       	std	Y+16, r25	; 0x10
    2c44:	8f 87       	std	Y+15, r24	; 0x0f

	_delay_ms(1); /* delay for processing Tdsw = 100ns */
	GPIO_writePin(LCD_E_PORT_ID,LCD_E_PIN_ID,LOGIC_LOW); /* Disable LCD E=0 */
    2c46:	80 e0       	ldi	r24, 0x00	; 0
    2c48:	62 e0       	ldi	r22, 0x02	; 2
    2c4a:	40 e0       	ldi	r20, 0x00	; 0
    2c4c:	0e 94 c8 09 	call	0x1390	; 0x1390 <GPIO_writePin>
    2c50:	80 e0       	ldi	r24, 0x00	; 0
    2c52:	90 e0       	ldi	r25, 0x00	; 0
    2c54:	a0 e8       	ldi	r26, 0x80	; 128
    2c56:	bf e3       	ldi	r27, 0x3F	; 63
    2c58:	8b 87       	std	Y+11, r24	; 0x0b
    2c5a:	9c 87       	std	Y+12, r25	; 0x0c
    2c5c:	ad 87       	std	Y+13, r26	; 0x0d
    2c5e:	be 87       	std	Y+14, r27	; 0x0e
 */
void
_delay_ms(double __ms)
{
	uint16_t __ticks;
	double __tmp = ((F_CPU) / 4e3) * __ms;
    2c60:	6b 85       	ldd	r22, Y+11	; 0x0b
    2c62:	7c 85       	ldd	r23, Y+12	; 0x0c
    2c64:	8d 85       	ldd	r24, Y+13	; 0x0d
    2c66:	9e 85       	ldd	r25, Y+14	; 0x0e
    2c68:	20 e0       	ldi	r18, 0x00	; 0
    2c6a:	30 e0       	ldi	r19, 0x00	; 0
    2c6c:	4a e7       	ldi	r20, 0x7A	; 122
    2c6e:	55 e4       	ldi	r21, 0x45	; 69
    2c70:	0e 94 1f 02 	call	0x43e	; 0x43e <__mulsf3>
    2c74:	dc 01       	movw	r26, r24
    2c76:	cb 01       	movw	r24, r22
    2c78:	8f 83       	std	Y+7, r24	; 0x07
    2c7a:	98 87       	std	Y+8, r25	; 0x08
    2c7c:	a9 87       	std	Y+9, r26	; 0x09
    2c7e:	ba 87       	std	Y+10, r27	; 0x0a
	if (__tmp < 1.0)
    2c80:	6f 81       	ldd	r22, Y+7	; 0x07
    2c82:	78 85       	ldd	r23, Y+8	; 0x08
    2c84:	89 85       	ldd	r24, Y+9	; 0x09
    2c86:	9a 85       	ldd	r25, Y+10	; 0x0a
    2c88:	20 e0       	ldi	r18, 0x00	; 0
    2c8a:	30 e0       	ldi	r19, 0x00	; 0
    2c8c:	40 e8       	ldi	r20, 0x80	; 128
    2c8e:	5f e3       	ldi	r21, 0x3F	; 63
    2c90:	0e 94 25 04 	call	0x84a	; 0x84a <__ltsf2>
    2c94:	88 23       	and	r24, r24
    2c96:	2c f4       	brge	.+10     	; 0x2ca2 <LCD_displayCharacter+0x84c>
		__ticks = 1;
    2c98:	81 e0       	ldi	r24, 0x01	; 1
    2c9a:	90 e0       	ldi	r25, 0x00	; 0
    2c9c:	9e 83       	std	Y+6, r25	; 0x06
    2c9e:	8d 83       	std	Y+5, r24	; 0x05
    2ca0:	3f c0       	rjmp	.+126    	; 0x2d20 <LCD_displayCharacter+0x8ca>
	else if (__tmp > 65535)
    2ca2:	6f 81       	ldd	r22, Y+7	; 0x07
    2ca4:	78 85       	ldd	r23, Y+8	; 0x08
    2ca6:	89 85       	ldd	r24, Y+9	; 0x09
    2ca8:	9a 85       	ldd	r25, Y+10	; 0x0a
    2caa:	20 e0       	ldi	r18, 0x00	; 0
    2cac:	3f ef       	ldi	r19, 0xFF	; 255
    2cae:	4f e7       	ldi	r20, 0x7F	; 127
    2cb0:	57 e4       	ldi	r21, 0x47	; 71
    2cb2:	0e 94 c5 03 	call	0x78a	; 0x78a <__gtsf2>
    2cb6:	18 16       	cp	r1, r24
    2cb8:	4c f5       	brge	.+82     	; 0x2d0c <LCD_displayCharacter+0x8b6>
	{
		//	__ticks = requested delay in 1/10 ms
		__ticks = (uint16_t) (__ms * 10.0);
    2cba:	6b 85       	ldd	r22, Y+11	; 0x0b
    2cbc:	7c 85       	ldd	r23, Y+12	; 0x0c
    2cbe:	8d 85       	ldd	r24, Y+13	; 0x0d
    2cc0:	9e 85       	ldd	r25, Y+14	; 0x0e
    2cc2:	20 e0       	ldi	r18, 0x00	; 0
    2cc4:	30 e0       	ldi	r19, 0x00	; 0
    2cc6:	40 e2       	ldi	r20, 0x20	; 32
    2cc8:	51 e4       	ldi	r21, 0x41	; 65
    2cca:	0e 94 1f 02 	call	0x43e	; 0x43e <__mulsf3>
    2cce:	dc 01       	movw	r26, r24
    2cd0:	cb 01       	movw	r24, r22
    2cd2:	bc 01       	movw	r22, r24
    2cd4:	cd 01       	movw	r24, r26
    2cd6:	0e 94 49 00 	call	0x92	; 0x92 <__fixunssfsi>
    2cda:	dc 01       	movw	r26, r24
    2cdc:	cb 01       	movw	r24, r22
    2cde:	9e 83       	std	Y+6, r25	; 0x06
    2ce0:	8d 83       	std	Y+5, r24	; 0x05
    2ce2:	0f c0       	rjmp	.+30     	; 0x2d02 <LCD_displayCharacter+0x8ac>
    2ce4:	80 e9       	ldi	r24, 0x90	; 144
    2ce6:	91 e0       	ldi	r25, 0x01	; 1
    2ce8:	9c 83       	std	Y+4, r25	; 0x04
    2cea:	8b 83       	std	Y+3, r24	; 0x03
    2cec:	8b 81       	ldd	r24, Y+3	; 0x03
    2cee:	9c 81       	ldd	r25, Y+4	; 0x04
    2cf0:	01 97       	sbiw	r24, 0x01	; 1
    2cf2:	f1 f7       	brne	.-4      	; 0x2cf0 <LCD_displayCharacter+0x89a>
    2cf4:	9c 83       	std	Y+4, r25	; 0x04
    2cf6:	8b 83       	std	Y+3, r24	; 0x03
		while(__ticks)
		{
			// wait 1/10 ms
			_delay_loop_2(((F_CPU) / 4e3) / 10);
			__ticks --;
    2cf8:	8d 81       	ldd	r24, Y+5	; 0x05
    2cfa:	9e 81       	ldd	r25, Y+6	; 0x06
    2cfc:	01 97       	sbiw	r24, 0x01	; 1
    2cfe:	9e 83       	std	Y+6, r25	; 0x06
    2d00:	8d 83       	std	Y+5, r24	; 0x05
		__ticks = 1;
	else if (__tmp > 65535)
	{
		//	__ticks = requested delay in 1/10 ms
		__ticks = (uint16_t) (__ms * 10.0);
		while(__ticks)
    2d02:	8d 81       	ldd	r24, Y+5	; 0x05
    2d04:	9e 81       	ldd	r25, Y+6	; 0x06
    2d06:	00 97       	sbiw	r24, 0x00	; 0
    2d08:	69 f7       	brne	.-38     	; 0x2ce4 <LCD_displayCharacter+0x88e>
    2d0a:	14 c0       	rjmp	.+40     	; 0x2d34 <LCD_displayCharacter+0x8de>
			__ticks --;
		}
		return;
	}
	else
		__ticks = (uint16_t)__tmp;
    2d0c:	6f 81       	ldd	r22, Y+7	; 0x07
    2d0e:	78 85       	ldd	r23, Y+8	; 0x08
    2d10:	89 85       	ldd	r24, Y+9	; 0x09
    2d12:	9a 85       	ldd	r25, Y+10	; 0x0a
    2d14:	0e 94 49 00 	call	0x92	; 0x92 <__fixunssfsi>
    2d18:	dc 01       	movw	r26, r24
    2d1a:	cb 01       	movw	r24, r22
    2d1c:	9e 83       	std	Y+6, r25	; 0x06
    2d1e:	8d 83       	std	Y+5, r24	; 0x05
    2d20:	8d 81       	ldd	r24, Y+5	; 0x05
    2d22:	9e 81       	ldd	r25, Y+6	; 0x06
    2d24:	9a 83       	std	Y+2, r25	; 0x02
    2d26:	89 83       	std	Y+1, r24	; 0x01
    2d28:	89 81       	ldd	r24, Y+1	; 0x01
    2d2a:	9a 81       	ldd	r25, Y+2	; 0x02
    2d2c:	01 97       	sbiw	r24, 0x01	; 1
    2d2e:	f1 f7       	brne	.-4      	; 0x2d2c <LCD_displayCharacter+0x8d6>
    2d30:	9a 83       	std	Y+2, r25	; 0x02
    2d32:	89 83       	std	Y+1, r24	; 0x01
	GPIO_writePort(LCD_DATA_PORT_ID,data); /* out the required command to the data bus D0 --> D7 */
	_delay_ms(1); /* delay for processing Tdsw = 100ns */
	GPIO_writePin(LCD_E_PORT_ID,LCD_E_PIN_ID,LOGIC_LOW); /* Disable LCD E=0 */
	_delay_ms(1); /* delay for processing Th = 13ns */
#endif
}
    2d34:	cd 59       	subi	r28, 0x9D	; 157
    2d36:	df 4f       	sbci	r29, 0xFF	; 255
    2d38:	0f b6       	in	r0, 0x3f	; 63
    2d3a:	f8 94       	cli
    2d3c:	de bf       	out	0x3e, r29	; 62
    2d3e:	0f be       	out	0x3f, r0	; 63
    2d40:	cd bf       	out	0x3d, r28	; 61
    2d42:	cf 91       	pop	r28
    2d44:	df 91       	pop	r29
    2d46:	1f 91       	pop	r17
    2d48:	0f 91       	pop	r16
    2d4a:	08 95       	ret

00002d4c <LCD_displayString>:
/*
 * Description :
 * Display the required string on the screen
 */
void LCD_displayString(const char *Str)
{
    2d4c:	df 93       	push	r29
    2d4e:	cf 93       	push	r28
    2d50:	00 d0       	rcall	.+0      	; 0x2d52 <LCD_displayString+0x6>
    2d52:	0f 92       	push	r0
    2d54:	cd b7       	in	r28, 0x3d	; 61
    2d56:	de b7       	in	r29, 0x3e	; 62
    2d58:	9b 83       	std	Y+3, r25	; 0x03
    2d5a:	8a 83       	std	Y+2, r24	; 0x02
	uint8 i = 0;
    2d5c:	19 82       	std	Y+1, r1	; 0x01
    2d5e:	0e c0       	rjmp	.+28     	; 0x2d7c <LCD_displayString+0x30>
	while(Str[i] != '\0')
	{
		LCD_displayCharacter(Str[i]);
    2d60:	89 81       	ldd	r24, Y+1	; 0x01
    2d62:	28 2f       	mov	r18, r24
    2d64:	30 e0       	ldi	r19, 0x00	; 0
    2d66:	8a 81       	ldd	r24, Y+2	; 0x02
    2d68:	9b 81       	ldd	r25, Y+3	; 0x03
    2d6a:	fc 01       	movw	r30, r24
    2d6c:	e2 0f       	add	r30, r18
    2d6e:	f3 1f       	adc	r31, r19
    2d70:	80 81       	ld	r24, Z
    2d72:	0e 94 2b 12 	call	0x2456	; 0x2456 <LCD_displayCharacter>
		i++;
    2d76:	89 81       	ldd	r24, Y+1	; 0x01
    2d78:	8f 5f       	subi	r24, 0xFF	; 255
    2d7a:	89 83       	std	Y+1, r24	; 0x01
 * Display the required string on the screen
 */
void LCD_displayString(const char *Str)
{
	uint8 i = 0;
	while(Str[i] != '\0')
    2d7c:	89 81       	ldd	r24, Y+1	; 0x01
    2d7e:	28 2f       	mov	r18, r24
    2d80:	30 e0       	ldi	r19, 0x00	; 0
    2d82:	8a 81       	ldd	r24, Y+2	; 0x02
    2d84:	9b 81       	ldd	r25, Y+3	; 0x03
    2d86:	fc 01       	movw	r30, r24
    2d88:	e2 0f       	add	r30, r18
    2d8a:	f3 1f       	adc	r31, r19
    2d8c:	80 81       	ld	r24, Z
    2d8e:	88 23       	and	r24, r24
    2d90:	39 f7       	brne	.-50     	; 0x2d60 <LCD_displayString+0x14>
	{
		LCD_displayCharacter(*Str);
		Str++;
	}		
	*********************************************************/
}
    2d92:	0f 90       	pop	r0
    2d94:	0f 90       	pop	r0
    2d96:	0f 90       	pop	r0
    2d98:	cf 91       	pop	r28
    2d9a:	df 91       	pop	r29
    2d9c:	08 95       	ret

00002d9e <LCD_moveCursor>:
/*
 * Description :
 * Move the cursor to a specified row and column index on the screen
 */
void LCD_moveCursor(uint8 row,uint8 col)
{
    2d9e:	df 93       	push	r29
    2da0:	cf 93       	push	r28
    2da2:	00 d0       	rcall	.+0      	; 0x2da4 <LCD_moveCursor+0x6>
    2da4:	00 d0       	rcall	.+0      	; 0x2da6 <LCD_moveCursor+0x8>
    2da6:	0f 92       	push	r0
    2da8:	cd b7       	in	r28, 0x3d	; 61
    2daa:	de b7       	in	r29, 0x3e	; 62
    2dac:	8a 83       	std	Y+2, r24	; 0x02
    2dae:	6b 83       	std	Y+3, r22	; 0x03
	uint8 lcd_memory_address;
	
	/* Calculate the required address in the LCD DDRAM */
	switch(row)
    2db0:	8a 81       	ldd	r24, Y+2	; 0x02
    2db2:	28 2f       	mov	r18, r24
    2db4:	30 e0       	ldi	r19, 0x00	; 0
    2db6:	3d 83       	std	Y+5, r19	; 0x05
    2db8:	2c 83       	std	Y+4, r18	; 0x04
    2dba:	8c 81       	ldd	r24, Y+4	; 0x04
    2dbc:	9d 81       	ldd	r25, Y+5	; 0x05
    2dbe:	81 30       	cpi	r24, 0x01	; 1
    2dc0:	91 05       	cpc	r25, r1
    2dc2:	c1 f0       	breq	.+48     	; 0x2df4 <LCD_moveCursor+0x56>
    2dc4:	2c 81       	ldd	r18, Y+4	; 0x04
    2dc6:	3d 81       	ldd	r19, Y+5	; 0x05
    2dc8:	22 30       	cpi	r18, 0x02	; 2
    2dca:	31 05       	cpc	r19, r1
    2dcc:	2c f4       	brge	.+10     	; 0x2dd8 <LCD_moveCursor+0x3a>
    2dce:	8c 81       	ldd	r24, Y+4	; 0x04
    2dd0:	9d 81       	ldd	r25, Y+5	; 0x05
    2dd2:	00 97       	sbiw	r24, 0x00	; 0
    2dd4:	61 f0       	breq	.+24     	; 0x2dee <LCD_moveCursor+0x50>
    2dd6:	19 c0       	rjmp	.+50     	; 0x2e0a <LCD_moveCursor+0x6c>
    2dd8:	2c 81       	ldd	r18, Y+4	; 0x04
    2dda:	3d 81       	ldd	r19, Y+5	; 0x05
    2ddc:	22 30       	cpi	r18, 0x02	; 2
    2dde:	31 05       	cpc	r19, r1
    2de0:	69 f0       	breq	.+26     	; 0x2dfc <LCD_moveCursor+0x5e>
    2de2:	8c 81       	ldd	r24, Y+4	; 0x04
    2de4:	9d 81       	ldd	r25, Y+5	; 0x05
    2de6:	83 30       	cpi	r24, 0x03	; 3
    2de8:	91 05       	cpc	r25, r1
    2dea:	61 f0       	breq	.+24     	; 0x2e04 <LCD_moveCursor+0x66>
    2dec:	0e c0       	rjmp	.+28     	; 0x2e0a <LCD_moveCursor+0x6c>
	{
		case 0:
			lcd_memory_address=col;
    2dee:	8b 81       	ldd	r24, Y+3	; 0x03
    2df0:	89 83       	std	Y+1, r24	; 0x01
    2df2:	0b c0       	rjmp	.+22     	; 0x2e0a <LCD_moveCursor+0x6c>
				break;
		case 1:
			lcd_memory_address=col+0x40;
    2df4:	8b 81       	ldd	r24, Y+3	; 0x03
    2df6:	80 5c       	subi	r24, 0xC0	; 192
    2df8:	89 83       	std	Y+1, r24	; 0x01
    2dfa:	07 c0       	rjmp	.+14     	; 0x2e0a <LCD_moveCursor+0x6c>
				break;
		case 2:
			lcd_memory_address=col+0x10;
    2dfc:	8b 81       	ldd	r24, Y+3	; 0x03
    2dfe:	80 5f       	subi	r24, 0xF0	; 240
    2e00:	89 83       	std	Y+1, r24	; 0x01
    2e02:	03 c0       	rjmp	.+6      	; 0x2e0a <LCD_moveCursor+0x6c>
				break;
		case 3:
			lcd_memory_address=col+0x50;
    2e04:	8b 81       	ldd	r24, Y+3	; 0x03
    2e06:	80 5b       	subi	r24, 0xB0	; 176
    2e08:	89 83       	std	Y+1, r24	; 0x01
				break;
	}					
	/* Move the LCD cursor to this specific address */
	LCD_sendCommand(lcd_memory_address | LCD_SET_CURSOR_LOCATION);
    2e0a:	89 81       	ldd	r24, Y+1	; 0x01
    2e0c:	80 68       	ori	r24, 0x80	; 128
    2e0e:	0e 94 b0 0d 	call	0x1b60	; 0x1b60 <LCD_sendCommand>
}
    2e12:	0f 90       	pop	r0
    2e14:	0f 90       	pop	r0
    2e16:	0f 90       	pop	r0
    2e18:	0f 90       	pop	r0
    2e1a:	0f 90       	pop	r0
    2e1c:	cf 91       	pop	r28
    2e1e:	df 91       	pop	r29
    2e20:	08 95       	ret

00002e22 <LCD_displayStringRowColumn>:
/*
 * Description :
 * Display the required string in a specified row and column index on the screen
 */
void LCD_displayStringRowColumn(uint8 row,uint8 col,const char *Str)
{
    2e22:	df 93       	push	r29
    2e24:	cf 93       	push	r28
    2e26:	00 d0       	rcall	.+0      	; 0x2e28 <LCD_displayStringRowColumn+0x6>
    2e28:	00 d0       	rcall	.+0      	; 0x2e2a <LCD_displayStringRowColumn+0x8>
    2e2a:	cd b7       	in	r28, 0x3d	; 61
    2e2c:	de b7       	in	r29, 0x3e	; 62
    2e2e:	89 83       	std	Y+1, r24	; 0x01
    2e30:	6a 83       	std	Y+2, r22	; 0x02
    2e32:	5c 83       	std	Y+4, r21	; 0x04
    2e34:	4b 83       	std	Y+3, r20	; 0x03
	LCD_moveCursor(row,col); /* go to to the required LCD position */
    2e36:	89 81       	ldd	r24, Y+1	; 0x01
    2e38:	6a 81       	ldd	r22, Y+2	; 0x02
    2e3a:	0e 94 cf 16 	call	0x2d9e	; 0x2d9e <LCD_moveCursor>
	LCD_displayString(Str); /* display the string */
    2e3e:	8b 81       	ldd	r24, Y+3	; 0x03
    2e40:	9c 81       	ldd	r25, Y+4	; 0x04
    2e42:	0e 94 a6 16 	call	0x2d4c	; 0x2d4c <LCD_displayString>
}
    2e46:	0f 90       	pop	r0
    2e48:	0f 90       	pop	r0
    2e4a:	0f 90       	pop	r0
    2e4c:	0f 90       	pop	r0
    2e4e:	cf 91       	pop	r28
    2e50:	df 91       	pop	r29
    2e52:	08 95       	ret

00002e54 <LCD_intgerToString>:
/*
 * Description :
 * Display the required decimal value on the screen
 */
void LCD_intgerToString(int data)
{
    2e54:	df 93       	push	r29
    2e56:	cf 93       	push	r28
    2e58:	cd b7       	in	r28, 0x3d	; 61
    2e5a:	de b7       	in	r29, 0x3e	; 62
    2e5c:	62 97       	sbiw	r28, 0x12	; 18
    2e5e:	0f b6       	in	r0, 0x3f	; 63
    2e60:	f8 94       	cli
    2e62:	de bf       	out	0x3e, r29	; 62
    2e64:	0f be       	out	0x3f, r0	; 63
    2e66:	cd bf       	out	0x3d, r28	; 61
    2e68:	9a 8b       	std	Y+18, r25	; 0x12
    2e6a:	89 8b       	std	Y+17, r24	; 0x11
   char buff[16]; /* String to hold the ascii result */
   itoa(data,buff,10); /* Use itoa C function to convert the data to its corresponding ASCII value, 10 for decimal */
    2e6c:	89 89       	ldd	r24, Y+17	; 0x11
    2e6e:	9a 89       	ldd	r25, Y+18	; 0x12
    2e70:	9e 01       	movw	r18, r28
    2e72:	2f 5f       	subi	r18, 0xFF	; 255
    2e74:	3f 4f       	sbci	r19, 0xFF	; 255
    2e76:	b9 01       	movw	r22, r18
    2e78:	4a e0       	ldi	r20, 0x0A	; 10
    2e7a:	50 e0       	ldi	r21, 0x00	; 0
    2e7c:	0e 94 9c 19 	call	0x3338	; 0x3338 <itoa>
   LCD_displayString(buff); /* Display the string */
    2e80:	ce 01       	movw	r24, r28
    2e82:	01 96       	adiw	r24, 0x01	; 1
    2e84:	0e 94 a6 16 	call	0x2d4c	; 0x2d4c <LCD_displayString>
}
    2e88:	62 96       	adiw	r28, 0x12	; 18
    2e8a:	0f b6       	in	r0, 0x3f	; 63
    2e8c:	f8 94       	cli
    2e8e:	de bf       	out	0x3e, r29	; 62
    2e90:	0f be       	out	0x3f, r0	; 63
    2e92:	cd bf       	out	0x3d, r28	; 61
    2e94:	cf 91       	pop	r28
    2e96:	df 91       	pop	r29
    2e98:	08 95       	ret

00002e9a <LCD_clearScreen>:
/*
 * Description :
 * Send the clear screen command
 */
void LCD_clearScreen(void)
{
    2e9a:	df 93       	push	r29
    2e9c:	cf 93       	push	r28
    2e9e:	cd b7       	in	r28, 0x3d	; 61
    2ea0:	de b7       	in	r29, 0x3e	; 62
	LCD_sendCommand(LCD_CLEAR_COMMAND); /* Send clear display command */
    2ea2:	81 e0       	ldi	r24, 0x01	; 1
    2ea4:	0e 94 b0 0d 	call	0x1b60	; 0x1b60 <LCD_sendCommand>
}
    2ea8:	cf 91       	pop	r28
    2eaa:	df 91       	pop	r29
    2eac:	08 95       	ret

00002eae <LED_init>:
#include "led.h"
/* Description
 * Initializes all LEDs (red, green, blue) pins direction.
 * Turn off all the LEDs.
 * */
void LED_init(void){
    2eae:	df 93       	push	r29
    2eb0:	cf 93       	push	r28
    2eb2:	cd b7       	in	r28, 0x3d	; 61
    2eb4:	de b7       	in	r29, 0x3e	; 62
	GPIO_setupPinDirection(LED_PORT, LED_RED, PIN_OUTPUT);
    2eb6:	82 e0       	ldi	r24, 0x02	; 2
    2eb8:	60 e0       	ldi	r22, 0x00	; 0
    2eba:	41 e0       	ldi	r20, 0x01	; 1
    2ebc:	0e 94 dd 08 	call	0x11ba	; 0x11ba <GPIO_setupPinDirection>
	GPIO_setupPinDirection(LED_PORT, LED_GREEN, PIN_OUTPUT);
    2ec0:	82 e0       	ldi	r24, 0x02	; 2
    2ec2:	61 e0       	ldi	r22, 0x01	; 1
    2ec4:	41 e0       	ldi	r20, 0x01	; 1
    2ec6:	0e 94 dd 08 	call	0x11ba	; 0x11ba <GPIO_setupPinDirection>
	GPIO_setupPinDirection(LED_PORT, LED_BLUE, PIN_OUTPUT);
    2eca:	82 e0       	ldi	r24, 0x02	; 2
    2ecc:	62 e0       	ldi	r22, 0x02	; 2
    2ece:	41 e0       	ldi	r20, 0x01	; 1
    2ed0:	0e 94 dd 08 	call	0x11ba	; 0x11ba <GPIO_setupPinDirection>

	GPIO_writePin(LED_PORT, LED_RED, LOGIC_LOW);
    2ed4:	82 e0       	ldi	r24, 0x02	; 2
    2ed6:	60 e0       	ldi	r22, 0x00	; 0
    2ed8:	40 e0       	ldi	r20, 0x00	; 0
    2eda:	0e 94 c8 09 	call	0x1390	; 0x1390 <GPIO_writePin>
	GPIO_writePin(LED_PORT, LED_GREEN, LOGIC_LOW);
    2ede:	82 e0       	ldi	r24, 0x02	; 2
    2ee0:	61 e0       	ldi	r22, 0x01	; 1
    2ee2:	40 e0       	ldi	r20, 0x00	; 0
    2ee4:	0e 94 c8 09 	call	0x1390	; 0x1390 <GPIO_writePin>
	GPIO_writePin(LED_PORT, LED_BLUE, LOGIC_LOW);
    2ee8:	82 e0       	ldi	r24, 0x02	; 2
    2eea:	62 e0       	ldi	r22, 0x02	; 2
    2eec:	40 e0       	ldi	r20, 0x00	; 0
    2eee:	0e 94 c8 09 	call	0x1390	; 0x1390 <GPIO_writePin>
}
    2ef2:	cf 91       	pop	r28
    2ef4:	df 91       	pop	r29
    2ef6:	08 95       	ret

00002ef8 <LED_on>:
/* Description
 * Turns on the specified LED
 * */
void LED_on(LED_ID id){
    2ef8:	df 93       	push	r29
    2efa:	cf 93       	push	r28
    2efc:	0f 92       	push	r0
    2efe:	cd b7       	in	r28, 0x3d	; 61
    2f00:	de b7       	in	r29, 0x3e	; 62
    2f02:	89 83       	std	Y+1, r24	; 0x01
	GPIO_writePin(LED_PORT, id, LED_ON);
    2f04:	82 e0       	ldi	r24, 0x02	; 2
    2f06:	69 81       	ldd	r22, Y+1	; 0x01
    2f08:	41 e0       	ldi	r20, 0x01	; 1
    2f0a:	0e 94 c8 09 	call	0x1390	; 0x1390 <GPIO_writePin>
}
    2f0e:	0f 90       	pop	r0
    2f10:	cf 91       	pop	r28
    2f12:	df 91       	pop	r29
    2f14:	08 95       	ret

00002f16 <LED_off>:
/* Description
 * Turns off the specified LED
 * */
void LED_off(LED_ID id){
    2f16:	df 93       	push	r29
    2f18:	cf 93       	push	r28
    2f1a:	0f 92       	push	r0
    2f1c:	cd b7       	in	r28, 0x3d	; 61
    2f1e:	de b7       	in	r29, 0x3e	; 62
    2f20:	89 83       	std	Y+1, r24	; 0x01
	GPIO_writePin(LED_PORT, id, LED_OFF);
    2f22:	82 e0       	ldi	r24, 0x02	; 2
    2f24:	69 81       	ldd	r22, Y+1	; 0x01
    2f26:	40 e0       	ldi	r20, 0x00	; 0
    2f28:	0e 94 c8 09 	call	0x1390	; 0x1390 <GPIO_writePin>
}
    2f2c:	0f 90       	pop	r0
    2f2e:	cf 91       	pop	r28
    2f30:	df 91       	pop	r29
    2f32:	08 95       	ret

00002f34 <Ultrasonic_init>:
 * 1. Initialize ICU driver
 * 2. Set ICU callback function
 * 3. Configure trigger pin as output
 */
void Ultrasonic_init(void)
{
    2f34:	df 93       	push	r29
    2f36:	cf 93       	push	r28
    2f38:	00 d0       	rcall	.+0      	; 0x2f3a <Ultrasonic_init+0x6>
    2f3a:	cd b7       	in	r28, 0x3d	; 61
    2f3c:	de b7       	in	r29, 0x3e	; 62
	/*
	 * The ICU should be configured with a frequency of F_CPU/8 and set to
	 * detect the rising edge as the first edge.
	 */
	ICU_ConfigType config1 = {F_CPU_8, RISING};
    2f3e:	82 e0       	ldi	r24, 0x02	; 2
    2f40:	89 83       	std	Y+1, r24	; 0x01
    2f42:	81 e0       	ldi	r24, 0x01	; 1
    2f44:	8a 83       	std	Y+2, r24	; 0x02
	ICU_init(&config1);
    2f46:	ce 01       	movw	r24, r28
    2f48:	01 96       	adiw	r24, 0x01	; 1
    2f4a:	0e 94 4e 0c 	call	0x189c	; 0x189c <ICU_init>

	ICU_setCallBack(Ultrasonic_edgeProcessing);
    2f4e:	8e e3       	ldi	r24, 0x3E	; 62
    2f50:	99 e1       	ldi	r25, 0x19	; 25
    2f52:	0e 94 97 0c 	call	0x192e	; 0x192e <ICU_setCallBack>

	GPIO_setupPinDirection(ULTRASONIC_TRIGGER_PORT_ID, ULTRASONIC_TRIGGER_PIN_ID, PIN_OUTPUT);
    2f56:	83 e0       	ldi	r24, 0x03	; 3
    2f58:	67 e0       	ldi	r22, 0x07	; 7
    2f5a:	41 e0       	ldi	r20, 0x01	; 1
    2f5c:	0e 94 dd 08 	call	0x11ba	; 0x11ba <GPIO_setupPinDirection>
}
    2f60:	0f 90       	pop	r0
    2f62:	0f 90       	pop	r0
    2f64:	cf 91       	pop	r28
    2f66:	df 91       	pop	r29
    2f68:	08 95       	ret

00002f6a <Ultrasonic_Trigger>:
/*
 * Send the trigger pulse to the ultrasonic sensor.
 */
void Ultrasonic_Trigger(void)
{
    2f6a:	df 93       	push	r29
    2f6c:	cf 93       	push	r28
    2f6e:	cd b7       	in	r28, 0x3d	; 61
    2f70:	de b7       	in	r29, 0x3e	; 62
    2f72:	68 97       	sbiw	r28, 0x18	; 24
    2f74:	0f b6       	in	r0, 0x3f	; 63
    2f76:	f8 94       	cli
    2f78:	de bf       	out	0x3e, r29	; 62
    2f7a:	0f be       	out	0x3f, r0	; 63
    2f7c:	cd bf       	out	0x3d, r28	; 61
	GPIO_writePin(ULTRASONIC_TRIGGER_PORT_ID, ULTRASONIC_TRIGGER_PIN_ID, LOGIC_HIGH);
    2f7e:	83 e0       	ldi	r24, 0x03	; 3
    2f80:	67 e0       	ldi	r22, 0x07	; 7
    2f82:	41 e0       	ldi	r20, 0x01	; 1
    2f84:	0e 94 c8 09 	call	0x1390	; 0x1390 <GPIO_writePin>
    2f88:	80 e0       	ldi	r24, 0x00	; 0
    2f8a:	90 e0       	ldi	r25, 0x00	; 0
    2f8c:	a0 e2       	ldi	r26, 0x20	; 32
    2f8e:	b1 e4       	ldi	r27, 0x41	; 65
    2f90:	8d 8b       	std	Y+21, r24	; 0x15
    2f92:	9e 8b       	std	Y+22, r25	; 0x16
    2f94:	af 8b       	std	Y+23, r26	; 0x17
    2f96:	b8 8f       	std	Y+24, r27	; 0x18
 */
void
_delay_us(double __us)
{
	uint8_t __ticks;
	double __tmp = ((F_CPU) / 3e6) * __us;
    2f98:	6d 89       	ldd	r22, Y+21	; 0x15
    2f9a:	7e 89       	ldd	r23, Y+22	; 0x16
    2f9c:	8f 89       	ldd	r24, Y+23	; 0x17
    2f9e:	98 8d       	ldd	r25, Y+24	; 0x18
    2fa0:	2b ea       	ldi	r18, 0xAB	; 171
    2fa2:	3a ea       	ldi	r19, 0xAA	; 170
    2fa4:	4a ea       	ldi	r20, 0xAA	; 170
    2fa6:	50 e4       	ldi	r21, 0x40	; 64
    2fa8:	0e 94 1f 02 	call	0x43e	; 0x43e <__mulsf3>
    2fac:	dc 01       	movw	r26, r24
    2fae:	cb 01       	movw	r24, r22
    2fb0:	89 8b       	std	Y+17, r24	; 0x11
    2fb2:	9a 8b       	std	Y+18, r25	; 0x12
    2fb4:	ab 8b       	std	Y+19, r26	; 0x13
    2fb6:	bc 8b       	std	Y+20, r27	; 0x14
	if (__tmp < 1.0)
    2fb8:	69 89       	ldd	r22, Y+17	; 0x11
    2fba:	7a 89       	ldd	r23, Y+18	; 0x12
    2fbc:	8b 89       	ldd	r24, Y+19	; 0x13
    2fbe:	9c 89       	ldd	r25, Y+20	; 0x14
    2fc0:	20 e0       	ldi	r18, 0x00	; 0
    2fc2:	30 e0       	ldi	r19, 0x00	; 0
    2fc4:	40 e8       	ldi	r20, 0x80	; 128
    2fc6:	5f e3       	ldi	r21, 0x3F	; 63
    2fc8:	0e 94 25 04 	call	0x84a	; 0x84a <__ltsf2>
    2fcc:	88 23       	and	r24, r24
    2fce:	1c f4       	brge	.+6      	; 0x2fd6 <Ultrasonic_Trigger+0x6c>
		__ticks = 1;
    2fd0:	81 e0       	ldi	r24, 0x01	; 1
    2fd2:	88 8b       	std	Y+16, r24	; 0x10
    2fd4:	91 c0       	rjmp	.+290    	; 0x30f8 <Ultrasonic_Trigger+0x18e>
	else if (__tmp > 255)
    2fd6:	69 89       	ldd	r22, Y+17	; 0x11
    2fd8:	7a 89       	ldd	r23, Y+18	; 0x12
    2fda:	8b 89       	ldd	r24, Y+19	; 0x13
    2fdc:	9c 89       	ldd	r25, Y+20	; 0x14
    2fde:	20 e0       	ldi	r18, 0x00	; 0
    2fe0:	30 e0       	ldi	r19, 0x00	; 0
    2fe2:	4f e7       	ldi	r20, 0x7F	; 127
    2fe4:	53 e4       	ldi	r21, 0x43	; 67
    2fe6:	0e 94 c5 03 	call	0x78a	; 0x78a <__gtsf2>
    2fea:	18 16       	cp	r1, r24
    2fec:	0c f0       	brlt	.+2      	; 0x2ff0 <Ultrasonic_Trigger+0x86>
    2fee:	7b c0       	rjmp	.+246    	; 0x30e6 <Ultrasonic_Trigger+0x17c>
	{
		_delay_ms(__us / 1000.0);
    2ff0:	6d 89       	ldd	r22, Y+21	; 0x15
    2ff2:	7e 89       	ldd	r23, Y+22	; 0x16
    2ff4:	8f 89       	ldd	r24, Y+23	; 0x17
    2ff6:	98 8d       	ldd	r25, Y+24	; 0x18
    2ff8:	20 e0       	ldi	r18, 0x00	; 0
    2ffa:	30 e0       	ldi	r19, 0x00	; 0
    2ffc:	4a e7       	ldi	r20, 0x7A	; 122
    2ffe:	54 e4       	ldi	r21, 0x44	; 68
    3000:	0e 94 19 03 	call	0x632	; 0x632 <__divsf3>
    3004:	dc 01       	movw	r26, r24
    3006:	cb 01       	movw	r24, r22
    3008:	8c 87       	std	Y+12, r24	; 0x0c
    300a:	9d 87       	std	Y+13, r25	; 0x0d
    300c:	ae 87       	std	Y+14, r26	; 0x0e
    300e:	bf 87       	std	Y+15, r27	; 0x0f
 */
void
_delay_ms(double __ms)
{
	uint16_t __ticks;
	double __tmp = ((F_CPU) / 4e3) * __ms;
    3010:	6c 85       	ldd	r22, Y+12	; 0x0c
    3012:	7d 85       	ldd	r23, Y+13	; 0x0d
    3014:	8e 85       	ldd	r24, Y+14	; 0x0e
    3016:	9f 85       	ldd	r25, Y+15	; 0x0f
    3018:	20 e0       	ldi	r18, 0x00	; 0
    301a:	30 e0       	ldi	r19, 0x00	; 0
    301c:	4a e7       	ldi	r20, 0x7A	; 122
    301e:	55 e4       	ldi	r21, 0x45	; 69
    3020:	0e 94 1f 02 	call	0x43e	; 0x43e <__mulsf3>
    3024:	dc 01       	movw	r26, r24
    3026:	cb 01       	movw	r24, r22
    3028:	88 87       	std	Y+8, r24	; 0x08
    302a:	99 87       	std	Y+9, r25	; 0x09
    302c:	aa 87       	std	Y+10, r26	; 0x0a
    302e:	bb 87       	std	Y+11, r27	; 0x0b
	if (__tmp < 1.0)
    3030:	68 85       	ldd	r22, Y+8	; 0x08
    3032:	79 85       	ldd	r23, Y+9	; 0x09
    3034:	8a 85       	ldd	r24, Y+10	; 0x0a
    3036:	9b 85       	ldd	r25, Y+11	; 0x0b
    3038:	20 e0       	ldi	r18, 0x00	; 0
    303a:	30 e0       	ldi	r19, 0x00	; 0
    303c:	40 e8       	ldi	r20, 0x80	; 128
    303e:	5f e3       	ldi	r21, 0x3F	; 63
    3040:	0e 94 25 04 	call	0x84a	; 0x84a <__ltsf2>
    3044:	88 23       	and	r24, r24
    3046:	2c f4       	brge	.+10     	; 0x3052 <Ultrasonic_Trigger+0xe8>
		__ticks = 1;
    3048:	81 e0       	ldi	r24, 0x01	; 1
    304a:	90 e0       	ldi	r25, 0x00	; 0
    304c:	9f 83       	std	Y+7, r25	; 0x07
    304e:	8e 83       	std	Y+6, r24	; 0x06
    3050:	3f c0       	rjmp	.+126    	; 0x30d0 <Ultrasonic_Trigger+0x166>
	else if (__tmp > 65535)
    3052:	68 85       	ldd	r22, Y+8	; 0x08
    3054:	79 85       	ldd	r23, Y+9	; 0x09
    3056:	8a 85       	ldd	r24, Y+10	; 0x0a
    3058:	9b 85       	ldd	r25, Y+11	; 0x0b
    305a:	20 e0       	ldi	r18, 0x00	; 0
    305c:	3f ef       	ldi	r19, 0xFF	; 255
    305e:	4f e7       	ldi	r20, 0x7F	; 127
    3060:	57 e4       	ldi	r21, 0x47	; 71
    3062:	0e 94 c5 03 	call	0x78a	; 0x78a <__gtsf2>
    3066:	18 16       	cp	r1, r24
    3068:	4c f5       	brge	.+82     	; 0x30bc <Ultrasonic_Trigger+0x152>
	{
		//	__ticks = requested delay in 1/10 ms
		__ticks = (uint16_t) (__ms * 10.0);
    306a:	6c 85       	ldd	r22, Y+12	; 0x0c
    306c:	7d 85       	ldd	r23, Y+13	; 0x0d
    306e:	8e 85       	ldd	r24, Y+14	; 0x0e
    3070:	9f 85       	ldd	r25, Y+15	; 0x0f
    3072:	20 e0       	ldi	r18, 0x00	; 0
    3074:	30 e0       	ldi	r19, 0x00	; 0
    3076:	40 e2       	ldi	r20, 0x20	; 32
    3078:	51 e4       	ldi	r21, 0x41	; 65
    307a:	0e 94 1f 02 	call	0x43e	; 0x43e <__mulsf3>
    307e:	dc 01       	movw	r26, r24
    3080:	cb 01       	movw	r24, r22
    3082:	bc 01       	movw	r22, r24
    3084:	cd 01       	movw	r24, r26
    3086:	0e 94 49 00 	call	0x92	; 0x92 <__fixunssfsi>
    308a:	dc 01       	movw	r26, r24
    308c:	cb 01       	movw	r24, r22
    308e:	9f 83       	std	Y+7, r25	; 0x07
    3090:	8e 83       	std	Y+6, r24	; 0x06
    3092:	0f c0       	rjmp	.+30     	; 0x30b2 <Ultrasonic_Trigger+0x148>
    3094:	80 e9       	ldi	r24, 0x90	; 144
    3096:	91 e0       	ldi	r25, 0x01	; 1
    3098:	9d 83       	std	Y+5, r25	; 0x05
    309a:	8c 83       	std	Y+4, r24	; 0x04
    309c:	8c 81       	ldd	r24, Y+4	; 0x04
    309e:	9d 81       	ldd	r25, Y+5	; 0x05
    30a0:	01 97       	sbiw	r24, 0x01	; 1
    30a2:	f1 f7       	brne	.-4      	; 0x30a0 <Ultrasonic_Trigger+0x136>
    30a4:	9d 83       	std	Y+5, r25	; 0x05
    30a6:	8c 83       	std	Y+4, r24	; 0x04
		while(__ticks)
		{
			// wait 1/10 ms
			_delay_loop_2(((F_CPU) / 4e3) / 10);
			__ticks --;
    30a8:	8e 81       	ldd	r24, Y+6	; 0x06
    30aa:	9f 81       	ldd	r25, Y+7	; 0x07
    30ac:	01 97       	sbiw	r24, 0x01	; 1
    30ae:	9f 83       	std	Y+7, r25	; 0x07
    30b0:	8e 83       	std	Y+6, r24	; 0x06
		__ticks = 1;
	else if (__tmp > 65535)
	{
		//	__ticks = requested delay in 1/10 ms
		__ticks = (uint16_t) (__ms * 10.0);
		while(__ticks)
    30b2:	8e 81       	ldd	r24, Y+6	; 0x06
    30b4:	9f 81       	ldd	r25, Y+7	; 0x07
    30b6:	00 97       	sbiw	r24, 0x00	; 0
    30b8:	69 f7       	brne	.-38     	; 0x3094 <Ultrasonic_Trigger+0x12a>
    30ba:	24 c0       	rjmp	.+72     	; 0x3104 <Ultrasonic_Trigger+0x19a>
			__ticks --;
		}
		return;
	}
	else
		__ticks = (uint16_t)__tmp;
    30bc:	68 85       	ldd	r22, Y+8	; 0x08
    30be:	79 85       	ldd	r23, Y+9	; 0x09
    30c0:	8a 85       	ldd	r24, Y+10	; 0x0a
    30c2:	9b 85       	ldd	r25, Y+11	; 0x0b
    30c4:	0e 94 49 00 	call	0x92	; 0x92 <__fixunssfsi>
    30c8:	dc 01       	movw	r26, r24
    30ca:	cb 01       	movw	r24, r22
    30cc:	9f 83       	std	Y+7, r25	; 0x07
    30ce:	8e 83       	std	Y+6, r24	; 0x06
    30d0:	8e 81       	ldd	r24, Y+6	; 0x06
    30d2:	9f 81       	ldd	r25, Y+7	; 0x07
    30d4:	9b 83       	std	Y+3, r25	; 0x03
    30d6:	8a 83       	std	Y+2, r24	; 0x02
    30d8:	8a 81       	ldd	r24, Y+2	; 0x02
    30da:	9b 81       	ldd	r25, Y+3	; 0x03
    30dc:	01 97       	sbiw	r24, 0x01	; 1
    30de:	f1 f7       	brne	.-4      	; 0x30dc <Ultrasonic_Trigger+0x172>
    30e0:	9b 83       	std	Y+3, r25	; 0x03
    30e2:	8a 83       	std	Y+2, r24	; 0x02
    30e4:	0f c0       	rjmp	.+30     	; 0x3104 <Ultrasonic_Trigger+0x19a>
	{
		_delay_ms(__us / 1000.0);
		return;
	}
	else
		__ticks = (uint8_t)__tmp;
    30e6:	69 89       	ldd	r22, Y+17	; 0x11
    30e8:	7a 89       	ldd	r23, Y+18	; 0x12
    30ea:	8b 89       	ldd	r24, Y+19	; 0x13
    30ec:	9c 89       	ldd	r25, Y+20	; 0x14
    30ee:	0e 94 49 00 	call	0x92	; 0x92 <__fixunssfsi>
    30f2:	dc 01       	movw	r26, r24
    30f4:	cb 01       	movw	r24, r22
    30f6:	88 8b       	std	Y+16, r24	; 0x10
    30f8:	88 89       	ldd	r24, Y+16	; 0x10
    30fa:	89 83       	std	Y+1, r24	; 0x01
    can be achieved.
*/
void
_delay_loop_1(uint8_t __count)
{
	__asm__ volatile (
    30fc:	89 81       	ldd	r24, Y+1	; 0x01
    30fe:	8a 95       	dec	r24
    3100:	f1 f7       	brne	.-4      	; 0x30fe <Ultrasonic_Trigger+0x194>
    3102:	89 83       	std	Y+1, r24	; 0x01
	_delay_us(10);
	GPIO_writePin(ULTRASONIC_TRIGGER_PORT_ID, ULTRASONIC_TRIGGER_PIN_ID, LOGIC_LOW);
    3104:	83 e0       	ldi	r24, 0x03	; 3
    3106:	67 e0       	ldi	r22, 0x07	; 7
    3108:	40 e0       	ldi	r20, 0x00	; 0
    310a:	0e 94 c8 09 	call	0x1390	; 0x1390 <GPIO_writePin>
}
    310e:	68 96       	adiw	r28, 0x18	; 24
    3110:	0f b6       	in	r0, 0x3f	; 63
    3112:	f8 94       	cli
    3114:	de bf       	out	0x3e, r29	; 62
    3116:	0f be       	out	0x3f, r0	; 63
    3118:	cd bf       	out	0x3d, r28	; 61
    311a:	cf 91       	pop	r28
    311c:	df 91       	pop	r29
    311e:	08 95       	ret

00003120 <Ultrasonic_readDistance>:
 * function.
 * Start the measurement process via the ICU driver.
 * The measured distance are in Centimeters
 */
uint16 Ultrasonic_readDistance(void)
{
    3120:	df 93       	push	r29
    3122:	cf 93       	push	r28
    3124:	cd b7       	in	r28, 0x3d	; 61
    3126:	de b7       	in	r29, 0x3e	; 62
    3128:	2e 97       	sbiw	r28, 0x0e	; 14
    312a:	0f b6       	in	r0, 0x3f	; 63
    312c:	f8 94       	cli
    312e:	de bf       	out	0x3e, r29	; 62
    3130:	0f be       	out	0x3f, r0	; 63
    3132:	cd bf       	out	0x3d, r28	; 61
	/*Sends trigger*/
	Ultrasonic_Trigger();
    3134:	0e 94 b5 17 	call	0x2f6a	; 0x2f6a <Ultrasonic_Trigger>
    3138:	80 e0       	ldi	r24, 0x00	; 0
    313a:	90 e0       	ldi	r25, 0x00	; 0
    313c:	a0 ef       	ldi	r26, 0xF0	; 240
    313e:	b1 e4       	ldi	r27, 0x41	; 65
    3140:	8b 87       	std	Y+11, r24	; 0x0b
    3142:	9c 87       	std	Y+12, r25	; 0x0c
    3144:	ad 87       	std	Y+13, r26	; 0x0d
    3146:	be 87       	std	Y+14, r27	; 0x0e
 */
void
_delay_ms(double __ms)
{
	uint16_t __ticks;
	double __tmp = ((F_CPU) / 4e3) * __ms;
    3148:	6b 85       	ldd	r22, Y+11	; 0x0b
    314a:	7c 85       	ldd	r23, Y+12	; 0x0c
    314c:	8d 85       	ldd	r24, Y+13	; 0x0d
    314e:	9e 85       	ldd	r25, Y+14	; 0x0e
    3150:	20 e0       	ldi	r18, 0x00	; 0
    3152:	30 e0       	ldi	r19, 0x00	; 0
    3154:	4a e7       	ldi	r20, 0x7A	; 122
    3156:	55 e4       	ldi	r21, 0x45	; 69
    3158:	0e 94 1f 02 	call	0x43e	; 0x43e <__mulsf3>
    315c:	dc 01       	movw	r26, r24
    315e:	cb 01       	movw	r24, r22
    3160:	8f 83       	std	Y+7, r24	; 0x07
    3162:	98 87       	std	Y+8, r25	; 0x08
    3164:	a9 87       	std	Y+9, r26	; 0x09
    3166:	ba 87       	std	Y+10, r27	; 0x0a
	if (__tmp < 1.0)
    3168:	6f 81       	ldd	r22, Y+7	; 0x07
    316a:	78 85       	ldd	r23, Y+8	; 0x08
    316c:	89 85       	ldd	r24, Y+9	; 0x09
    316e:	9a 85       	ldd	r25, Y+10	; 0x0a
    3170:	20 e0       	ldi	r18, 0x00	; 0
    3172:	30 e0       	ldi	r19, 0x00	; 0
    3174:	40 e8       	ldi	r20, 0x80	; 128
    3176:	5f e3       	ldi	r21, 0x3F	; 63
    3178:	0e 94 25 04 	call	0x84a	; 0x84a <__ltsf2>
    317c:	88 23       	and	r24, r24
    317e:	2c f4       	brge	.+10     	; 0x318a <Ultrasonic_readDistance+0x6a>
		__ticks = 1;
    3180:	81 e0       	ldi	r24, 0x01	; 1
    3182:	90 e0       	ldi	r25, 0x00	; 0
    3184:	9e 83       	std	Y+6, r25	; 0x06
    3186:	8d 83       	std	Y+5, r24	; 0x05
    3188:	3f c0       	rjmp	.+126    	; 0x3208 <Ultrasonic_readDistance+0xe8>
	else if (__tmp > 65535)
    318a:	6f 81       	ldd	r22, Y+7	; 0x07
    318c:	78 85       	ldd	r23, Y+8	; 0x08
    318e:	89 85       	ldd	r24, Y+9	; 0x09
    3190:	9a 85       	ldd	r25, Y+10	; 0x0a
    3192:	20 e0       	ldi	r18, 0x00	; 0
    3194:	3f ef       	ldi	r19, 0xFF	; 255
    3196:	4f e7       	ldi	r20, 0x7F	; 127
    3198:	57 e4       	ldi	r21, 0x47	; 71
    319a:	0e 94 c5 03 	call	0x78a	; 0x78a <__gtsf2>
    319e:	18 16       	cp	r1, r24
    31a0:	4c f5       	brge	.+82     	; 0x31f4 <Ultrasonic_readDistance+0xd4>
	{
		//	__ticks = requested delay in 1/10 ms
		__ticks = (uint16_t) (__ms * 10.0);
    31a2:	6b 85       	ldd	r22, Y+11	; 0x0b
    31a4:	7c 85       	ldd	r23, Y+12	; 0x0c
    31a6:	8d 85       	ldd	r24, Y+13	; 0x0d
    31a8:	9e 85       	ldd	r25, Y+14	; 0x0e
    31aa:	20 e0       	ldi	r18, 0x00	; 0
    31ac:	30 e0       	ldi	r19, 0x00	; 0
    31ae:	40 e2       	ldi	r20, 0x20	; 32
    31b0:	51 e4       	ldi	r21, 0x41	; 65
    31b2:	0e 94 1f 02 	call	0x43e	; 0x43e <__mulsf3>
    31b6:	dc 01       	movw	r26, r24
    31b8:	cb 01       	movw	r24, r22
    31ba:	bc 01       	movw	r22, r24
    31bc:	cd 01       	movw	r24, r26
    31be:	0e 94 49 00 	call	0x92	; 0x92 <__fixunssfsi>
    31c2:	dc 01       	movw	r26, r24
    31c4:	cb 01       	movw	r24, r22
    31c6:	9e 83       	std	Y+6, r25	; 0x06
    31c8:	8d 83       	std	Y+5, r24	; 0x05
    31ca:	0f c0       	rjmp	.+30     	; 0x31ea <Ultrasonic_readDistance+0xca>
    31cc:	80 e9       	ldi	r24, 0x90	; 144
    31ce:	91 e0       	ldi	r25, 0x01	; 1
    31d0:	9c 83       	std	Y+4, r25	; 0x04
    31d2:	8b 83       	std	Y+3, r24	; 0x03
    milliseconds can be achieved.
 */
void
_delay_loop_2(uint16_t __count)
{
	__asm__ volatile (
    31d4:	8b 81       	ldd	r24, Y+3	; 0x03
    31d6:	9c 81       	ldd	r25, Y+4	; 0x04
    31d8:	01 97       	sbiw	r24, 0x01	; 1
    31da:	f1 f7       	brne	.-4      	; 0x31d8 <Ultrasonic_readDistance+0xb8>
    31dc:	9c 83       	std	Y+4, r25	; 0x04
    31de:	8b 83       	std	Y+3, r24	; 0x03
		while(__ticks)
		{
			// wait 1/10 ms
			_delay_loop_2(((F_CPU) / 4e3) / 10);
			__ticks --;
    31e0:	8d 81       	ldd	r24, Y+5	; 0x05
    31e2:	9e 81       	ldd	r25, Y+6	; 0x06
    31e4:	01 97       	sbiw	r24, 0x01	; 1
    31e6:	9e 83       	std	Y+6, r25	; 0x06
    31e8:	8d 83       	std	Y+5, r24	; 0x05
		__ticks = 1;
	else if (__tmp > 65535)
	{
		//	__ticks = requested delay in 1/10 ms
		__ticks = (uint16_t) (__ms * 10.0);
		while(__ticks)
    31ea:	8d 81       	ldd	r24, Y+5	; 0x05
    31ec:	9e 81       	ldd	r25, Y+6	; 0x06
    31ee:	00 97       	sbiw	r24, 0x00	; 0
    31f0:	69 f7       	brne	.-38     	; 0x31cc <Ultrasonic_readDistance+0xac>
    31f2:	14 c0       	rjmp	.+40     	; 0x321c <Ultrasonic_readDistance+0xfc>
			__ticks --;
		}
		return;
	}
	else
		__ticks = (uint16_t)__tmp;
    31f4:	6f 81       	ldd	r22, Y+7	; 0x07
    31f6:	78 85       	ldd	r23, Y+8	; 0x08
    31f8:	89 85       	ldd	r24, Y+9	; 0x09
    31fa:	9a 85       	ldd	r25, Y+10	; 0x0a
    31fc:	0e 94 49 00 	call	0x92	; 0x92 <__fixunssfsi>
    3200:	dc 01       	movw	r26, r24
    3202:	cb 01       	movw	r24, r22
    3204:	9e 83       	std	Y+6, r25	; 0x06
    3206:	8d 83       	std	Y+5, r24	; 0x05
    3208:	8d 81       	ldd	r24, Y+5	; 0x05
    320a:	9e 81       	ldd	r25, Y+6	; 0x06
    320c:	9a 83       	std	Y+2, r25	; 0x02
    320e:	89 83       	std	Y+1, r24	; 0x01
    3210:	89 81       	ldd	r24, Y+1	; 0x01
    3212:	9a 81       	ldd	r25, Y+2	; 0x02
    3214:	01 97       	sbiw	r24, 0x01	; 1
    3216:	f1 f7       	brne	.-4      	; 0x3214 <Ultrasonic_readDistance+0xf4>
    3218:	9a 83       	std	Y+2, r25	; 0x02
    321a:	89 83       	std	Y+1, r24	; 0x01
	 * Calculate distance
	 * Rounding the distance value to the nearest integer
	 * Example: if distance = 11.2 -> 11.2 + 0.5 = 11.7 = 11
	 * 			if distance = 11.6 -> 11.6 + 0.5 = 12.1 = 12
	 */
	return (uint16)((float32)(timerValue/117.6) + 0.5);
    321c:	80 91 82 01 	lds	r24, 0x0182
    3220:	90 91 83 01 	lds	r25, 0x0183
    3224:	cc 01       	movw	r24, r24
    3226:	a0 e0       	ldi	r26, 0x00	; 0
    3228:	b0 e0       	ldi	r27, 0x00	; 0
    322a:	bc 01       	movw	r22, r24
    322c:	cd 01       	movw	r24, r26
    322e:	0e 94 a9 04 	call	0x952	; 0x952 <__floatunsisf>
    3232:	dc 01       	movw	r26, r24
    3234:	cb 01       	movw	r24, r22
    3236:	bc 01       	movw	r22, r24
    3238:	cd 01       	movw	r24, r26
    323a:	23 e3       	ldi	r18, 0x33	; 51
    323c:	33 e3       	ldi	r19, 0x33	; 51
    323e:	4b ee       	ldi	r20, 0xEB	; 235
    3240:	52 e4       	ldi	r21, 0x42	; 66
    3242:	0e 94 19 03 	call	0x632	; 0x632 <__divsf3>
    3246:	dc 01       	movw	r26, r24
    3248:	cb 01       	movw	r24, r22
    324a:	bc 01       	movw	r22, r24
    324c:	cd 01       	movw	r24, r26
    324e:	20 e0       	ldi	r18, 0x00	; 0
    3250:	30 e0       	ldi	r19, 0x00	; 0
    3252:	40 e0       	ldi	r20, 0x00	; 0
    3254:	5f e3       	ldi	r21, 0x3F	; 63
    3256:	0e 94 f2 01 	call	0x3e4	; 0x3e4 <__addsf3>
    325a:	dc 01       	movw	r26, r24
    325c:	cb 01       	movw	r24, r22
    325e:	bc 01       	movw	r22, r24
    3260:	cd 01       	movw	r24, r26
    3262:	0e 94 49 00 	call	0x92	; 0x92 <__fixunssfsi>
    3266:	dc 01       	movw	r26, r24
    3268:	cb 01       	movw	r24, r22

}
    326a:	2e 96       	adiw	r28, 0x0e	; 14
    326c:	0f b6       	in	r0, 0x3f	; 63
    326e:	f8 94       	cli
    3270:	de bf       	out	0x3e, r29	; 62
    3272:	0f be       	out	0x3f, r0	; 63
    3274:	cd bf       	out	0x3d, r28	; 61
    3276:	cf 91       	pop	r28
    3278:	df 91       	pop	r29
    327a:	08 95       	ret

0000327c <Ultrasonic_edgeProcessing>:
/*
 * Description:
 * Callback function for ICU – calculates the high time of Echo pulse
 */
void Ultrasonic_edgeProcessing(void)
{
    327c:	df 93       	push	r29
    327e:	cf 93       	push	r28
    3280:	cd b7       	in	r28, 0x3d	; 61
    3282:	de b7       	in	r29, 0x3e	; 62
	counter++;
    3284:	80 91 84 01 	lds	r24, 0x0184
    3288:	8f 5f       	subi	r24, 0xFF	; 255
    328a:	80 93 84 01 	sts	0x0184, r24
	if(counter == 1)
    328e:	80 91 84 01 	lds	r24, 0x0184
    3292:	81 30       	cpi	r24, 0x01	; 1
    3294:	31 f4       	brne	.+12     	; 0x32a2 <Ultrasonic_edgeProcessing+0x26>
	{
		/*
		 * Clearing Timer to Starts Counting until the next falling edge.
		 */
		ICU_clearTimerValue();
    3296:	0e 94 d3 0c 	call	0x19a6	; 0x19a6 <ICU_clearTimerValue>
		ICU_setEdgeDetectionType(FALLING);
    329a:	80 e0       	ldi	r24, 0x00	; 0
    329c:	0e 94 a9 0c 	call	0x1952	; 0x1952 <ICU_setEdgeDetectionType>
    32a0:	11 c0       	rjmp	.+34     	; 0x32c4 <Ultrasonic_edgeProcessing+0x48>
	}
	else if(counter == 2)
    32a2:	80 91 84 01 	lds	r24, 0x0184
    32a6:	82 30       	cpi	r24, 0x02	; 2
    32a8:	69 f4       	brne	.+26     	; 0x32c4 <Ultrasonic_edgeProcessing+0x48>
		 * 1- Registering the value of the ICU into a static global variable
		 * 2- Reseting The Timer
		 * 3- Reseting the Counter
		 * 4- Setting the edge back to rising edge
		 */
		timerValue = ICU_getInputCaptureValue();
    32aa:	0e 94 c8 0c 	call	0x1990	; 0x1990 <ICU_getInputCaptureValue>
    32ae:	90 93 83 01 	sts	0x0183, r25
    32b2:	80 93 82 01 	sts	0x0182, r24
		ICU_clearTimerValue();
    32b6:	0e 94 d3 0c 	call	0x19a6	; 0x19a6 <ICU_clearTimerValue>

		counter = 0;
    32ba:	10 92 84 01 	sts	0x0184, r1
		ICU_setEdgeDetectionType(RISING);
    32be:	81 e0       	ldi	r24, 0x01	; 1
    32c0:	0e 94 a9 0c 	call	0x1952	; 0x1952 <ICU_setEdgeDetectionType>
	}
}
    32c4:	cf 91       	pop	r28
    32c6:	df 91       	pop	r29
    32c8:	08 95       	ret

000032ca <__prologue_saves__>:
    32ca:	2f 92       	push	r2
    32cc:	3f 92       	push	r3
    32ce:	4f 92       	push	r4
    32d0:	5f 92       	push	r5
    32d2:	6f 92       	push	r6
    32d4:	7f 92       	push	r7
    32d6:	8f 92       	push	r8
    32d8:	9f 92       	push	r9
    32da:	af 92       	push	r10
    32dc:	bf 92       	push	r11
    32de:	cf 92       	push	r12
    32e0:	df 92       	push	r13
    32e2:	ef 92       	push	r14
    32e4:	ff 92       	push	r15
    32e6:	0f 93       	push	r16
    32e8:	1f 93       	push	r17
    32ea:	cf 93       	push	r28
    32ec:	df 93       	push	r29
    32ee:	cd b7       	in	r28, 0x3d	; 61
    32f0:	de b7       	in	r29, 0x3e	; 62
    32f2:	ca 1b       	sub	r28, r26
    32f4:	db 0b       	sbc	r29, r27
    32f6:	0f b6       	in	r0, 0x3f	; 63
    32f8:	f8 94       	cli
    32fa:	de bf       	out	0x3e, r29	; 62
    32fc:	0f be       	out	0x3f, r0	; 63
    32fe:	cd bf       	out	0x3d, r28	; 61
    3300:	09 94       	ijmp

00003302 <__epilogue_restores__>:
    3302:	2a 88       	ldd	r2, Y+18	; 0x12
    3304:	39 88       	ldd	r3, Y+17	; 0x11
    3306:	48 88       	ldd	r4, Y+16	; 0x10
    3308:	5f 84       	ldd	r5, Y+15	; 0x0f
    330a:	6e 84       	ldd	r6, Y+14	; 0x0e
    330c:	7d 84       	ldd	r7, Y+13	; 0x0d
    330e:	8c 84       	ldd	r8, Y+12	; 0x0c
    3310:	9b 84       	ldd	r9, Y+11	; 0x0b
    3312:	aa 84       	ldd	r10, Y+10	; 0x0a
    3314:	b9 84       	ldd	r11, Y+9	; 0x09
    3316:	c8 84       	ldd	r12, Y+8	; 0x08
    3318:	df 80       	ldd	r13, Y+7	; 0x07
    331a:	ee 80       	ldd	r14, Y+6	; 0x06
    331c:	fd 80       	ldd	r15, Y+5	; 0x05
    331e:	0c 81       	ldd	r16, Y+4	; 0x04
    3320:	1b 81       	ldd	r17, Y+3	; 0x03
    3322:	aa 81       	ldd	r26, Y+2	; 0x02
    3324:	b9 81       	ldd	r27, Y+1	; 0x01
    3326:	ce 0f       	add	r28, r30
    3328:	d1 1d       	adc	r29, r1
    332a:	0f b6       	in	r0, 0x3f	; 63
    332c:	f8 94       	cli
    332e:	de bf       	out	0x3e, r29	; 62
    3330:	0f be       	out	0x3f, r0	; 63
    3332:	cd bf       	out	0x3d, r28	; 61
    3334:	ed 01       	movw	r28, r26
    3336:	08 95       	ret

00003338 <itoa>:
    3338:	fb 01       	movw	r30, r22
    333a:	9f 01       	movw	r18, r30
    333c:	e8 94       	clt
    333e:	42 30       	cpi	r20, 0x02	; 2
    3340:	c4 f0       	brlt	.+48     	; 0x3372 <itoa+0x3a>
    3342:	45 32       	cpi	r20, 0x25	; 37
    3344:	b4 f4       	brge	.+44     	; 0x3372 <itoa+0x3a>
    3346:	4a 30       	cpi	r20, 0x0A	; 10
    3348:	29 f4       	brne	.+10     	; 0x3354 <itoa+0x1c>
    334a:	97 fb       	bst	r25, 7
    334c:	1e f4       	brtc	.+6      	; 0x3354 <itoa+0x1c>
    334e:	90 95       	com	r25
    3350:	81 95       	neg	r24
    3352:	9f 4f       	sbci	r25, 0xFF	; 255
    3354:	64 2f       	mov	r22, r20
    3356:	77 27       	eor	r23, r23
    3358:	0e 94 cd 19 	call	0x339a	; 0x339a <__udivmodhi4>
    335c:	80 5d       	subi	r24, 0xD0	; 208
    335e:	8a 33       	cpi	r24, 0x3A	; 58
    3360:	0c f0       	brlt	.+2      	; 0x3364 <itoa+0x2c>
    3362:	89 5d       	subi	r24, 0xD9	; 217
    3364:	81 93       	st	Z+, r24
    3366:	cb 01       	movw	r24, r22
    3368:	00 97       	sbiw	r24, 0x00	; 0
    336a:	a1 f7       	brne	.-24     	; 0x3354 <itoa+0x1c>
    336c:	16 f4       	brtc	.+4      	; 0x3372 <itoa+0x3a>
    336e:	5d e2       	ldi	r21, 0x2D	; 45
    3370:	51 93       	st	Z+, r21
    3372:	10 82       	st	Z, r1
    3374:	c9 01       	movw	r24, r18
    3376:	0c 94 bd 19 	jmp	0x337a	; 0x337a <strrev>

0000337a <strrev>:
    337a:	dc 01       	movw	r26, r24
    337c:	fc 01       	movw	r30, r24
    337e:	67 2f       	mov	r22, r23
    3380:	71 91       	ld	r23, Z+
    3382:	77 23       	and	r23, r23
    3384:	e1 f7       	brne	.-8      	; 0x337e <strrev+0x4>
    3386:	32 97       	sbiw	r30, 0x02	; 2
    3388:	04 c0       	rjmp	.+8      	; 0x3392 <strrev+0x18>
    338a:	7c 91       	ld	r23, X
    338c:	6d 93       	st	X+, r22
    338e:	70 83       	st	Z, r23
    3390:	62 91       	ld	r22, -Z
    3392:	ae 17       	cp	r26, r30
    3394:	bf 07       	cpc	r27, r31
    3396:	c8 f3       	brcs	.-14     	; 0x338a <strrev+0x10>
    3398:	08 95       	ret

0000339a <__udivmodhi4>:
    339a:	aa 1b       	sub	r26, r26
    339c:	bb 1b       	sub	r27, r27
    339e:	51 e1       	ldi	r21, 0x11	; 17
    33a0:	07 c0       	rjmp	.+14     	; 0x33b0 <__udivmodhi4_ep>

000033a2 <__udivmodhi4_loop>:
    33a2:	aa 1f       	adc	r26, r26
    33a4:	bb 1f       	adc	r27, r27
    33a6:	a6 17       	cp	r26, r22
    33a8:	b7 07       	cpc	r27, r23
    33aa:	10 f0       	brcs	.+4      	; 0x33b0 <__udivmodhi4_ep>
    33ac:	a6 1b       	sub	r26, r22
    33ae:	b7 0b       	sbc	r27, r23

000033b0 <__udivmodhi4_ep>:
    33b0:	88 1f       	adc	r24, r24
    33b2:	99 1f       	adc	r25, r25
    33b4:	5a 95       	dec	r21
    33b6:	a9 f7       	brne	.-22     	; 0x33a2 <__udivmodhi4_loop>
    33b8:	80 95       	com	r24
    33ba:	90 95       	com	r25
    33bc:	bc 01       	movw	r22, r24
    33be:	cd 01       	movw	r24, r26
    33c0:	08 95       	ret

000033c2 <_exit>:
    33c2:	f8 94       	cli

000033c4 <__stop_program>:
    33c4:	ff cf       	rjmp	.-2      	; 0x33c4 <__stop_program>
